{
"type": "FeatureCollection",
"name": "cairo_stores",
"crs": { "type": "name", "properties": { "name": "urn:ogc:def:crs:OGC:1.3:CRS84" } },
"features": [
{ "type": "Feature", "properties": { "name": "رويال", "shop_type": "supermarket" }, "geometry": { "type": "Point", "coordinates": [ 31.3151549, 30.0957232 ] } },
{ "type": "Feature", "properties": { "name": "الصواف", "shop_type": "supermarket" }, "geometry": { "type": "Point", "coordinates": [ 31.3432586, 30.0658856 ] } },
{ "type": "Feature", "properties": { "name": "الأنوار المحمدية", "shop_type": "supermarket" }, "geometry": { "type": "Point", "coordinates": [ 31.3431175, 30.0659015 ] } },
{ "type": "Feature", "properties": { "name": "أسواق العائلة الجديد", "shop_type": "supermarket" }, "geometry": { "type": "Point", "coordinates": [ 31.3458324, 30.0599128 ] } },
{ "type": "Feature", "properties": { "name": null, "shop_type": "supermarket" }, "geometry": { "type": "Point", "coordinates": [ 31.3333303, 30.0655308 ] } },
{ "type": "Feature", "properties": { "name": "بنده سوبرماركت", "shop_type": "supermarket" }, "geometry": { "type": "Point", "coordinates": [ 31.2471377, 29.9616925 ] } },
{ "type": "Feature", "properties": { "name": "سعودي", "shop_type": "supermarket" }, "geometry": { "type": "Point", "coordinates": [ 31.2734349, 29.9605873 ] } },
{ "type": "Feature", "properties": { "name": "امارات مصر", "shop_type": "convenience" }, "geometry": { "type": "Point", "coordinates": [ 31.3086651, 29.9861994 ] } },
{ "type": "Feature", "properties": { "name": "مترو", "shop_type": "supermarket" }, "geometry": { "type": "Point", "coordinates": [ 31.4248829, 30.0040855 ] } },
{ "type": "Feature", "properties": { "name": "مترو", "shop_type": "supermarket" }, "geometry": { "type": "Point", "coordinates": [ 31.2249473, 30.0135469 ] } },
{ "type": "Feature", "properties": { "name": "خير زمان", "shop_type": "supermarket" }, "geometry": { "type": "Point", "coordinates": [ 31.2252987, 30.0183211 ] } },
{ "type": "Feature", "properties": { "name": "The Grocer", "shop_type": "convenience" }, "geometry": { "type": "Point", "coordinates": [ 31.2710091, 29.9590894 ] } },
{ "type": "Feature", "properties": { "name": "سوبرماركت السعودى", "shop_type": "supermarket" }, "geometry": { "type": "Point", "coordinates": [ 31.421225, 30.0034948 ] } },
{ "type": "Feature", "properties": { "name": "سكم", "shop_type": "convenience" }, "geometry": { "type": "Point", "coordinates": [ 31.3378785, 30.0832311 ] } },
{ "type": "Feature", "properties": { "name": null, "shop_type": "supermarket" }, "geometry": { "type": "Point", "coordinates": [ 31.2746348, 30.0560685 ] } },
{ "type": "Feature", "properties": { "name": "ألفا ماركت", "shop_type": "supermarket" }, "geometry": { "type": "Point", "coordinates": [ 31.3125821, 30.0890215 ] } },
{ "type": "Feature", "properties": { "name": null, "shop_type": "convenience" }, "geometry": { "type": "Point", "coordinates": [ 31.3972934, 30.11187 ] } },
{ "type": "Feature", "properties": { "name": "رجب و أولاده", "shop_type": "supermarket" }, "geometry": { "type": "Point", "coordinates": [ 31.3975525, 30.1192616 ] } },
{ "type": "Feature", "properties": { "name": "اولاد غانم", "shop_type": "supermarket" }, "geometry": { "type": "Point", "coordinates": [ 31.3370786, 30.0825829 ] } },
{ "type": "Feature", "properties": { "name": "بيج بوس", "shop_type": "supermarket" }, "geometry": { "type": "Point", "coordinates": [ 31.3378096, 30.0830661 ] } },
{ "type": "Feature", "properties": { "name": "زكي و أولاده", "shop_type": "supermarket" }, "geometry": { "type": "Point", "coordinates": [ 31.3379653, 30.0823558 ] } },
{ "type": "Feature", "properties": { "name": "اولاد رجب", "shop_type": "supermarket" }, "geometry": { "type": "Point", "coordinates": [ 31.3348173, 30.0873098 ] } },
{ "type": "Feature", "properties": { "name": "جمجوم", "shop_type": "supermarket" }, "geometry": { "type": "Point", "coordinates": [ 31.3344529, 30.0829812 ] } },
{ "type": "Feature", "properties": { "name": "Masoud Market", "shop_type": "convenience" }, "geometry": { "type": "Point", "coordinates": [ 31.259462, 29.958922 ] } },
{ "type": "Feature", "properties": { "name": "Gourmet", "shop_type": "supermarket" }, "geometry": { "type": "Point", "coordinates": [ 31.2602269, 29.9587355 ] } },
{ "type": "Feature", "properties": { "name": "Gourmet", "shop_type": "convenience" }, "geometry": { "type": "Point", "coordinates": [ 31.4071502, 29.9971327 ] } },
{ "type": "Feature", "properties": { "name": "ABA Supermarket", "shop_type": "supermarket" }, "geometry": { "type": "Point", "coordinates": [ 31.349487, 30.0657653 ] } },
{ "type": "Feature", "properties": { "name": null, "shop_type": "supermarket" }, "geometry": { "type": "Point", "coordinates": [ 31.3135823, 29.9787749 ] } },
{ "type": "Feature", "properties": { "name": null, "shop_type": "supermarket" }, "geometry": { "type": "Point", "coordinates": [ 31.3131451, 29.9839767 ] } },
{ "type": "Feature", "properties": { "name": null, "shop_type": "supermarket" }, "geometry": { "type": "Point", "coordinates": [ 31.3121071, 29.9842183 ] } },
{ "type": "Feature", "properties": { "name": null, "shop_type": "supermarket" }, "geometry": { "type": "Point", "coordinates": [ 31.3121097, 29.9844088 ] } },
{ "type": "Feature", "properties": { "name": "Fawzy Market", "shop_type": "convenience" }, "geometry": { "type": "Point", "coordinates": [ 31.2625599, 29.9541776 ] } },
{ "type": "Feature", "properties": { "name": "Sindiana", "shop_type": "convenience" }, "geometry": { "type": "Point", "coordinates": [ 31.2688468, 29.9508832 ] } },
{ "type": "Feature", "properties": { "name": "New Market", "shop_type": "convenience" }, "geometry": { "type": "Point", "coordinates": [ 31.2595613, 29.9589978 ] } },
{ "type": "Feature", "properties": { "name": "نيو ماركت", "shop_type": "convenience" }, "geometry": { "type": "Point", "coordinates": [ 31.2654023, 29.9525389 ] } },
{ "type": "Feature", "properties": { "name": null, "shop_type": "convenience" }, "geometry": { "type": "Point", "coordinates": [ 31.2696993, 29.951408 ] } },
{ "type": "Feature", "properties": { "name": "Bonjour", "shop_type": "convenience" }, "geometry": { "type": "Point", "coordinates": [ 31.2758558, 29.961512 ] } },
{ "type": "Feature", "properties": { "name": "Trolley", "shop_type": "supermarket" }, "geometry": { "type": "Point", "coordinates": [ 31.2756056, 29.9619847 ] } },
{ "type": "Feature", "properties": { "name": "توتال", "shop_type": "convenience" }, "geometry": { "type": "Point", "coordinates": [ 31.28628, 29.9760624 ] } },
{ "type": "Feature", "properties": { "name": "كارفور", "shop_type": "supermarket" }, "geometry": { "type": "Point", "coordinates": [ 31.4134078, 30.0170821 ] } },
{ "type": "Feature", "properties": { "name": "الونش", "shop_type": "supermarket" }, "geometry": { "type": "Point", "coordinates": [ 31.3706064, 30.1242846 ] } },
{ "type": "Feature", "properties": { "name": "غانم و أولاده", "shop_type": "supermarket" }, "geometry": { "type": "Point", "coordinates": [ 31.3700072, 30.1240846 ] } },
{ "type": "Feature", "properties": { "name": "مزارع دينا", "shop_type": "supermarket" }, "geometry": { "type": "Point", "coordinates": [ 31.3695024, 30.122955 ] } },
{ "type": "Feature", "properties": { "name": "Carrefour", "shop_type": "supermarket" }, "geometry": { "type": "Point", "coordinates": [ 31.4070495, 30.0273587 ] } },
{ "type": "Feature", "properties": { "name": "El Gezera", "shop_type": "supermarket" }, "geometry": { "type": "Point", "coordinates": [ 31.2815718, 29.9737166 ] } },
{ "type": "Feature", "properties": { "name": "Game", "shop_type": "supermarket" }, "geometry": { "type": "Point", "coordinates": [ 31.2831814, 29.9760909 ] } },
{ "type": "Feature", "properties": { "name": "Carrefour", "shop_type": "supermarket" }, "geometry": { "type": "Point", "coordinates": [ 31.386874, 30.1028308 ] } },
{ "type": "Feature", "properties": { "name": "سوبر ماركت اولاد رجب", "shop_type": "supermarket" }, "geometry": { "type": "Point", "coordinates": [ 31.3255465, 30.1058262 ] } },
{ "type": "Feature", "properties": { "name": "On The Run أون ذا رن", "shop_type": "convenience" }, "geometry": { "type": "Point", "coordinates": [ 31.4307755, 30.071564 ] } },
{ "type": "Feature", "properties": { "name": "أويليبيا", "shop_type": "convenience" }, "geometry": { "type": "Point", "coordinates": [ 31.3753814, 29.8425689 ] } },
{ "type": "Feature", "properties": { "name": "7-Eleven", "shop_type": "convenience" }, "geometry": { "type": "Point", "coordinates": [ 31.4811991, 30.0250309 ] } },
{ "type": "Feature", "properties": { "name": "أولاد رجب", "shop_type": "supermarket" }, "geometry": { "type": "Point", "coordinates": [ 31.3217884, 30.012129 ] } },
{ "type": "Feature", "properties": { "name": "Ragab sons", "shop_type": "supermarket" }, "geometry": { "type": "Point", "coordinates": [ 31.3218403, 30.0121726 ] } },
{ "type": "Feature", "properties": { "name": "محطة وطنية", "shop_type": "convenience" }, "geometry": { "type": "Point", "coordinates": [ 31.4029883, 30.0512388 ] } },
{ "type": "Feature", "properties": { "name": "كارفور", "shop_type": "supermarket" }, "geometry": { "type": "Point", "coordinates": [ 31.2816945, 29.9293197 ] } },
{ "type": "Feature", "properties": { "name": "عمارة ابو السعود", "shop_type": "convenience" }, "geometry": { "type": "Point", "coordinates": [ 31.2527524, 29.9633871 ] } },
{ "type": "Feature", "properties": { "name": "الناظر", "shop_type": "convenience" }, "geometry": { "type": "Point", "coordinates": [ 31.3183874, 30.0122257 ] } },
{ "type": "Feature", "properties": { "name": "السوق التجارى بإسكان الشباب الجنوبية بالتجمع الأول", "shop_type": "supermarket" }, "geometry": { "type": "Point", "coordinates": [ 31.4594892, 30.0574485 ] } },
{ "type": "Feature", "properties": { "name": "أسواق البصيري", "shop_type": "supermarket" }, "geometry": { "type": "Point", "coordinates": [ 31.3603343, 29.832343 ] } },
{ "type": "Feature", "properties": { "name": "أسواق البصيري", "shop_type": "supermarket" }, "geometry": { "type": "Point", "coordinates": [ 31.3593487, 29.8323163 ] } },
{ "type": "Feature", "properties": { "name": "أولاد عيسى", "shop_type": "supermarket" }, "geometry": { "type": "Point", "coordinates": [ 31.35808, 29.8322652 ] } },
{ "type": "Feature", "properties": { "name": "البصيري ماركت", "shop_type": "supermarket" }, "geometry": { "type": "Point", "coordinates": [ 31.358397, 29.8331221 ] } },
{ "type": "Feature", "properties": { "name": "al batol", "shop_type": "supermarket" }, "geometry": { "type": "Point", "coordinates": [ 31.3155571, 30.1036622 ] } },
{ "type": "Feature", "properties": { "name": "Metro market", "shop_type": "supermarket" }, "geometry": { "type": "Point", "coordinates": [ 31.2488838, 29.9651535 ] } },
{ "type": "Feature", "properties": { "name": "دمشق", "shop_type": "supermarket" }, "geometry": { "type": "Point", "coordinates": [ 31.3103616, 30.0902081 ] } },
{ "type": "Feature", "properties": { "name": "AlTayp", "shop_type": "supermarket" }, "geometry": { "type": "Point", "coordinates": [ 31.3309706, 30.0495823 ] } },
{ "type": "Feature", "properties": { "name": "Family Market", "shop_type": "supermarket" }, "geometry": { "type": "Point", "coordinates": [ 31.3292982, 30.0493185 ] } },
{ "type": "Feature", "properties": { "name": "الحلواني للسيراميك", "shop_type": "convenience" }, "geometry": { "type": "Point", "coordinates": [ 31.3198031, 29.9930338 ] } },
{ "type": "Feature", "properties": { "name": "سوبر ماركت زيدان", "shop_type": "convenience" }, "geometry": { "type": "Point", "coordinates": [ 31.3183171, 29.9949024 ] } },
{ "type": "Feature", "properties": { "name": "سوبر ماركت الطاهرة", "shop_type": "supermarket" }, "geometry": { "type": "Point", "coordinates": [ 31.3110672, 30.0993931 ] } },
{ "type": "Feature", "properties": { "name": "لولو", "shop_type": "supermarket" }, "geometry": { "type": "Point", "coordinates": [ 31.4305619, 30.0531187 ] } },
{ "type": "Feature", "properties": { "name": "Saudi Market", "shop_type": "supermarket" }, "geometry": { "type": "Point", "coordinates": [ 31.3776692, 30.1032643 ] } },
{ "type": "Feature", "properties": { "name": "الرضا", "shop_type": "supermarket" }, "geometry": { "type": "Point", "coordinates": [ 31.2947745, 29.8924663 ] } },
{ "type": "Feature", "properties": { "name": "سوبرماركت السعيد", "shop_type": "supermarket" }, "geometry": { "type": "Point", "coordinates": [ 31.3347341, 30.094688 ] } },
{ "type": "Feature", "properties": { "name": "سوبرماركت جمجوم", "shop_type": "supermarket" }, "geometry": { "type": "Point", "coordinates": [ 31.334956, 30.0960696 ] } },
{ "type": "Feature", "properties": { "name": "مصنع دهب للملابس الداخلية", "shop_type": "convenience" }, "geometry": { "type": "Point", "coordinates": [ 31.2484424, 29.980681 ] } },
{ "type": "Feature", "properties": { "name": "مصنع دهب للملابس الداخلية", "shop_type": "convenience" }, "geometry": { "type": "Point", "coordinates": [ 31.2492723, 29.9852917 ] } },
{ "type": "Feature", "properties": { "name": "خير زمان سوبر ماركت", "shop_type": "supermarket" }, "geometry": { "type": "Point", "coordinates": [ 31.239479, 30.035707 ] } },
{ "type": "Feature", "properties": { "name": "الروبى", "shop_type": "supermarket" }, "geometry": { "type": "Point", "coordinates": [ 31.2246481, 30.0161879 ] } },
{ "type": "Feature", "properties": { "name": "مكتبة شادى", "shop_type": "supermarket" }, "geometry": { "type": "Point", "coordinates": [ 31.3454436, 30.1348179 ] } },
{ "type": "Feature", "properties": { "name": null, "shop_type": "convenience" }, "geometry": { "type": "Point", "coordinates": [ 31.3269713, 30.0832972 ] } },
{ "type": "Feature", "properties": { "name": null, "shop_type": "supermarket" }, "geometry": { "type": "Point", "coordinates": [ 31.3269889, 30.0826272 ] } },
{ "type": "Feature", "properties": { "name": "Family Market", "shop_type": "supermarket" }, "geometry": { "type": "Point", "coordinates": [ 31.328917, 30.0847775 ] } },
{ "type": "Feature", "properties": { "name": "Kiosk", "shop_type": "convenience" }, "geometry": { "type": "Point", "coordinates": [ 31.3277935, 30.0824596 ] } },
{ "type": "Feature", "properties": { "name": "عطر للعطور و العود", "shop_type": "convenience" }, "geometry": { "type": "Point", "coordinates": [ 31.3182142, 30.0731468 ] } },
{ "type": "Feature", "properties": { "name": "Lulu hypermarket", "shop_type": "supermarket" }, "geometry": { "type": "Point", "coordinates": [ 31.4303578, 30.0531139 ] } },
{ "type": "Feature", "properties": { "name": "بيم", "shop_type": "supermarket" }, "geometry": { "type": "Point", "coordinates": [ 31.3033471, 30.1244656 ] } },
{ "type": "Feature", "properties": { "name": "سوبر ماركت الباشا", "shop_type": "supermarket" }, "geometry": { "type": "Point", "coordinates": [ 31.2255132, 30.0211877 ] } },
{ "type": "Feature", "properties": { "name": "الصياد للملابس الاطفال", "shop_type": "convenience" }, "geometry": { "type": "Point", "coordinates": [ 31.369393, 30.1062684 ] } },
{ "type": "Feature", "properties": { "name": "سوبر ماركت البستان", "shop_type": "supermarket" }, "geometry": { "type": "Point", "coordinates": [ 31.327897, 30.0656438 ] } },
{ "type": "Feature", "properties": { "name": "سوبرماركت مرحبا", "shop_type": "supermarket" }, "geometry": { "type": "Point", "coordinates": [ 31.3752837, 30.0381041 ] } },
{ "type": "Feature", "properties": { "name": "كازيون ماركت", "shop_type": "supermarket" }, "geometry": { "type": "Point", "coordinates": [ 31.3564271, 30.0548692 ] } },
{ "type": "Feature", "properties": { "name": "مول احمد السلاب", "shop_type": "convenience" }, "geometry": { "type": "Point", "coordinates": [ 31.3244675, 30.0518197 ] } },
{ "type": "Feature", "properties": { "name": "كارفور ماركت", "shop_type": "supermarket" }, "geometry": { "type": "Point", "coordinates": [ 31.3298358, 30.0675325 ] } },
{ "type": "Feature", "properties": { "name": "الباشا ماركت", "shop_type": "supermarket" }, "geometry": { "type": "Point", "coordinates": [ 31.3185213, 30.1076635 ] } },
{ "type": "Feature", "properties": { "name": "Mobil Mart", "shop_type": "convenience" }, "geometry": { "type": "Point", "coordinates": [ 31.4318017, 30.0207799 ] } },
{ "type": "Feature", "properties": { "name": null, "shop_type": "supermarket" }, "geometry": { "type": "Point", "coordinates": [ 31.3647953, 30.0815694 ] } },
{ "type": "Feature", "properties": { "name": "كارفور", "shop_type": "supermarket" }, "geometry": { "type": "Point", "coordinates": [ 31.413322, 30.0169098 ] } },
{ "type": "Feature", "properties": { "name": "Spinneys", "shop_type": "supermarket" }, "geometry": { "type": "Point", "coordinates": [ 31.4254447, 30.0186833 ] } },
{ "type": "Feature", "properties": { "name": null, "shop_type": "supermarket" }, "geometry": { "type": "Point", "coordinates": [ 31.2550303, 30.0557808 ] } },
{ "type": "Feature", "properties": { "name": "مول البركة", "shop_type": "supermarket" }, "geometry": { "type": "Point", "coordinates": [ 31.467715, 30.0637843 ] } },
{ "type": "Feature", "properties": { "name": null, "shop_type": "convenience" }, "geometry": { "type": "Point", "coordinates": [ 31.3357424, 30.0431287 ] } },
{ "type": "Feature", "properties": { "name": null, "shop_type": "convenience" }, "geometry": { "type": "Point", "coordinates": [ 31.3372596, 30.0891137 ] } },
{ "type": "Feature", "properties": { "name": null, "shop_type": "convenience" }, "geometry": { "type": "Point", "coordinates": [ 31.3201768, 30.0763107 ] } },
{ "type": "Feature", "properties": { "name": null, "shop_type": "convenience" }, "geometry": { "type": "Point", "coordinates": [ 31.3311542, 30.0939428 ] } },
{ "type": "Feature", "properties": { "name": "7mart", "shop_type": "convenience" }, "geometry": { "type": "Point", "coordinates": [ 31.3383841, 30.0893646 ] } },
{ "type": "Feature", "properties": { "name": null, "shop_type": "convenience" }, "geometry": { "type": "Point", "coordinates": [ 31.3198274, 30.0761022 ] } },
{ "type": "Feature", "properties": { "name": "Commissary", "shop_type": "supermarket" }, "geometry": { "type": "Point", "coordinates": [ 31.3180282, 29.9595974 ] } },
{ "type": "Feature", "properties": { "name": null, "shop_type": "convenience" }, "geometry": { "type": "Point", "coordinates": [ 31.232042, 30.0510282 ] } },
{ "type": "Feature", "properties": { "name": "الحبش", "shop_type": "supermarket" }, "geometry": { "type": "Point", "coordinates": [ 31.556903, 30.1666563 ] } },
{ "type": "Feature", "properties": { "name": "الحمد", "shop_type": "supermarket" }, "geometry": { "type": "Point", "coordinates": [ 31.5570738, 30.1653079 ] } },
{ "type": "Feature", "properties": { "name": "طيبه", "shop_type": "supermarket" }, "geometry": { "type": "Point", "coordinates": [ 31.5566395, 30.1652384 ] } },
{ "type": "Feature", "properties": { "name": "ماركيديا", "shop_type": "supermarket" }, "geometry": { "type": "Point", "coordinates": [ 31.5704099, 30.1644117 ] } },
{ "type": "Feature", "properties": { "name": "المصطفي", "shop_type": "supermarket" }, "geometry": { "type": "Point", "coordinates": [ 31.5707628, 30.1655179 ] } },
{ "type": "Feature", "properties": { "name": "مترو", "shop_type": "supermarket" }, "geometry": { "type": "Point", "coordinates": [ 31.5460364, 30.1608091 ] } },
{ "type": "Feature", "properties": { "name": "خير زمان", "shop_type": "supermarket" }, "geometry": { "type": "Point", "coordinates": [ 31.5458001, 30.1608862 ] } },
{ "type": "Feature", "properties": { "name": "كارفور", "shop_type": "supermarket" }, "geometry": { "type": "Point", "coordinates": [ 31.5459981, 30.1608992 ] } },
{ "type": "Feature", "properties": { "name": "منفذ بيع القوات المسلحه", "shop_type": "supermarket" }, "geometry": { "type": "Point", "coordinates": [ 31.5564251, 30.1648323 ] } },
{ "type": "Feature", "properties": { "name": "المحمدية", "shop_type": "supermarket" }, "geometry": { "type": "Point", "coordinates": [ 31.5564274, 30.1652128 ] } },
{ "type": "Feature", "properties": { "name": "المدينة المنورة", "shop_type": "supermarket" }, "geometry": { "type": "Point", "coordinates": [ 31.4535433, 30.0720728 ] } },
{ "type": "Feature", "properties": { "name": "خير زمان", "shop_type": "supermarket" }, "geometry": { "type": "Point", "coordinates": [ 31.4527014, 30.0718143 ] } },
{ "type": "Feature", "properties": { "name": "الباشا", "shop_type": "supermarket" }, "geometry": { "type": "Point", "coordinates": [ 31.4553511, 30.0713561 ] } },
{ "type": "Feature", "properties": { "name": "السعد", "shop_type": "supermarket" }, "geometry": { "type": "Point", "coordinates": [ 31.2638536, 29.9756739 ] } },
{ "type": "Feature", "properties": { "name": "كشك الاورمان", "shop_type": "supermarket" }, "geometry": { "type": "Point", "coordinates": [ 31.2651723, 29.980677 ] } },
{ "type": "Feature", "properties": { "name": "اسوق التوحيد", "shop_type": "supermarket" }, "geometry": { "type": "Point", "coordinates": [ 31.2606489, 29.9815174 ] } },
{ "type": "Feature", "properties": { "name": "الاحمدي", "shop_type": "supermarket" }, "geometry": { "type": "Point", "coordinates": [ 31.2640245, 29.974427 ] } },
{ "type": "Feature", "properties": { "name": "الصفوة", "shop_type": "supermarket" }, "geometry": { "type": "Point", "coordinates": [ 31.263637, 29.9773001 ] } },
{ "type": "Feature", "properties": { "name": "المومن", "shop_type": "supermarket" }, "geometry": { "type": "Point", "coordinates": [ 31.2637075, 29.9776823 ] } },
{ "type": "Feature", "properties": { "name": "احمد دياب", "shop_type": "supermarket" }, "geometry": { "type": "Point", "coordinates": [ 31.2651129, 29.9787338 ] } },
{ "type": "Feature", "properties": { "name": "الفارس", "shop_type": "supermarket" }, "geometry": { "type": "Point", "coordinates": [ 31.2634631, 29.9819862 ] } },
{ "type": "Feature", "properties": { "name": "طيبه", "shop_type": "supermarket" }, "geometry": { "type": "Point", "coordinates": [ 31.2589498, 29.9812268 ] } },
{ "type": "Feature", "properties": { "name": "عباد الرحمن", "shop_type": "supermarket" }, "geometry": { "type": "Point", "coordinates": [ 31.2581376, 29.9810743 ] } },
{ "type": "Feature", "properties": { "name": "احمد التلاوي", "shop_type": "supermarket" }, "geometry": { "type": "Point", "coordinates": [ 31.2650387, 29.9821882 ] } },
{ "type": "Feature", "properties": { "name": "المصطفي 2", "shop_type": "supermarket" }, "geometry": { "type": "Point", "coordinates": [ 31.2570842, 29.9802656 ] } },
{ "type": "Feature", "properties": { "name": "القوات المسلحة", "shop_type": "supermarket" }, "geometry": { "type": "Point", "coordinates": [ 31.3986205, 30.0502481 ] } },
{ "type": "Feature", "properties": { "name": "يارا", "shop_type": "supermarket" }, "geometry": { "type": "Point", "coordinates": [ 31.3982423, 30.0504686 ] } },
{ "type": "Feature", "properties": { "name": "اولاد رياض", "shop_type": "supermarket" }, "geometry": { "type": "Point", "coordinates": [ 31.3987579, 30.0497963 ] } },
{ "type": "Feature", "properties": { "name": "الهدي", "shop_type": "supermarket" }, "geometry": { "type": "Point", "coordinates": [ 31.399493, 30.0493774 ] } },
{ "type": "Feature", "properties": { "name": "كوتشي", "shop_type": "supermarket" }, "geometry": { "type": "Point", "coordinates": [ 31.3998704, 30.0457423 ] } },
{ "type": "Feature", "properties": { "name": "البركه", "shop_type": "supermarket" }, "geometry": { "type": "Point", "coordinates": [ 31.400012, 30.0464455 ] } },
{ "type": "Feature", "properties": { "name": "الاسره", "shop_type": "supermarket" }, "geometry": { "type": "Point", "coordinates": [ 31.399597, 30.0477806 ] } },
{ "type": "Feature", "properties": { "name": "هاني", "shop_type": "supermarket" }, "geometry": { "type": "Point", "coordinates": [ 31.3999132, 30.0476066 ] } },
{ "type": "Feature", "properties": { "name": "الحيايب", "shop_type": "supermarket" }, "geometry": { "type": "Point", "coordinates": [ 31.3977945, 30.0480369 ] } },
{ "type": "Feature", "properties": { "name": "الربيعي", "shop_type": "supermarket" }, "geometry": { "type": "Point", "coordinates": [ 31.3950929, 30.0449311 ] } },
{ "type": "Feature", "properties": { "name": "اولاد هارون", "shop_type": "supermarket" }, "geometry": { "type": "Point", "coordinates": [ 31.3911032, 30.0490638 ] } },
{ "type": "Feature", "properties": { "name": "الزهراء", "shop_type": "supermarket" }, "geometry": { "type": "Point", "coordinates": [ 31.3910127, 30.0493985 ] } },
{ "type": "Feature", "properties": { "name": "البرنس", "shop_type": "supermarket" }, "geometry": { "type": "Point", "coordinates": [ 31.3988753, 30.0386632 ] } },
{ "type": "Feature", "properties": { "name": "نجمة الزهراء", "shop_type": "supermarket" }, "geometry": { "type": "Point", "coordinates": [ 31.3962256, 30.0404367 ] } },
{ "type": "Feature", "properties": { "name": "ابو المعاطي", "shop_type": "supermarket" }, "geometry": { "type": "Point", "coordinates": [ 31.3893317, 30.0475056 ] } },
{ "type": "Feature", "properties": { "name": "اولاد حسين", "shop_type": "supermarket" }, "geometry": { "type": "Point", "coordinates": [ 31.3897552, 30.0461975 ] } },
{ "type": "Feature", "properties": { "name": "الزهراء", "shop_type": "supermarket" }, "geometry": { "type": "Point", "coordinates": [ 31.3958129, 30.045814 ] } },
{ "type": "Feature", "properties": { "name": "التحرير", "shop_type": "supermarket" }, "geometry": { "type": "Point", "coordinates": [ 31.398951, 30.0434377 ] } },
{ "type": "Feature", "properties": { "name": "ابو علي", "shop_type": "supermarket" }, "geometry": { "type": "Point", "coordinates": [ 31.3931842, 30.0487233 ] } },
{ "type": "Feature", "properties": { "name": "جابر", "shop_type": "supermarket" }, "geometry": { "type": "Point", "coordinates": [ 31.3949297, 30.0493787 ] } },
{ "type": "Feature", "properties": { "name": "اسواق فريش", "shop_type": "supermarket" }, "geometry": { "type": "Point", "coordinates": [ 31.3949655, 30.0474554 ] } },
{ "type": "Feature", "properties": { "name": "المهندس", "shop_type": "supermarket" }, "geometry": { "type": "Point", "coordinates": [ 31.3964427, 30.047951 ] } },
{ "type": "Feature", "properties": { "name": "الحرمين", "shop_type": "supermarket" }, "geometry": { "type": "Point", "coordinates": [ 31.3971514, 30.0480817 ] } },
{ "type": "Feature", "properties": { "name": "شه", "shop_type": "supermarket" }, "geometry": { "type": "Point", "coordinates": [ 31.3958197, 30.0451144 ] } },
{ "type": "Feature", "properties": { "name": "سلطان", "shop_type": "supermarket" }, "geometry": { "type": "Point", "coordinates": [ 31.3927683, 30.0469381 ] } },
{ "type": "Feature", "properties": { "name": "عباد الرحمن", "shop_type": "supermarket" }, "geometry": { "type": "Point", "coordinates": [ 31.3924089, 30.0468431 ] } },
{ "type": "Feature", "properties": { "name": "المروة", "shop_type": "supermarket" }, "geometry": { "type": "Point", "coordinates": [ 31.3917916, 30.0466347 ] } },
{ "type": "Feature", "properties": { "name": "اكسبرس", "shop_type": "supermarket" }, "geometry": { "type": "Point", "coordinates": [ 31.3976922, 30.0395506 ] } },
{ "type": "Feature", "properties": { "name": "الحمد", "shop_type": "supermarket" }, "geometry": { "type": "Point", "coordinates": [ 31.3974384, 30.0396121 ] } },
{ "type": "Feature", "properties": { "name": "تاج الدين", "shop_type": "supermarket" }, "geometry": { "type": "Point", "coordinates": [ 31.397773, 30.0405062 ] } },
{ "type": "Feature", "properties": { "name": "الحسيني", "shop_type": "supermarket" }, "geometry": { "type": "Point", "coordinates": [ 31.3968049, 30.0504506 ] } },
{ "type": "Feature", "properties": { "name": "الاسراء", "shop_type": "supermarket" }, "geometry": { "type": "Point", "coordinates": [ 31.3922995, 30.0497908 ] } },
{ "type": "Feature", "properties": { "name": "المصطفي", "shop_type": "supermarket" }, "geometry": { "type": "Point", "coordinates": [ 31.3889825, 30.048311 ] } },
{ "type": "Feature", "properties": { "name": "بركه", "shop_type": "supermarket" }, "geometry": { "type": "Point", "coordinates": [ 31.3901014, 30.0453346 ] } },
{ "type": "Feature", "properties": { "name": "مهاب", "shop_type": "supermarket" }, "geometry": { "type": "Point", "coordinates": [ 31.3963547, 30.0489468 ] } },
{ "type": "Feature", "properties": { "name": "تبارك", "shop_type": "supermarket" }, "geometry": { "type": "Point", "coordinates": [ 31.3974549, 30.0489448 ] } },
{ "type": "Feature", "properties": { "name": "الندي", "shop_type": "supermarket" }, "geometry": { "type": "Point", "coordinates": [ 31.3973488, 30.0421914 ] } },
{ "type": "Feature", "properties": { "name": "زهراء المدنيه", "shop_type": "supermarket" }, "geometry": { "type": "Point", "coordinates": [ 31.4006719, 30.0521658 ] } },
{ "type": "Feature", "properties": { "name": "الحوت", "shop_type": "supermarket" }, "geometry": { "type": "Point", "coordinates": [ 31.3975302, 30.0414412 ] } },
{ "type": "Feature", "properties": { "name": "الانوار المحمديه", "shop_type": "supermarket" }, "geometry": { "type": "Point", "coordinates": [ 31.3979884, 30.0413108 ] } },
{ "type": "Feature", "properties": { "name": "الحمزاوي", "shop_type": "supermarket" }, "geometry": { "type": "Point", "coordinates": [ 31.3840974, 30.050023 ] } },
{ "type": "Feature", "properties": { "name": "الرضا", "shop_type": "supermarket" }, "geometry": { "type": "Point", "coordinates": [ 31.390904, 30.0555813 ] } },
{ "type": "Feature", "properties": { "name": "المصريه", "shop_type": "supermarket" }, "geometry": { "type": "Point", "coordinates": [ 31.3958315, 30.0538597 ] } },
{ "type": "Feature", "properties": { "name": "صافي", "shop_type": "supermarket" }, "geometry": { "type": "Point", "coordinates": [ 31.3957911, 30.0530037 ] } },
{ "type": "Feature", "properties": { "name": "سمايل", "shop_type": "supermarket" }, "geometry": { "type": "Point", "coordinates": [ 31.3855225, 30.0489338 ] } },
{ "type": "Feature", "properties": { "name": "العالميه 2", "shop_type": "supermarket" }, "geometry": { "type": "Point", "coordinates": [ 31.3968025, 30.0430421 ] } },
{ "type": "Feature", "properties": { "name": "مقلة الشروق", "shop_type": "supermarket" }, "geometry": { "type": "Point", "coordinates": [ 31.6077458, 30.1619555 ] } },
{ "type": "Feature", "properties": { "name": "السوبر القديم", "shop_type": "supermarket" }, "geometry": { "type": "Point", "coordinates": [ 31.6081492, 30.1619518 ] } },
{ "type": "Feature", "properties": { "name": "الدكتور", "shop_type": "supermarket" }, "geometry": { "type": "Point", "coordinates": [ 31.6103705, 30.1612573 ] } },
{ "type": "Feature", "properties": { "name": "السندباد", "shop_type": "supermarket" }, "geometry": { "type": "Point", "coordinates": [ 31.6158207, 30.1555159 ] } },
{ "type": "Feature", "properties": { "name": "عمر", "shop_type": "supermarket" }, "geometry": { "type": "Point", "coordinates": [ 31.610365, 30.1609787 ] } },
{ "type": "Feature", "properties": { "name": "الحمد", "shop_type": "supermarket" }, "geometry": { "type": "Point", "coordinates": [ 31.6097629, 30.1610803 ] } },
{ "type": "Feature", "properties": { "name": "العائلات", "shop_type": "supermarket" }, "geometry": { "type": "Point", "coordinates": [ 31.6036292, 30.1581518 ] } },
{ "type": "Feature", "properties": { "name": "جنه", "shop_type": "supermarket" }, "geometry": { "type": "Point", "coordinates": [ 31.6097181, 30.1565001 ] } },
{ "type": "Feature", "properties": { "name": "طيبه", "shop_type": "supermarket" }, "geometry": { "type": "Point", "coordinates": [ 31.6096999, 30.1563774 ] } },
{ "type": "Feature", "properties": { "name": "البركه", "shop_type": "supermarket" }, "geometry": { "type": "Point", "coordinates": [ 31.6093583, 30.1565678 ] } },
{ "type": "Feature", "properties": { "name": "المصطفي", "shop_type": "supermarket" }, "geometry": { "type": "Point", "coordinates": [ 31.6097601, 30.1561279 ] } },
{ "type": "Feature", "properties": { "name": "الجوهرة", "shop_type": "supermarket" }, "geometry": { "type": "Point", "coordinates": [ 31.6083013, 30.1549301 ] } },
{ "type": "Feature", "properties": { "name": "السماح", "shop_type": "supermarket" }, "geometry": { "type": "Point", "coordinates": [ 31.6038869, 30.1620777 ] } },
{ "type": "Feature", "properties": { "name": "الفرسان", "shop_type": "supermarket" }, "geometry": { "type": "Point", "coordinates": [ 31.6083407, 30.1557628 ] } },
{ "type": "Feature", "properties": { "name": "الاسرة السعيده", "shop_type": "supermarket" }, "geometry": { "type": "Point", "coordinates": [ 31.6126788, 30.1353453 ] } },
{ "type": "Feature", "properties": { "name": "الاوقاف", "shop_type": "supermarket" }, "geometry": { "type": "Point", "coordinates": [ 31.6911598, 30.1632994 ] } },
{ "type": "Feature", "properties": { "name": "ال عبدالرحمن", "shop_type": "supermarket" }, "geometry": { "type": "Point", "coordinates": [ 31.7297952, 30.1409752 ] } },
{ "type": "Feature", "properties": { "name": "مترو", "shop_type": "supermarket" }, "geometry": { "type": "Point", "coordinates": [ 31.6135023, 30.1367497 ] } },
{ "type": "Feature", "properties": { "name": "هايبر ماركت", "shop_type": "supermarket" }, "geometry": { "type": "Point", "coordinates": [ 31.7181646, 30.1388372 ] } },
{ "type": "Feature", "properties": { "name": "الياسمين 3", "shop_type": "supermarket" }, "geometry": { "type": "Point", "coordinates": [ 31.6985015, 30.1590735 ] } },
{ "type": "Feature", "properties": { "name": "الدكان", "shop_type": "supermarket" }, "geometry": { "type": "Point", "coordinates": [ 31.730456, 30.1383275 ] } },
{ "type": "Feature", "properties": { "name": "العمده", "shop_type": "supermarket" }, "geometry": { "type": "Point", "coordinates": [ 31.7297614, 30.141269 ] } },
{ "type": "Feature", "properties": { "name": "السروجي", "shop_type": "supermarket" }, "geometry": { "type": "Point", "coordinates": [ 31.6969631, 30.159351 ] } },
{ "type": "Feature", "properties": { "name": "النرجس", "shop_type": "supermarket" }, "geometry": { "type": "Point", "coordinates": [ 31.6950843, 30.1625565 ] } },
{ "type": "Feature", "properties": { "name": "الهدايه", "shop_type": "supermarket" }, "geometry": { "type": "Point", "coordinates": [ 31.7280866, 30.1437442 ] } },
{ "type": "Feature", "properties": { "name": "العمده", "shop_type": "supermarket" }, "geometry": { "type": "Point", "coordinates": [ 31.7177255, 30.1355241 ] } },
{ "type": "Feature", "properties": { "name": "الشاعر", "shop_type": "supermarket" }, "geometry": { "type": "Point", "coordinates": [ 31.5546946, 30.1619962 ] } },
{ "type": "Feature", "properties": { "name": "حميدو", "shop_type": "supermarket" }, "geometry": { "type": "Point", "coordinates": [ 31.3933695, 30.0414787 ] } },
{ "type": "Feature", "properties": { "name": "الحمد", "shop_type": "supermarket" }, "geometry": { "type": "Point", "coordinates": [ 31.386627, 30.0471167 ] } },
{ "type": "Feature", "properties": { "name": "بطه", "shop_type": "supermarket" }, "geometry": { "type": "Point", "coordinates": [ 31.3876799, 30.0473374 ] } },
{ "type": "Feature", "properties": { "name": "الخليل", "shop_type": "supermarket" }, "geometry": { "type": "Point", "coordinates": [ 31.457179, 30.0704038 ] } },
{ "type": "Feature", "properties": { "name": "نور الهدي", "shop_type": "supermarket" }, "geometry": { "type": "Point", "coordinates": [ 31.4543536, 30.0704017 ] } },
{ "type": "Feature", "properties": { "name": "اسواق الرحاب", "shop_type": "supermarket" }, "geometry": { "type": "Point", "coordinates": [ 31.4612122, 30.0590664 ] } },
{ "type": "Feature", "properties": { "name": "الحمد", "shop_type": "supermarket" }, "geometry": { "type": "Point", "coordinates": [ 31.46026, 30.0613187 ] } },
{ "type": "Feature", "properties": { "name": "الشبراوي", "shop_type": "supermarket" }, "geometry": { "type": "Point", "coordinates": [ 31.3848715, 30.045265 ] } },
{ "type": "Feature", "properties": { "name": "زهراء المدينه", "shop_type": "supermarket" }, "geometry": { "type": "Point", "coordinates": [ 31.3977791, 30.0526883 ] } },
{ "type": "Feature", "properties": { "name": "التوحيد", "shop_type": "supermarket" }, "geometry": { "type": "Point", "coordinates": [ 31.4548768, 30.0704526 ] } },
{ "type": "Feature", "properties": { "name": "الاصدقاء", "shop_type": "supermarket" }, "geometry": { "type": "Point", "coordinates": [ 31.3839487, 30.0506062 ] } },
{ "type": "Feature", "properties": { "name": "مكه", "shop_type": "supermarket" }, "geometry": { "type": "Point", "coordinates": [ 31.4017083, 30.0495596 ] } },
{ "type": "Feature", "properties": { "name": "الغوال", "shop_type": "supermarket" }, "geometry": { "type": "Point", "coordinates": [ 31.3889205, 30.054113 ] } },
{ "type": "Feature", "properties": { "name": "البركه", "shop_type": "supermarket" }, "geometry": { "type": "Point", "coordinates": [ 31.4590923, 30.0546755 ] } },
{ "type": "Feature", "properties": { "name": "اولاد ابو القاسم", "shop_type": "supermarket" }, "geometry": { "type": "Point", "coordinates": [ 31.4593791, 30.0597873 ] } },
{ "type": "Feature", "properties": { "name": "سرجة التقوي", "shop_type": "supermarket" }, "geometry": { "type": "Point", "coordinates": [ 31.4548972, 30.0607027 ] } },
{ "type": "Feature", "properties": { "name": "اولاد رجب", "shop_type": "supermarket" }, "geometry": { "type": "Point", "coordinates": [ 31.4542049, 30.0610119 ] } },
{ "type": "Feature", "properties": { "name": "تبارك", "shop_type": "supermarket" }, "geometry": { "type": "Point", "coordinates": [ 31.4568434, 30.0680473 ] } },
{ "type": "Feature", "properties": { "name": "ارزاق", "shop_type": "supermarket" }, "geometry": { "type": "Point", "coordinates": [ 31.4594516, 30.0571977 ] } },
{ "type": "Feature", "properties": { "name": "ادم", "shop_type": "supermarket" }, "geometry": { "type": "Point", "coordinates": [ 31.4597096, 30.0546655 ] } },
{ "type": "Feature", "properties": { "name": "عبدالواحد البلكيمي", "shop_type": "supermarket" }, "geometry": { "type": "Point", "coordinates": [ 31.4547368, 30.0543187 ] } },
{ "type": "Feature", "properties": { "name": "العمده", "shop_type": "supermarket" }, "geometry": { "type": "Point", "coordinates": [ 31.4560711, 30.0546733 ] } },
{ "type": "Feature", "properties": { "name": "المدينه المنورة", "shop_type": "supermarket" }, "geometry": { "type": "Point", "coordinates": [ 31.4544563, 30.0569637 ] } },
{ "type": "Feature", "properties": { "name": "الايمان", "shop_type": "supermarket" }, "geometry": { "type": "Point", "coordinates": [ 31.4545149, 30.0568 ] } },
{ "type": "Feature", "properties": { "name": "النور", "shop_type": "supermarket" }, "geometry": { "type": "Point", "coordinates": [ 31.4557102, 30.0605722 ] } },
{ "type": "Feature", "properties": { "name": "المدينه المنورة", "shop_type": "supermarket" }, "geometry": { "type": "Point", "coordinates": [ 31.4541843, 30.0607384 ] } },
{ "type": "Feature", "properties": { "name": "الرحاب", "shop_type": "supermarket" }, "geometry": { "type": "Point", "coordinates": [ 31.4576269, 30.0715565 ] } },
{ "type": "Feature", "properties": { "name": "جولف", "shop_type": "supermarket" }, "geometry": { "type": "Point", "coordinates": [ 31.468028, 30.0640205 ] } },
{ "type": "Feature", "properties": { "name": "اولاد صقر", "shop_type": "supermarket" }, "geometry": { "type": "Point", "coordinates": [ 31.4605254, 30.0589572 ] } },
{ "type": "Feature", "properties": { "name": "اون لاين", "shop_type": "supermarket" }, "geometry": { "type": "Point", "coordinates": [ 31.4686098, 30.063704 ] } },
{ "type": "Feature", "properties": { "name": "عباد الرحمن", "shop_type": "supermarket" }, "geometry": { "type": "Point", "coordinates": [ 31.4574221, 30.0638226 ] } },
{ "type": "Feature", "properties": { "name": "ميني كارفور", "shop_type": "supermarket" }, "geometry": { "type": "Point", "coordinates": [ 31.3970979, 29.9754083 ] } },
{ "type": "Feature", "properties": { "name": "السني", "shop_type": "supermarket" }, "geometry": { "type": "Point", "coordinates": [ 31.3970267, 29.9759142 ] } },
{ "type": "Feature", "properties": { "name": "الرحمه", "shop_type": "supermarket" }, "geometry": { "type": "Point", "coordinates": [ 31.4049398, 29.9759535 ] } },
{ "type": "Feature", "properties": { "name": "المنوفي", "shop_type": "supermarket" }, "geometry": { "type": "Point", "coordinates": [ 31.3970704, 29.9749221 ] } },
{ "type": "Feature", "properties": { "name": "الحرمين", "shop_type": "supermarket" }, "geometry": { "type": "Point", "coordinates": [ 31.3970449, 29.9752639 ] } },
{ "type": "Feature", "properties": { "name": "ابو كريم", "shop_type": "supermarket" }, "geometry": { "type": "Point", "coordinates": [ 31.3981036, 29.9778874 ] } },
{ "type": "Feature", "properties": { "name": "عبده و ادم", "shop_type": "supermarket" }, "geometry": { "type": "Point", "coordinates": [ 31.3982966, 29.9787272 ] } },
{ "type": "Feature", "properties": { "name": "نجمة المحموديه", "shop_type": "supermarket" }, "geometry": { "type": "Point", "coordinates": [ 31.3972542, 29.9775046 ] } },
{ "type": "Feature", "properties": { "name": "سنابل الخير", "shop_type": "supermarket" }, "geometry": { "type": "Point", "coordinates": [ 31.3986342, 29.9758983 ] } },
{ "type": "Feature", "properties": { "name": "اولاد نصار", "shop_type": "supermarket" }, "geometry": { "type": "Point", "coordinates": [ 31.3995853, 29.9777756 ] } },
{ "type": "Feature", "properties": { "name": "حسين المصري", "shop_type": "supermarket" }, "geometry": { "type": "Point", "coordinates": [ 31.4003026, 29.9780112 ] } },
{ "type": "Feature", "properties": { "name": "الحرمين", "shop_type": "supermarket" }, "geometry": { "type": "Point", "coordinates": [ 31.4067637, 29.9813377 ] } },
{ "type": "Feature", "properties": { "name": "الحمد", "shop_type": "supermarket" }, "geometry": { "type": "Point", "coordinates": [ 31.40701, 29.9815476 ] } },
{ "type": "Feature", "properties": { "name": "بسيوني", "shop_type": "supermarket" }, "geometry": { "type": "Point", "coordinates": [ 31.6964661, 30.1643742 ] } },
{ "type": "Feature", "properties": { "name": "ابو عبدالله", "shop_type": "supermarket" }, "geometry": { "type": "Point", "coordinates": [ 31.7031894, 30.1619864 ] } },
{ "type": "Feature", "properties": { "name": "الياسمين 1", "shop_type": "supermarket" }, "geometry": { "type": "Point", "coordinates": [ 31.7010196, 30.160699 ] } },
{ "type": "Feature", "properties": { "name": "ال البيت", "shop_type": "supermarket" }, "geometry": { "type": "Point", "coordinates": [ 31.7241263, 30.1432146 ] } },
{ "type": "Feature", "properties": { "name": "جمله", "shop_type": "supermarket" }, "geometry": { "type": "Point", "coordinates": [ 31.2426191, 30.0742315 ] } },
{ "type": "Feature", "properties": { "name": "Masria market", "shop_type": "convenience" }, "geometry": { "type": "Point", "coordinates": [ 31.2579551, 30.0559373 ] } },
{ "type": "Feature", "properties": { "name": "Carrefour Market", "shop_type": "supermarket" }, "geometry": { "type": "Point", "coordinates": [ 31.2779852, 29.9616591 ] } },
{ "type": "Feature", "properties": { "name": "الانوار المحمديه", "shop_type": "supermarket" }, "geometry": { "type": "Point", "coordinates": [ 31.3645719, 30.0543221 ] } },
{ "type": "Feature", "properties": { "name": "تبارك", "shop_type": "supermarket" }, "geometry": { "type": "Point", "coordinates": [ 31.36889, 30.0536738 ] } },
{ "type": "Feature", "properties": { "name": "Bazaar", "shop_type": "supermarket" }, "geometry": { "type": "Point", "coordinates": [ 31.2608844, 30.0479005 ] } },
{ "type": "Feature", "properties": { "name": "القاضى", "shop_type": "supermarket" }, "geometry": { "type": "Point", "coordinates": [ 31.4544952, 30.0686798 ] } },
{ "type": "Feature", "properties": { "name": "اولاد عبدالرحيم", "shop_type": "supermarket" }, "geometry": { "type": "Point", "coordinates": [ 31.3777455, 30.0409233 ] } },
{ "type": "Feature", "properties": { "name": "منفذ بيع القوات المسلحة", "shop_type": "supermarket" }, "geometry": { "type": "Point", "coordinates": [ 31.4093396, 30.1553137 ] } },
{ "type": "Feature", "properties": { "name": null, "shop_type": "convenience" }, "geometry": { "type": "Point", "coordinates": [ 31.3443967, 30.071372 ] } },
{ "type": "Feature", "properties": { "name": "Mercado de fabricantes de toldos", "shop_type": "supermarket" }, "geometry": { "type": "Point", "coordinates": [ 31.2577493, 30.0422163 ] } },
{ "type": "Feature", "properties": { "name": "Khan Al Khalili", "shop_type": "supermarket" }, "geometry": { "type": "Point", "coordinates": [ 31.2615078, 30.0477448 ] } },
{ "type": "Feature", "properties": { "name": "Bakro", "shop_type": "convenience" }, "geometry": { "type": "Point", "coordinates": [ 31.3818241, 30.0543015 ] } },
{ "type": "Feature", "properties": { "name": null, "shop_type": "supermarket" }, "geometry": { "type": "Point", "coordinates": [ 31.3420082, 30.0989824 ] } },
{ "type": "Feature", "properties": { "name": "oscar pet shop", "shop_type": "supermarket" }, "geometry": { "type": "Point", "coordinates": [ 31.3421666, 30.0989614 ] } },
{ "type": "Feature", "properties": { "name": null, "shop_type": "supermarket" }, "geometry": { "type": "Point", "coordinates": [ 31.6436635, 30.0794485 ] } },
{ "type": "Feature", "properties": { "name": null, "shop_type": "supermarket" }, "geometry": { "type": "Point", "coordinates": [ 31.344883, 30.1016654 ] } },
{ "type": "Feature", "properties": { "name": "Organic and More", "shop_type": "supermarket" }, "geometry": { "type": "Point", "coordinates": [ 31.4291958, 30.1522196 ] } },
{ "type": "Feature", "properties": { "name": "زمزم", "shop_type": "supermarket" }, "geometry": { "type": "Point", "coordinates": [ 31.3019387, 30.0632871 ] } },
{ "type": "Feature", "properties": { "name": "الرضا", "shop_type": "supermarket" }, "geometry": { "type": "Point", "coordinates": [ 31.3023041, 30.0633619 ] } },
{ "type": "Feature", "properties": { "name": "النور", "shop_type": "supermarket" }, "geometry": { "type": "Point", "coordinates": [ 31.3038866, 30.0621452 ] } },
{ "type": "Feature", "properties": { "name": "جمعيتى", "shop_type": "supermarket" }, "geometry": { "type": "Point", "coordinates": [ 31.3057826, 30.0613753 ] } },
{ "type": "Feature", "properties": { "name": "البان تاج الدين", "shop_type": "supermarket" }, "geometry": { "type": "Point", "coordinates": [ 31.3039793, 30.059198 ] } },
{ "type": "Feature", "properties": { "name": "احمد", "shop_type": "supermarket" }, "geometry": { "type": "Point", "coordinates": [ 31.3031184, 30.0590652 ] } },
{ "type": "Feature", "properties": { "name": "احمد", "shop_type": "supermarket" }, "geometry": { "type": "Point", "coordinates": [ 31.3020973, 30.0591621 ] } },
{ "type": "Feature", "properties": { "name": "المدينه", "shop_type": "supermarket" }, "geometry": { "type": "Point", "coordinates": [ 31.3031105, 30.0590717 ] } },
{ "type": "Feature", "properties": { "name": "الشيخ سامى", "shop_type": "supermarket" }, "geometry": { "type": "Point", "coordinates": [ 31.2979544, 30.0563491 ] } },
{ "type": "Feature", "properties": { "name": "أسواق الصديق", "shop_type": "supermarket" }, "geometry": { "type": "Point", "coordinates": [ 31.2970029, 30.056996 ] } },
{ "type": "Feature", "properties": { "name": "ابو طارق", "shop_type": "supermarket" }, "geometry": { "type": "Point", "coordinates": [ 31.2965302, 30.0566665 ] } },
{ "type": "Feature", "properties": { "name": "ك الرحمه", "shop_type": "supermarket" }, "geometry": { "type": "Point", "coordinates": [ 31.2950952, 30.0558542 ] } },
{ "type": "Feature", "properties": { "name": "ك فايف ستار", "shop_type": "supermarket" }, "geometry": { "type": "Point", "coordinates": [ 31.2931712, 30.0553821 ] } },
{ "type": "Feature", "properties": { "name": "ك احمد حسين كعبيش", "shop_type": "supermarket" }, "geometry": { "type": "Point", "coordinates": [ 31.2926643, 30.055351 ] } },
{ "type": "Feature", "properties": { "name": "ك فايف ستار", "shop_type": "supermarket" }, "geometry": { "type": "Point", "coordinates": [ 31.3024643, 30.058132 ] } },
{ "type": "Feature", "properties": { "name": "البان قنديل", "shop_type": "supermarket" }, "geometry": { "type": "Point", "coordinates": [ 31.3431696, 30.0886515 ] } },
{ "type": "Feature", "properties": { "name": "الصافورى", "shop_type": "supermarket" }, "geometry": { "type": "Point", "coordinates": [ 31.3422438, 30.0891568 ] } },
{ "type": "Feature", "properties": { "name": "عامر", "shop_type": "supermarket" }, "geometry": { "type": "Point", "coordinates": [ 31.3417842, 30.0897874 ] } },
{ "type": "Feature", "properties": { "name": "ك الحريه", "shop_type": "supermarket" }, "geometry": { "type": "Point", "coordinates": [ 31.3414198, 30.0876747 ] } },
{ "type": "Feature", "properties": { "name": "ك ابو بكر حسين", "shop_type": "supermarket" }, "geometry": { "type": "Point", "coordinates": [ 31.34493, 30.0901699 ] } },
{ "type": "Feature", "properties": { "name": "ك", "shop_type": "supermarket" }, "geometry": { "type": "Point", "coordinates": [ 31.3459936, 30.0879271 ] } },
{ "type": "Feature", "properties": { "name": "ك الجزيره", "shop_type": "supermarket" }, "geometry": { "type": "Point", "coordinates": [ 31.3410282, 30.0901574 ] } },
{ "type": "Feature", "properties": { "name": "كشك الله لا الله الا هو", "shop_type": "supermarket" }, "geometry": { "type": "Point", "coordinates": [ 31.3383188, 30.089255 ] } },
{ "type": "Feature", "properties": { "name": "الاخلاص", "shop_type": "supermarket" }, "geometry": { "type": "Point", "coordinates": [ 31.3372207, 30.0891642 ] } },
{ "type": "Feature", "properties": { "name": null, "shop_type": "supermarket" }, "geometry": { "type": "Point", "coordinates": [ 31.3363876, 30.088919 ] } },
{ "type": "Feature", "properties": { "name": "كشك المرغنى", "shop_type": "supermarket" }, "geometry": { "type": "Point", "coordinates": [ 31.3351278, 30.0868316 ] } },
{ "type": "Feature", "properties": { "name": "ك الصفا والمروه", "shop_type": "supermarket" }, "geometry": { "type": "Point", "coordinates": [ 31.3504666, 30.0883252 ] } },
{ "type": "Feature", "properties": { "name": "الفردوس", "shop_type": "supermarket" }, "geometry": { "type": "Point", "coordinates": [ 31.3308316, 30.1097737 ] } },
{ "type": "Feature", "properties": { "name": "المصطفى", "shop_type": "supermarket" }, "geometry": { "type": "Point", "coordinates": [ 31.3327763, 30.1086774 ] } },
{ "type": "Feature", "properties": { "name": "كشك", "shop_type": "supermarket" }, "geometry": { "type": "Point", "coordinates": [ 31.3354101, 30.0956548 ] } },
{ "type": "Feature", "properties": { "name": "كشك زهير عبد العاطى", "shop_type": "supermarket" }, "geometry": { "type": "Point", "coordinates": [ 31.3350852, 30.0964726 ] } },
{ "type": "Feature", "properties": { "name": "كشك", "shop_type": "supermarket" }, "geometry": { "type": "Point", "coordinates": [ 31.3247187, 30.0937988 ] } },
{ "type": "Feature", "properties": { "name": "المؤمن", "shop_type": "supermarket" }, "geometry": { "type": "Point", "coordinates": [ 31.3757152, 30.130235 ] } },
{ "type": "Feature", "properties": { "name": "كايرو ماركت", "shop_type": "supermarket" }, "geometry": { "type": "Point", "coordinates": [ 31.374627, 30.1300984 ] } },
{ "type": "Feature", "properties": { "name": "الصحابه", "shop_type": "supermarket" }, "geometry": { "type": "Point", "coordinates": [ 31.3885328, 30.1364391 ] } },
{ "type": "Feature", "properties": { "name": null, "shop_type": "supermarket" }, "geometry": { "type": "Point", "coordinates": [ 31.3885, 30.1355126 ] } },
{ "type": "Feature", "properties": { "name": "بنده", "shop_type": "supermarket" }, "geometry": { "type": "Point", "coordinates": [ 31.3021791, 30.0633182 ] } },
{ "type": "Feature", "properties": { "name": "الشريف", "shop_type": "supermarket" }, "geometry": { "type": "Point", "coordinates": [ 31.2916434, 30.0546285 ] } },
{ "type": "Feature", "properties": { "name": "محمصات النصر", "shop_type": "supermarket" }, "geometry": { "type": "Point", "coordinates": [ 31.3035004, 30.0586418 ] } },
{ "type": "Feature", "properties": { "name": "ك المقريزي", "shop_type": "supermarket" }, "geometry": { "type": "Point", "coordinates": [ 31.3024769, 30.0883668 ] } },
{ "type": "Feature", "properties": { "name": "ك ابو زيد", "shop_type": "supermarket" }, "geometry": { "type": "Point", "coordinates": [ 31.3215679, 30.097476 ] } },
{ "type": "Feature", "properties": { "name": "ك نجمة روكسي", "shop_type": "supermarket" }, "geometry": { "type": "Point", "coordinates": [ 31.3223947, 30.0980668 ] } },
{ "type": "Feature", "properties": { "name": "ثابت متركت", "shop_type": "supermarket" }, "geometry": { "type": "Point", "coordinates": [ 31.3429801, 30.0887673 ] } },
{ "type": "Feature", "properties": { "name": "ك نصر الاسلام", "shop_type": "supermarket" }, "geometry": { "type": "Point", "coordinates": [ 31.3423025, 30.0904892 ] } },
{ "type": "Feature", "properties": { "name": "ك نجمة المرغنى", "shop_type": "supermarket" }, "geometry": { "type": "Point", "coordinates": [ 31.3376619, 30.0888849 ] } },
{ "type": "Feature", "properties": { "name": "الجبلى", "shop_type": "supermarket" }, "geometry": { "type": "Point", "coordinates": [ 31.3463088, 30.1103423 ] } },
{ "type": "Feature", "properties": { "name": "كشك", "shop_type": "supermarket" }, "geometry": { "type": "Point", "coordinates": [ 31.3351818, 30.0953908 ] } },
{ "type": "Feature", "properties": { "name": "كشك", "shop_type": "supermarket" }, "geometry": { "type": "Point", "coordinates": [ 31.3243971, 30.0934212 ] } },
{ "type": "Feature", "properties": { "name": "دهب", "shop_type": "supermarket" }, "geometry": { "type": "Point", "coordinates": [ 31.3882884, 30.1364417 ] } },
{ "type": "Feature", "properties": { "name": "قشقوش", "shop_type": "supermarket" }, "geometry": { "type": "Point", "coordinates": [ 31.305744, 30.0614232 ] } },
{ "type": "Feature", "properties": { "name": "كشك", "shop_type": "supermarket" }, "geometry": { "type": "Point", "coordinates": [ 31.3020331, 30.0583192 ] } },
{ "type": "Feature", "properties": { "name": "سوبر ماركت عمارات الظباط", "shop_type": "supermarket" }, "geometry": { "type": "Point", "coordinates": [ 31.3012408, 30.0578969 ] } },
{ "type": "Feature", "properties": { "name": "ك عباد الرحمن", "shop_type": "supermarket" }, "geometry": { "type": "Point", "coordinates": [ 31.2988728, 30.056695 ] } },
{ "type": "Feature", "properties": { "name": "ابو عرفات", "shop_type": "supermarket" }, "geometry": { "type": "Point", "coordinates": [ 31.301445, 30.0611427 ] } },
{ "type": "Feature", "properties": { "name": "الحجاز إكسبرس", "shop_type": "supermarket" }, "geometry": { "type": "Point", "coordinates": [ 31.3203869, 30.0964065 ] } },
{ "type": "Feature", "properties": { "name": "المقلة الحديثه", "shop_type": "supermarket" }, "geometry": { "type": "Point", "coordinates": [ 31.3429042, 30.0888197 ] } },
{ "type": "Feature", "properties": { "name": "شمس", "shop_type": "supermarket" }, "geometry": { "type": "Point", "coordinates": [ 31.3372642, 30.0891055 ] } },
{ "type": "Feature", "properties": { "name": "مكه", "shop_type": "supermarket" }, "geometry": { "type": "Point", "coordinates": [ 31.3034993, 30.0590354 ] } },
{ "type": "Feature", "properties": { "name": "أسواق الحسن", "shop_type": "supermarket" }, "geometry": { "type": "Point", "coordinates": [ 31.3029801, 30.0592476 ] } },
{ "type": "Feature", "properties": { "name": "ك ان فتحنا لك فتحا مبينا", "shop_type": "supermarket" }, "geometry": { "type": "Point", "coordinates": [ 31.2929434, 30.0554726 ] } },
{ "type": "Feature", "properties": { "name": "ك احمد مجدى", "shop_type": "supermarket" }, "geometry": { "type": "Point", "coordinates": [ 31.3412591, 30.0900757 ] } },
{ "type": "Feature", "properties": { "name": "كشك ابو طه", "shop_type": "supermarket" }, "geometry": { "type": "Point", "coordinates": [ 31.2969082, 30.0582635 ] } },
{ "type": "Feature", "properties": { "name": "ك نجمة الماظه", "shop_type": "supermarket" }, "geometry": { "type": "Point", "coordinates": [ 31.3440155, 30.0886292 ] } },
{ "type": "Feature", "properties": { "name": "ك الموقف٢", "shop_type": "supermarket" }, "geometry": { "type": "Point", "coordinates": [ 31.3484992, 30.090079 ] } },
{ "type": "Feature", "properties": { "name": "ك مملكة الجبل", "shop_type": "supermarket" }, "geometry": { "type": "Point", "coordinates": [ 31.3398313, 30.0972019 ] } },
{ "type": "Feature", "properties": { "name": "نجمة سفير", "shop_type": "supermarket" }, "geometry": { "type": "Point", "coordinates": [ 31.3374236, 30.0972356 ] } },
{ "type": "Feature", "properties": { "name": "نجمة تريومف الجديده", "shop_type": "supermarket" }, "geometry": { "type": "Point", "coordinates": [ 31.3418442, 30.0995106 ] } },
{ "type": "Feature", "properties": { "name": "اولاد الحاج على حسن", "shop_type": "supermarket" }, "geometry": { "type": "Point", "coordinates": [ 31.343726, 30.1004193 ] } },
{ "type": "Feature", "properties": { "name": "ك العمده", "shop_type": "supermarket" }, "geometry": { "type": "Point", "coordinates": [ 31.3442659, 30.0890056 ] } },
{ "type": "Feature", "properties": { "name": "كشك سوبر جيت", "shop_type": "supermarket" }, "geometry": { "type": "Point", "coordinates": [ 31.2342636, 30.0509997 ] } },
{ "type": "Feature", "properties": { "name": "بقالة", "shop_type": "supermarket" }, "geometry": { "type": "Point", "coordinates": [ 31.2301976, 30.0756093 ] } },
{ "type": "Feature", "properties": { "name": "بقالة", "shop_type": "supermarket" }, "geometry": { "type": "Point", "coordinates": [ 31.2301394, 30.0754313 ] } },
{ "type": "Feature", "properties": { "name": "الحسيني ماركت", "shop_type": "supermarket" }, "geometry": { "type": "Point", "coordinates": [ 31.6577824, 30.0769866 ] } },
{ "type": "Feature", "properties": { "name": "كريم جمعة", "shop_type": "convenience" }, "geometry": { "type": "Point", "coordinates": [ 31.3109993, 29.9916912 ] } },
{ "type": "Feature", "properties": { "name": "ك المروه", "shop_type": "supermarket" }, "geometry": { "type": "Point", "coordinates": [ 31.3286745, 30.08018 ] } },
{ "type": "Feature", "properties": { "name": "ك الارزاق بالله", "shop_type": "supermarket" }, "geometry": { "type": "Point", "coordinates": [ 31.3439277, 30.0712093 ] } },
{ "type": "Feature", "properties": { "name": "ك مبروك", "shop_type": "supermarket" }, "geometry": { "type": "Point", "coordinates": [ 31.3323552, 30.080742 ] } },
{ "type": "Feature", "properties": { "name": "ك جلال", "shop_type": "supermarket" }, "geometry": { "type": "Point", "coordinates": [ 31.3347271, 30.0831 ] } },
{ "type": "Feature", "properties": { "name": "أسواق المدينه", "shop_type": "supermarket" }, "geometry": { "type": "Point", "coordinates": [ 31.335148, 30.0808839 ] } },
{ "type": "Feature", "properties": { "name": "المحبه", "shop_type": "supermarket" }, "geometry": { "type": "Point", "coordinates": [ 31.3283679, 30.0795554 ] } },
{ "type": "Feature", "properties": { "name": "أسواق الرحاب", "shop_type": "supermarket" }, "geometry": { "type": "Point", "coordinates": [ 31.4577482, 30.0715088 ] } },
{ "type": "Feature", "properties": { "name": "مترو اكسبرس", "shop_type": "supermarket" }, "geometry": { "type": "Point", "coordinates": [ 31.3433112, 30.0739016 ] } },
{ "type": "Feature", "properties": { "name": "الاسوانى", "shop_type": "supermarket" }, "geometry": { "type": "Point", "coordinates": [ 31.3337412, 30.0808785 ] } },
{ "type": "Feature", "properties": { "name": "صحافة الجولف", "shop_type": "supermarket" }, "geometry": { "type": "Point", "coordinates": [ 31.3335321, 30.0811278 ] } },
{ "type": "Feature", "properties": { "name": "ك برشلونه", "shop_type": "supermarket" }, "geometry": { "type": "Point", "coordinates": [ 31.3394727, 30.0821957 ] } },
{ "type": "Feature", "properties": { "name": "زيدان", "shop_type": "supermarket" }, "geometry": { "type": "Point", "coordinates": [ 31.3430482, 30.074371 ] } },
{ "type": "Feature", "properties": { "name": "ك زهرة الجولف", "shop_type": "supermarket" }, "geometry": { "type": "Point", "coordinates": [ 31.334496, 30.0811571 ] } },
{ "type": "Feature", "properties": { "name": "عمران ماركت", "shop_type": "supermarket" }, "geometry": { "type": "Point", "coordinates": [ 31.3347914, 30.0830576 ] } },
{ "type": "Feature", "properties": { "name": "أسواق البركه", "shop_type": "supermarket" }, "geometry": { "type": "Point", "coordinates": [ 31.3371029, 30.0810195 ] } },
{ "type": "Feature", "properties": { "name": "سوبرماركت الخليل", "shop_type": "supermarket" }, "geometry": { "type": "Point", "coordinates": [ 31.4570277, 30.0705766 ] } },
{ "type": "Feature", "properties": { "name": "مقلة الفيومى", "shop_type": "supermarket" }, "geometry": { "type": "Point", "coordinates": [ 31.2720728, 29.9852319 ] } },
{ "type": "Feature", "properties": { "name": "نجمة الهضبه", "shop_type": "supermarket" }, "geometry": { "type": "Point", "coordinates": [ 31.3180626, 29.9916736 ] } },
{ "type": "Feature", "properties": { "name": "مقلة ابو سته", "shop_type": "supermarket" }, "geometry": { "type": "Point", "coordinates": [ 31.2651085, 29.9792314 ] } },
{ "type": "Feature", "properties": { "name": "أسواق المهر", "shop_type": "supermarket" }, "geometry": { "type": "Point", "coordinates": [ 31.3030695, 30.0088327 ] } },
{ "type": "Feature", "properties": { "name": "المحمدى", "shop_type": "supermarket" }, "geometry": { "type": "Point", "coordinates": [ 31.3038506, 30.007562 ] } },
{ "type": "Feature", "properties": { "name": "إدارة المدينه المنورة", "shop_type": "supermarket" }, "geometry": { "type": "Point", "coordinates": [ 31.4558824, 30.0684091 ] } },
{ "type": "Feature", "properties": { "name": "محمصات النور", "shop_type": "supermarket" }, "geometry": { "type": "Point", "coordinates": [ 31.4551511, 30.0682014 ] } },
{ "type": "Feature", "properties": { "name": "يرجى التقوى", "shop_type": "supermarket" }, "geometry": { "type": "Point", "coordinates": [ 31.4548637, 30.0605116 ] } },
{ "type": "Feature", "properties": { "name": "الرحمه", "shop_type": "supermarket" }, "geometry": { "type": "Point", "coordinates": [ 31.455335, 30.060635 ] } },
{ "type": "Feature", "properties": { "name": "المدينه المنورة", "shop_type": "supermarket" }, "geometry": { "type": "Point", "coordinates": [ 31.4560792, 30.0605708 ] } },
{ "type": "Feature", "properties": { "name": "محمصات عباد الرحمن", "shop_type": "supermarket" }, "geometry": { "type": "Point", "coordinates": [ 31.4566601, 30.0604585 ] } },
{ "type": "Feature", "properties": { "name": "طيبه", "shop_type": "supermarket" }, "geometry": { "type": "Point", "coordinates": [ 31.452442, 30.0611873 ] } },
{ "type": "Feature", "properties": { "name": "ابو عبدالله", "shop_type": "supermarket" }, "geometry": { "type": "Point", "coordinates": [ 31.4538284, 30.0608995 ] } },
{ "type": "Feature", "properties": { "name": "المصرى", "shop_type": "supermarket" }, "geometry": { "type": "Point", "coordinates": [ 31.4583948, 30.0665588 ] } },
{ "type": "Feature", "properties": { "name": "مراعى سونستا", "shop_type": "supermarket" }, "geometry": { "type": "Point", "coordinates": [ 31.3029873, 30.008633 ] } },
{ "type": "Feature", "properties": { "name": "الطيبين", "shop_type": "supermarket" }, "geometry": { "type": "Point", "coordinates": [ 31.310279, 30.0069336 ] } },
{ "type": "Feature", "properties": { "name": "مقلة لؤلؤة التجمع", "shop_type": "supermarket" }, "geometry": { "type": "Point", "coordinates": [ 31.4563042, 30.0683656 ] } },
{ "type": "Feature", "properties": { "name": "إدارة اولاد شعيب", "shop_type": "supermarket" }, "geometry": { "type": "Point", "coordinates": [ 31.4552742, 30.0684869 ] } },
{ "type": "Feature", "properties": { "name": "ريم", "shop_type": "supermarket" }, "geometry": { "type": "Point", "coordinates": [ 31.4539474, 30.0683602 ] } },
{ "type": "Feature", "properties": { "name": "الفتح", "shop_type": "supermarket" }, "geometry": { "type": "Point", "coordinates": [ 31.4549405, 30.0682643 ] } },
{ "type": "Feature", "properties": { "name": "البان اولاد رمضان", "shop_type": "supermarket" }, "geometry": { "type": "Point", "coordinates": [ 31.4550601, 30.0682595 ] } },
{ "type": "Feature", "properties": { "name": "البركه", "shop_type": "supermarket" }, "geometry": { "type": "Point", "coordinates": [ 31.4550691, 30.0682156 ] } },
{ "type": "Feature", "properties": { "name": "سوريا ماركت", "shop_type": "supermarket" }, "geometry": { "type": "Point", "coordinates": [ 31.4552462, 30.0681817 ] } },
{ "type": "Feature", "properties": { "name": null, "shop_type": "supermarket" }, "geometry": { "type": "Point", "coordinates": [ 31.4556779, 30.0681026 ] } },
{ "type": "Feature", "properties": { "name": "النور", "shop_type": "supermarket" }, "geometry": { "type": "Point", "coordinates": [ 31.455706, 30.0606525 ] } },
{ "type": "Feature", "properties": { "name": "اولاد رجب", "shop_type": "supermarket" }, "geometry": { "type": "Point", "coordinates": [ 31.45427, 30.0609551 ] } },
{ "type": "Feature", "properties": { "name": "زمزم", "shop_type": "supermarket" }, "geometry": { "type": "Point", "coordinates": [ 31.4561126, 30.0641873 ] } },
{ "type": "Feature", "properties": { "name": "تبارك", "shop_type": "supermarket" }, "geometry": { "type": "Point", "coordinates": [ 31.4569097, 30.0680297 ] } },
{ "type": "Feature", "properties": { "name": "زهرة الشام", "shop_type": "supermarket" }, "geometry": { "type": "Point", "coordinates": [ 31.4600386, 30.0706062 ] } },
{ "type": "Feature", "properties": { "name": "سمسم", "shop_type": "supermarket" }, "geometry": { "type": "Point", "coordinates": [ 31.282452, 30.0148014 ] } },
{ "type": "Feature", "properties": { "name": "ابو علاء", "shop_type": "supermarket" }, "geometry": { "type": "Point", "coordinates": [ 31.3029529, 30.0085208 ] } },
{ "type": "Feature", "properties": { "name": "الامانه", "shop_type": "supermarket" }, "geometry": { "type": "Point", "coordinates": [ 31.3182664, 30.0038288 ] } },
{ "type": "Feature", "properties": { "name": "عطارة المدينه المنورة", "shop_type": "supermarket" }, "geometry": { "type": "Point", "coordinates": [ 31.4543171, 30.0606941 ] } },
{ "type": "Feature", "properties": { "name": "مكتبة الفتح", "shop_type": "supermarket" }, "geometry": { "type": "Point", "coordinates": [ 31.303038, 30.0087441 ] } },
{ "type": "Feature", "properties": { "name": "ابو محمد", "shop_type": "supermarket" }, "geometry": { "type": "Point", "coordinates": [ 31.4531049, 30.0613402 ] } },
{ "type": "Feature", "properties": { "name": "مكه", "shop_type": "supermarket" }, "geometry": { "type": "Point", "coordinates": [ 31.3154154, 30.007488 ] } },
{ "type": "Feature", "properties": { "name": "عطارة الشرقاوى", "shop_type": "supermarket" }, "geometry": { "type": "Point", "coordinates": [ 31.3164561, 30.0077225 ] } },
{ "type": "Feature", "properties": { "name": "كازيون", "shop_type": "supermarket" }, "geometry": { "type": "Point", "coordinates": [ 31.3202777, 30.1179138 ] } },
{ "type": "Feature", "properties": { "name": "سفير", "shop_type": "supermarket" }, "geometry": { "type": "Point", "coordinates": [ 31.3187478, 29.9942486 ] } },
{ "type": "Feature", "properties": { "name": "التوفير", "shop_type": "supermarket" }, "geometry": { "type": "Point", "coordinates": [ 31.318527, 29.9942619 ] } },
{ "type": "Feature", "properties": { "name": null, "shop_type": "convenience" }, "geometry": { "type": "Point", "coordinates": [ 31.2679569, 30.0483798 ] } },
{ "type": "Feature", "properties": { "name": "حلواني السماوي27", "shop_type": "supermarket" }, "geometry": { "type": "Point", "coordinates": [ 31.3856204, 29.8231303 ] } },
{ "type": "Feature", "properties": { "name": "Carrefour", "shop_type": "supermarket" }, "geometry": { "type": "Point", "coordinates": [ 31.6289791, 30.1067161 ] } },
{ "type": "Feature", "properties": { "name": "سوبر ماركت الطاهرة", "shop_type": "convenience" }, "geometry": { "type": "Point", "coordinates": [ 31.3095286, 29.8959662 ] } },
{ "type": "Feature", "properties": { "name": "الندى م", "shop_type": "supermarket" }, "geometry": { "type": "Point", "coordinates": [ 31.3452913, 30.0350677 ] } },
{ "type": "Feature", "properties": { "name": "الأقصى م", "shop_type": "supermarket" }, "geometry": { "type": "Point", "coordinates": [ 31.3431117, 30.0366884 ] } },
{ "type": "Feature", "properties": { "name": "كايرو ماركت", "shop_type": "supermarket" }, "geometry": { "type": "Point", "coordinates": [ 31.3430481, 30.0369862 ] } },
{ "type": "Feature", "properties": { "name": "التحرير م", "shop_type": "supermarket" }, "geometry": { "type": "Point", "coordinates": [ 31.3437477, 30.037001 ] } },
{ "type": "Feature", "properties": { "name": "اولاد بخيت", "shop_type": "supermarket" }, "geometry": { "type": "Point", "coordinates": [ 31.3416367, 30.0364818 ] } },
{ "type": "Feature", "properties": { "name": "مكه", "shop_type": "supermarket" }, "geometry": { "type": "Point", "coordinates": [ 31.3416289, 30.0361435 ] } },
{ "type": "Feature", "properties": { "name": "مقلة العوام", "shop_type": "supermarket" }, "geometry": { "type": "Point", "coordinates": [ 31.339013, 30.0377569 ] } },
{ "type": "Feature", "properties": { "name": "ك المنتصر بالله", "shop_type": "supermarket" }, "geometry": { "type": "Point", "coordinates": [ 31.3392736, 30.0378912 ] } },
{ "type": "Feature", "properties": { "name": "اولاد حسان", "shop_type": "supermarket" }, "geometry": { "type": "Point", "coordinates": [ 31.3394295, 30.0377866 ] } },
{ "type": "Feature", "properties": { "name": "البان الحصرى", "shop_type": "supermarket" }, "geometry": { "type": "Point", "coordinates": [ 31.3399575, 30.0378131 ] } },
{ "type": "Feature", "properties": { "name": "ارزاق", "shop_type": "supermarket" }, "geometry": { "type": "Point", "coordinates": [ 31.3403697, 30.0379308 ] } },
{ "type": "Feature", "properties": { "name": "الباشا", "shop_type": "supermarket" }, "geometry": { "type": "Point", "coordinates": [ 31.3406044, 30.0380333 ] } },
{ "type": "Feature", "properties": { "name": "ك بغدادى", "shop_type": "supermarket" }, "geometry": { "type": "Point", "coordinates": [ 31.3317978, 30.0396269 ] } },
{ "type": "Feature", "properties": { "name": "الاخوه", "shop_type": "supermarket" }, "geometry": { "type": "Point", "coordinates": [ 31.3359544, 30.037445 ] } },
{ "type": "Feature", "properties": { "name": "البنا", "shop_type": "supermarket" }, "geometry": { "type": "Point", "coordinates": [ 31.3373498, 30.0383027 ] } },
{ "type": "Feature", "properties": { "name": "اسواق البركه", "shop_type": "supermarket" }, "geometry": { "type": "Point", "coordinates": [ 31.3334778, 30.0378991 ] } },
{ "type": "Feature", "properties": { "name": "ك الحرية", "shop_type": "supermarket" }, "geometry": { "type": "Point", "coordinates": [ 31.3309714, 30.0407563 ] } },
{ "type": "Feature", "properties": { "name": "القدس", "shop_type": "supermarket" }, "geometry": { "type": "Point", "coordinates": [ 31.3314381, 30.0404561 ] } },
{ "type": "Feature", "properties": { "name": "مكتبة الاندلس", "shop_type": "supermarket" }, "geometry": { "type": "Point", "coordinates": [ 31.3337904, 30.0402914 ] } },
{ "type": "Feature", "properties": { "name": "ك جمعية احباء مصر", "shop_type": "supermarket" }, "geometry": { "type": "Point", "coordinates": [ 31.3344421, 30.0402057 ] } },
{ "type": "Feature", "properties": { "name": "عمر", "shop_type": "supermarket" }, "geometry": { "type": "Point", "coordinates": [ 31.3393479, 30.0359796 ] } },
{ "type": "Feature", "properties": { "name": "الوطنيه", "shop_type": "supermarket" }, "geometry": { "type": "Point", "coordinates": [ 31.33407, 30.0372085 ] } },
{ "type": "Feature", "properties": { "name": "البركه", "shop_type": "supermarket" }, "geometry": { "type": "Point", "coordinates": [ 31.3419549, 30.0368585 ] } },
{ "type": "Feature", "properties": { "name": "العالميه", "shop_type": "supermarket" }, "geometry": { "type": "Point", "coordinates": [ 31.3406033, 30.0360959 ] } },
{ "type": "Feature", "properties": { "name": "اسواق المدينه", "shop_type": "supermarket" }, "geometry": { "type": "Point", "coordinates": [ 31.3389284, 30.0361429 ] } },
{ "type": "Feature", "properties": { "name": "مكه المكرمه", "shop_type": "supermarket" }, "geometry": { "type": "Point", "coordinates": [ 31.3380061, 30.0361502 ] } },
{ "type": "Feature", "properties": { "name": "ك السفارات", "shop_type": "supermarket" }, "geometry": { "type": "Point", "coordinates": [ 31.3406622, 30.0380754 ] } },
{ "type": "Feature", "properties": { "name": "دكان", "shop_type": "supermarket" }, "geometry": { "type": "Point", "coordinates": [ 31.336346, 30.0382445 ] } },
{ "type": "Feature", "properties": { "name": "ك الحاج عبدالله", "shop_type": "supermarket" }, "geometry": { "type": "Point", "coordinates": [ 31.3312645, 30.0401347 ] } },
{ "type": "Feature", "properties": { "name": "كايرو ماركت", "shop_type": "supermarket" }, "geometry": { "type": "Point", "coordinates": [ 31.3311921, 30.0400859 ] } },
{ "type": "Feature", "properties": { "name": "اولاد بخيت", "shop_type": "supermarket" }, "geometry": { "type": "Point", "coordinates": [ 31.3423797, 30.0362681 ] } },
{ "type": "Feature", "properties": { "name": "هانى ماركت", "shop_type": "supermarket" }, "geometry": { "type": "Point", "coordinates": [ 31.3311046, 30.0404604 ] } },
{ "type": "Feature", "properties": { "name": "توب ماركت", "shop_type": "supermarket" }, "geometry": { "type": "Point", "coordinates": [ 31.3345179, 30.0396796 ] } },
{ "type": "Feature", "properties": { "name": "كنزى", "shop_type": "supermarket" }, "geometry": { "type": "Point", "coordinates": [ 31.3355377, 30.0373343 ] } },
{ "type": "Feature", "properties": { "name": "ك نجمة السفارات", "shop_type": "supermarket" }, "geometry": { "type": "Point", "coordinates": [ 31.3377825, 30.0376032 ] } },
{ "type": "Feature", "properties": { "name": "كشك ورزقكم في السماء وما توعدون", "shop_type": "supermarket" }, "geometry": { "type": "Point", "coordinates": [ 31.3305708, 30.0408077 ] } },
{ "type": "Feature", "properties": { "name": "نور على نور", "shop_type": "supermarket" }, "geometry": { "type": "Point", "coordinates": [ 31.3347114, 30.0388019 ] } },
{ "type": "Feature", "properties": { "name": "جملة حجاج", "shop_type": "supermarket" }, "geometry": { "type": "Point", "coordinates": [ 31.2677072, 30.0953852 ] } },
{ "type": "Feature", "properties": { "name": "اولاد عبدالكىيم للمواد الغذائية", "shop_type": "supermarket" }, "geometry": { "type": "Point", "coordinates": [ 31.266051, 30.0890917 ] } },
{ "type": "Feature", "properties": { "name": "جملة ابو حسين الدرملي", "shop_type": "supermarket" }, "geometry": { "type": "Point", "coordinates": [ 31.2627599, 30.0960806 ] } },
{ "type": "Feature", "properties": { "name": "اولاد الغرباوي", "shop_type": "supermarket" }, "geometry": { "type": "Point", "coordinates": [ 31.2700061, 30.094509 ] } },
{ "type": "Feature", "properties": { "name": "الامانه", "shop_type": "supermarket" }, "geometry": { "type": "Point", "coordinates": [ 31.3008353, 30.1091886 ] } },
{ "type": "Feature", "properties": { "name": "الباشا", "shop_type": "supermarket" }, "geometry": { "type": "Point", "coordinates": [ 31.30613, 30.1029332 ] } },
{ "type": "Feature", "properties": { "name": "Small Market", "shop_type": "supermarket" }, "geometry": { "type": "Point", "coordinates": [ 31.3135634, 29.9812339 ] } },
{ "type": "Feature", "properties": { "name": "Supermarché", "shop_type": "supermarket" }, "geometry": { "type": "Point", "coordinates": [ 31.3121243, 29.9818653 ] } },
{ "type": "Feature", "properties": { "name": "Small market", "shop_type": "supermarket" }, "geometry": { "type": "Point", "coordinates": [ 31.3149957, 29.9811444 ] } },
{ "type": "Feature", "properties": { "name": "الحسيني", "shop_type": "supermarket" }, "geometry": { "type": "Point", "coordinates": [ 31.3760812, 30.0654177 ] } },
{ "type": "Feature", "properties": { "name": "العامري", "shop_type": "supermarket" }, "geometry": { "type": "Point", "coordinates": [ 31.3746423, 30.0692871 ] } },
{ "type": "Feature", "properties": { "name": "الاخلاص", "shop_type": "supermarket" }, "geometry": { "type": "Point", "coordinates": [ 31.3769693, 30.0634878 ] } },
{ "type": "Feature", "properties": { "name": "ماركت ابو عاصم", "shop_type": "supermarket" }, "geometry": { "type": "Point", "coordinates": [ 31.4688959, 30.0470022 ] } },
{ "type": "Feature", "properties": { "name": "المقولان العرب دخلة الي محلات سوبر ماركت", "shop_type": "supermarket" }, "geometry": { "type": "Point", "coordinates": [ 31.2887394, 30.0516446 ] } },
{ "type": "Feature", "properties": { "name": "فاميلي ماركت", "shop_type": "supermarket" }, "geometry": { "type": "Point", "coordinates": [ 31.3986325, 29.9763069 ] } },
{ "type": "Feature", "properties": { "name": "القدس", "shop_type": "supermarket" }, "geometry": { "type": "Point", "coordinates": [ 31.4304179, 29.9956774 ] } },
{ "type": "Feature", "properties": { "name": "الحسيني", "shop_type": "supermarket" }, "geometry": { "type": "Point", "coordinates": [ 31.4288875, 29.9818021 ] } },
{ "type": "Feature", "properties": { "name": "الهدي", "shop_type": "supermarket" }, "geometry": { "type": "Point", "coordinates": [ 31.4346547, 30.0002857 ] } },
{ "type": "Feature", "properties": { "name": "عباد الرحمن", "shop_type": "supermarket" }, "geometry": { "type": "Point", "coordinates": [ 31.6205377, 30.1539543 ] } },
{ "type": "Feature", "properties": { "name": "ابو حسن", "shop_type": "supermarket" }, "geometry": { "type": "Point", "coordinates": [ 31.4326378, 29.977118 ] } },
{ "type": "Feature", "properties": { "name": "خير بلدنا", "shop_type": "supermarket" }, "geometry": { "type": "Point", "coordinates": [ 31.4330179, 29.9770675 ] } },
{ "type": "Feature", "properties": { "name": "ابو حسن الاسواني", "shop_type": "supermarket" }, "geometry": { "type": "Point", "coordinates": [ 31.4344696, 29.9758793 ] } },
{ "type": "Feature", "properties": { "name": "ماركت", "shop_type": "supermarket" }, "geometry": { "type": "Point", "coordinates": [ 31.4351779, 29.9755295 ] } },
{ "type": "Feature", "properties": { "name": "التقوي", "shop_type": "supermarket" }, "geometry": { "type": "Point", "coordinates": [ 31.4324808, 29.9755514 ] } },
{ "type": "Feature", "properties": { "name": "مركاتو", "shop_type": "supermarket" }, "geometry": { "type": "Point", "coordinates": [ 31.420392, 29.9991893 ] } },
{ "type": "Feature", "properties": { "name": "العائلة", "shop_type": "supermarket" }, "geometry": { "type": "Point", "coordinates": [ 31.409471, 29.9988859 ] } },
{ "type": "Feature", "properties": { "name": "فاتيما", "shop_type": "supermarket" }, "geometry": { "type": "Point", "coordinates": [ 31.4092731, 29.999521 ] } },
{ "type": "Feature", "properties": { "name": "جملة علاء", "shop_type": "supermarket" }, "geometry": { "type": "Point", "coordinates": [ 31.2494943, 30.0585718 ] } },
{ "type": "Feature", "properties": { "name": "جملة الحمد", "shop_type": "supermarket" }, "geometry": { "type": "Point", "coordinates": [ 31.249216, 30.0586912 ] } },
{ "type": "Feature", "properties": { "name": "شيري شوب", "shop_type": "supermarket" }, "geometry": { "type": "Point", "coordinates": [ 31.4168674, 30.0062017 ] } },
{ "type": "Feature", "properties": { "name": "ماركت", "shop_type": "supermarket" }, "geometry": { "type": "Point", "coordinates": [ 31.765892, 30.1579593 ] } },
{ "type": "Feature", "properties": { "name": "الرحاب ١١", "shop_type": "supermarket" }, "geometry": { "type": "Point", "coordinates": [ 31.6468963, 30.1697767 ] } },
{ "type": "Feature", "properties": { "name": "شركس", "shop_type": "supermarket" }, "geometry": { "type": "Point", "coordinates": [ 31.4423549, 30.0032428 ] } },
{ "type": "Feature", "properties": { "name": "ماركت", "shop_type": "supermarket" }, "geometry": { "type": "Point", "coordinates": [ 31.7667815, 30.1590627 ] } },
{ "type": "Feature", "properties": { "name": "زيادة", "shop_type": "supermarket" }, "geometry": { "type": "Point", "coordinates": [ 31.6477234, 30.168282 ] } },
{ "type": "Feature", "properties": { "name": "اسلام وكريم", "shop_type": "supermarket" }, "geometry": { "type": "Point", "coordinates": [ 31.6502673, 30.1679564 ] } },
{ "type": "Feature", "properties": { "name": "رياض الصالحين", "shop_type": "supermarket" }, "geometry": { "type": "Point", "coordinates": [ 31.651304, 30.1628797 ] } },
{ "type": "Feature", "properties": { "name": "الريحان", "shop_type": "supermarket" }, "geometry": { "type": "Point", "coordinates": [ 31.6487339, 30.1750631 ] } },
{ "type": "Feature", "properties": { "name": "نور", "shop_type": "supermarket" }, "geometry": { "type": "Point", "coordinates": [ 31.6409546, 30.1811063 ] } },
{ "type": "Feature", "properties": { "name": "طلعت", "shop_type": "supermarket" }, "geometry": { "type": "Point", "coordinates": [ 31.467447, 30.0622495 ] } },
{ "type": "Feature", "properties": { "name": "عزوز", "shop_type": "supermarket" }, "geometry": { "type": "Point", "coordinates": [ 31.3298501, 30.0069886 ] } },
{ "type": "Feature", "properties": { "name": "العسكري", "shop_type": "supermarket" }, "geometry": { "type": "Point", "coordinates": [ 31.2332903, 30.0775607 ] } },
{ "type": "Feature", "properties": { "name": "مول ٦٣", "shop_type": "supermarket" }, "geometry": { "type": "Point", "coordinates": [ 31.6581318, 30.1375011 ] } },
{ "type": "Feature", "properties": { "name": "ماركت الشباب", "shop_type": "supermarket" }, "geometry": { "type": "Point", "coordinates": [ 31.6559059, 30.151839 ] } },
{ "type": "Feature", "properties": { "name": "السروجي", "shop_type": "supermarket" }, "geometry": { "type": "Point", "coordinates": [ 31.6572171, 30.1470366 ] } },
{ "type": "Feature", "properties": { "name": "الشروق سيتي مول", "shop_type": "supermarket" }, "geometry": { "type": "Point", "coordinates": [ 31.66026, 30.1441116 ] } },
{ "type": "Feature", "properties": { "name": "فيوتشر مول", "shop_type": "supermarket" }, "geometry": { "type": "Point", "coordinates": [ 31.6605613, 30.1378317 ] } },
{ "type": "Feature", "properties": { "name": "ستار", "shop_type": "supermarket" }, "geometry": { "type": "Point", "coordinates": [ 31.4320329, 30.0126065 ] } },
{ "type": "Feature", "properties": { "name": "مول الكوثر", "shop_type": "supermarket" }, "geometry": { "type": "Point", "coordinates": [ 31.4338305, 30.012505 ] } },
{ "type": "Feature", "properties": { "name": "الرحبايه", "shop_type": "supermarket" }, "geometry": { "type": "Point", "coordinates": [ 31.4220261, 29.9935304 ] } },
{ "type": "Feature", "properties": { "name": "مكه", "shop_type": "supermarket" }, "geometry": { "type": "Point", "coordinates": [ 31.4794868, 30.0186221 ] } },
{ "type": "Feature", "properties": { "name": "لاروز", "shop_type": "supermarket" }, "geometry": { "type": "Point", "coordinates": [ 31.4980296, 30.0130068 ] } },
{ "type": "Feature", "properties": { "name": "العدوي", "shop_type": "supermarket" }, "geometry": { "type": "Point", "coordinates": [ 31.4859378, 30.0200025 ] } },
{ "type": "Feature", "properties": { "name": "ريم", "shop_type": "supermarket" }, "geometry": { "type": "Point", "coordinates": [ 31.7048716, 30.1294352 ] } },
{ "type": "Feature", "properties": { "name": "فاميلي ماركت", "shop_type": "supermarket" }, "geometry": { "type": "Point", "coordinates": [ 31.7136409, 30.1372328 ] } },
{ "type": "Feature", "properties": { "name": "ماركت", "shop_type": "supermarket" }, "geometry": { "type": "Point", "coordinates": [ 31.7094576, 30.1269296 ] } },
{ "type": "Feature", "properties": { "name": "اسواق الحمد", "shop_type": "supermarket" }, "geometry": { "type": "Point", "coordinates": [ 31.7077952, 30.1275815 ] } },
{ "type": "Feature", "properties": { "name": "هايبر المدينه المنورة", "shop_type": "supermarket" }, "geometry": { "type": "Point", "coordinates": [ 31.7033963, 30.1330025 ] } },
{ "type": "Feature", "properties": { "name": "صالح الاسواني", "shop_type": "supermarket" }, "geometry": { "type": "Point", "coordinates": [ 31.7020965, 30.1336979 ] } },
{ "type": "Feature", "properties": { "name": "عباد الرحمن", "shop_type": "supermarket" }, "geometry": { "type": "Point", "coordinates": [ 31.6966853, 30.1477474 ] } },
{ "type": "Feature", "properties": { "name": "الواحه", "shop_type": "supermarket" }, "geometry": { "type": "Point", "coordinates": [ 31.7198636, 30.1290157 ] } },
{ "type": "Feature", "properties": { "name": "ابو هاني", "shop_type": "supermarket" }, "geometry": { "type": "Point", "coordinates": [ 31.7196291, 30.1290467 ] } },
{ "type": "Feature", "properties": { "name": "الهدي", "shop_type": "supermarket" }, "geometry": { "type": "Point", "coordinates": [ 31.71991, 30.1298319 ] } },
{ "type": "Feature", "properties": { "name": "الباشا", "shop_type": "supermarket" }, "geometry": { "type": "Point", "coordinates": [ 31.4494479, 30.0544549 ] } },
{ "type": "Feature", "properties": { "name": "امان كلنا واحد", "shop_type": "supermarket" }, "geometry": { "type": "Point", "coordinates": [ 31.477154, 29.999492 ] } },
{ "type": "Feature", "properties": { "name": "العدوي", "shop_type": "supermarket" }, "geometry": { "type": "Point", "coordinates": [ 31.714161, 30.130236 ] } },
{ "type": "Feature", "properties": { "name": "ماركت", "shop_type": "supermarket" }, "geometry": { "type": "Point", "coordinates": [ 31.710184, 30.1267996 ] } },
{ "type": "Feature", "properties": { "name": "ابو علي", "shop_type": "supermarket" }, "geometry": { "type": "Point", "coordinates": [ 31.7064541, 30.1281156 ] } },
{ "type": "Feature", "properties": { "name": "الشرقاوي", "shop_type": "supermarket" }, "geometry": { "type": "Point", "coordinates": [ 31.4300033, 29.9825657 ] } },
{ "type": "Feature", "properties": { "name": "البركه", "shop_type": "supermarket" }, "geometry": { "type": "Point", "coordinates": [ 31.7206994, 30.1309566 ] } },
{ "type": "Feature", "properties": { "name": "المدينه المنورة", "shop_type": "supermarket" }, "geometry": { "type": "Point", "coordinates": [ 31.712792, 30.1323188 ] } },
{ "type": "Feature", "properties": { "name": "مول الجوهري", "shop_type": "supermarket" }, "geometry": { "type": "Point", "coordinates": [ 31.6450474, 30.1694137 ] } },
{ "type": "Feature", "properties": { "name": "الطاهر", "shop_type": "supermarket" }, "geometry": { "type": "Point", "coordinates": [ 31.4245176, 29.9854224 ] } },
{ "type": "Feature", "properties": { "name": "الاصدقاء", "shop_type": "supermarket" }, "geometry": { "type": "Point", "coordinates": [ 31.4205224, 29.9953396 ] } },
{ "type": "Feature", "properties": { "name": "ماركت", "shop_type": "supermarket" }, "geometry": { "type": "Point", "coordinates": [ 31.4416636, 30.0013664 ] } },
{ "type": "Feature", "properties": { "name": "GreenHouse Compact", "shop_type": "supermarket" }, "geometry": { "type": "Point", "coordinates": [ 31.3198379, 30.1047184 ] } },
{ "type": "Feature", "properties": { "name": "Circle K", "shop_type": "convenience" }, "geometry": { "type": "Point", "coordinates": [ 31.637854, 30.0854001 ] } },
{ "type": "Feature", "properties": { "name": "Circle K", "shop_type": "convenience" }, "geometry": { "type": "Point", "coordinates": [ 31.6383216, 30.0825018 ] } },
{ "type": "Feature", "properties": { "name": "Carrefour", "shop_type": "supermarket" }, "geometry": { "type": "Point", "coordinates": [ 31.6444972, 30.1529058 ] } },
{ "type": "Feature", "properties": { "name": "سوبر ماركت المدينه", "shop_type": "supermarket" }, "geometry": { "type": "Point", "coordinates": [ 31.3046005, 29.9750353 ] } },
{ "type": "Feature", "properties": { "name": "سنابل", "shop_type": "supermarket" }, "geometry": { "type": "Point", "coordinates": [ 31.4385187, 29.9807026 ] } },
{ "type": "Feature", "properties": { "name": "سمارت ماركت", "shop_type": "supermarket" }, "geometry": { "type": "Point", "coordinates": [ 31.5001537, 30.0033692 ] } },
{ "type": "Feature", "properties": { "name": "الطيب عبدالرحمن فرغل", "shop_type": "supermarket" }, "geometry": { "type": "Point", "coordinates": [ 31.3807901, 30.0669171 ] } },
{ "type": "Feature", "properties": { "name": "بريد فاست", "shop_type": "supermarket" }, "geometry": { "type": "Point", "coordinates": [ 31.619374, 30.1646018 ] } },
{ "type": "Feature", "properties": { "name": "ماركت جمعة", "shop_type": "supermarket" }, "geometry": { "type": "Point", "coordinates": [ 31.3457171, 30.0467097 ] } },
{ "type": "Feature", "properties": { "name": "النيل الأزرق", "shop_type": "supermarket" }, "geometry": { "type": "Point", "coordinates": [ 31.2337039, 30.0352723 ] } },
{ "type": "Feature", "properties": { "name": "نجمة هليوبولس جمال سلامة", "shop_type": "supermarket" }, "geometry": { "type": "Point", "coordinates": [ 31.3815182, 30.098328 ] } },
{ "type": "Feature", "properties": { "name": null, "shop_type": "convenience" }, "geometry": { "type": "Point", "coordinates": [ 31.8968251, 29.8060383 ] } },
{ "type": "Feature", "properties": { "name": null, "shop_type": "convenience" }, "geometry": { "type": "Point", "coordinates": [ 31.8951953, 29.8061177 ] } },
{ "type": "Feature", "properties": { "name": "مول منطقة D", "shop_type": "supermarket" }, "geometry": { "type": "Point", "coordinates": [ 31.7643274, 30.1563538 ] } },
{ "type": "Feature", "properties": { "name": "Tharwat Market", "shop_type": "convenience" }, "geometry": { "type": "Point", "coordinates": [ 31.2371096, 30.0481924 ] } },
{ "type": "Feature", "properties": { "name": null, "shop_type": "convenience" }, "geometry": { "type": "Point", "coordinates": [ 31.2633738, 30.0508773 ] } },
{ "type": "Feature", "properties": { "name": null, "shop_type": "convenience" }, "geometry": { "type": "Point", "coordinates": [ 31.263897, 30.0467239 ] } },
{ "type": "Feature", "properties": { "name": null, "shop_type": "convenience" }, "geometry": { "type": "Point", "coordinates": [ 31.2438799, 30.0731689 ] } },
{ "type": "Feature", "properties": { "name": "المنى ماركت", "shop_type": "supermarket" }, "geometry": { "type": "Point", "coordinates": [ 31.3996418, 30.0395735 ] } },
{ "type": "Feature", "properties": { "name": "Circle K", "shop_type": "convenience" }, "geometry": { "type": "Point", "coordinates": [ 31.3705227, 30.1107878 ] } },
{ "type": "Feature", "properties": { "name": null, "shop_type": "supermarket" }, "geometry": { "type": "Point", "coordinates": [ 31.2787487, 29.960409 ] } },
{ "type": "Feature", "properties": { "name": null, "shop_type": "supermarket" }, "geometry": { "type": "Point", "coordinates": [ 31.4096562, 30.0298426 ] } },
{ "type": "Feature", "properties": { "name": "بني", "shop_type": "supermarket" }, "geometry": { "type": "Point", "coordinates": [ 31.6590497, 30.0828778 ] } },
{ "type": "Feature", "properties": { "name": null, "shop_type": "convenience" }, "geometry": { "type": "Point", "coordinates": [ 31.3972017, 30.1107103 ] } },
{ "type": "Feature", "properties": { "name": "سوباركت بندة", "shop_type": "supermarket" }, "geometry": { "type": "Point", "coordinates": [ 31.3423389, 30.0696671 ] } },
{ "type": "Feature", "properties": { "name": "City Stars", "shop_type": "supermarket" }, "geometry": { "type": "Point", "coordinates": [ 31.3442373, 30.0733203 ] } },
{ "type": "Feature", "properties": { "name": null, "shop_type": "convenience" }, "geometry": { "type": "Point", "coordinates": [ 31.3905488, 30.0676989 ] } },
{ "type": "Feature", "properties": { "name": "خير زمان شبرا مصر", "shop_type": "supermarket" }, "geometry": { "type": "Point", "coordinates": [ 31.2452107, 30.0926182 ] } },
{ "type": "Feature", "properties": { "name": "خير زمان شبرا مصر 2", "shop_type": "supermarket" }, "geometry": { "type": "Point", "coordinates": [ 31.2475815, 30.0722689 ] } },
{ "type": "Feature", "properties": { "name": "العثيم قباء", "shop_type": "supermarket" }, "geometry": { "type": "Point", "coordinates": [ 31.3766611, 30.1296955 ] } },
{ "type": "Feature", "properties": { "name": "خير زمان حدائق حلوان", "shop_type": "supermarket" }, "geometry": { "type": "Point", "coordinates": [ 31.3027389, 29.8978987 ] } },
{ "type": "Feature", "properties": { "name": "خير زمان حلوان", "shop_type": "supermarket" }, "geometry": { "type": "Point", "coordinates": [ 31.3314584, 29.8469326 ] } },
{ "type": "Feature", "properties": { "name": "العثيم مايو", "shop_type": "supermarket" }, "geometry": { "type": "Point", "coordinates": [ 31.3699694, 29.8276727 ] } },
{ "type": "Feature", "properties": { "name": "العثيم", "shop_type": "supermarket" }, "geometry": { "type": "Point", "coordinates": [ 31.3393071, 29.8438756 ] } },
{ "type": "Feature", "properties": { "name": "خير زمان عبد الرحمن", "shop_type": "supermarket" }, "geometry": { "type": "Point", "coordinates": [ 31.3427944, 29.8454597 ] } },
{ "type": "Feature", "properties": { "name": "العثيم مدينه نصر", "shop_type": "supermarket" }, "geometry": { "type": "Point", "coordinates": [ 31.3567381, 30.0624514 ] } },
{ "type": "Feature", "properties": { "name": "العثيم 2 قباء", "shop_type": "supermarket" }, "geometry": { "type": "Point", "coordinates": [ 31.3877187, 30.1376021 ] } },
{ "type": "Feature", "properties": { "name": "العثيم  الكبرتاج", "shop_type": "supermarket" }, "geometry": { "type": "Point", "coordinates": [ 31.3269979, 29.8406328 ] } },
{ "type": "Feature", "properties": { "name": "خير زمان المعادى", "shop_type": "supermarket" }, "geometry": { "type": "Point", "coordinates": [ 31.2479633, 29.9698115 ] } },
{ "type": "Feature", "properties": { "name": "خير زمان بوبار", "shop_type": "supermarket" }, "geometry": { "type": "Point", "coordinates": [ 31.239397, 30.0358329 ] } },
{ "type": "Feature", "properties": { "name": "جنة ماركت", "shop_type": "supermarket" }, "geometry": { "type": "Point", "coordinates": [ 31.3357493, 30.0749774 ] } },
{ "type": "Feature", "properties": { "name": "جملتى ماركت", "shop_type": "supermarket" }, "geometry": { "type": "Point", "coordinates": [ 31.314722, 29.9917648 ] } },
{ "type": "Feature", "properties": { "name": "Seoudi", "shop_type": "supermarket" }, "geometry": { "type": "Point", "coordinates": [ 31.327485, 30.0591424 ] } },
{ "type": "Feature", "properties": { "name": null, "shop_type": "convenience" }, "geometry": { "type": "Point", "coordinates": [ 31.2467474, 30.0630257 ] } },
{ "type": "Feature", "properties": { "name": null, "shop_type": "convenience" }, "geometry": { "type": "Point", "coordinates": [ 31.3142297, 30.1222585 ] } },
{ "type": "Feature", "properties": { "name": "Kayan Market", "shop_type": "supermarket" }, "geometry": { "type": "Point", "coordinates": [ 31.3914932, 30.0593428 ] } },
{ "type": "Feature", "properties": { "name": "هايبر مصر", "shop_type": "supermarket" }, "geometry": { "type": "Point", "coordinates": [ 31.3268636, 30.0795713 ] } },
{ "type": "Feature", "properties": { "name": "كارفور", "shop_type": "supermarket" }, "geometry": { "type": "Point", "coordinates": [ 31.3215785, 30.0822198 ] } },
{ "type": "Feature", "properties": { "name": "بمايو الصحابه وسوق مجاوره 12", "shop_type": "supermarket" }, "geometry": { "type": "Point", "coordinates": [ 31.3613386, 29.8191185 ] } },
{ "type": "Feature", "properties": { "name": "فول نعمه بال290 فدان", "shop_type": "supermarket" }, "geometry": { "type": "Point", "coordinates": [ 31.4202848, 29.8597542 ] } },
{ "type": "Feature", "properties": { "name": "Supeco", "shop_type": "supermarket" }, "geometry": { "type": "Point", "coordinates": [ 31.2541531, 30.0463221 ] } },
{ "type": "Feature", "properties": { "name": null, "shop_type": "convenience" }, "geometry": { "type": "Point", "coordinates": [ 31.2604337, 29.9574994 ] } },
{ "type": "Feature", "properties": { "name": null, "shop_type": "convenience" }, "geometry": { "type": "Point", "coordinates": [ 31.468692, 30.0468011 ] } },
{ "type": "Feature", "properties": { "name": null, "shop_type": "convenience" }, "geometry": { "type": "Point", "coordinates": [ 31.4686418, 30.0468662 ] } },
{ "type": "Feature", "properties": { "name": null, "shop_type": "convenience" }, "geometry": { "type": "Point", "coordinates": [ 31.4686605, 30.0467862 ] } },
{ "type": "Feature", "properties": { "name": "Zamzam Supermarket", "shop_type": "supermarket" }, "geometry": { "type": "Point", "coordinates": [ 31.3453401, 30.0851916 ] } },
{ "type": "Feature", "properties": { "name": "العطار رز", "shop_type": "supermarket" }, "geometry": { "type": "Point", "coordinates": [ 31.2336382, 30.0863662 ] } },
{ "type": "Feature", "properties": { "name": "أسواق الخير", "shop_type": "supermarket" }, "geometry": { "type": "Point", "coordinates": [ 31.3992367, 30.0453831 ] } },
{ "type": "Feature", "properties": { "name": "Mahmoud El-far", "shop_type": "supermarket" }, "geometry": { "type": "Point", "coordinates": [ 31.6002021, 30.1040466 ] } },
{ "type": "Feature", "properties": { "name": "BİM", "shop_type": "convenience" }, "geometry": { "type": "Point", "coordinates": [ 31.235824, 30.0352611 ] } },
{ "type": "Feature", "properties": { "name": "New Penny", "shop_type": "supermarket" }, "geometry": { "type": "Point", "coordinates": [ 31.6476733, 30.0877175 ] } },
{ "type": "Feature", "properties": { "name": "Royal House", "shop_type": "supermarket" }, "geometry": { "type": "Point", "coordinates": [ 31.6266464, 30.1526974 ] } },
{ "type": "Feature", "properties": { "name": null, "shop_type": "convenience" }, "geometry": { "type": "Point", "coordinates": [ 31.2300484, 30.0074882 ] } },
{ "type": "Feature", "properties": { "name": null, "shop_type": "convenience" }, "geometry": { "type": "Point", "coordinates": [ 31.2308051, 30.0063023 ] } },
{ "type": "Feature", "properties": { "name": null, "shop_type": "convenience" }, "geometry": { "type": "Point", "coordinates": [ 31.2967877, 29.8572164 ] } },
{ "type": "Feature", "properties": { "name": "فتح الله جملة ماركت", "shop_type": "supermarket" }, "geometry": { "type": "Point", "coordinates": [ 31.3020169, 30.0749264 ] } },
{ "type": "Feature", "properties": { "name": "Carrefour (Zahraa Medinat Masr)", "shop_type": "supermarket" }, "geometry": { "type": "Point", "coordinates": [ 31.3799641, 30.0552166 ] } },
{ "type": "Feature", "properties": { "name": "بيم", "shop_type": "supermarket" }, "geometry": { "type": "Point", "coordinates": [ 31.2240134, 30.0118657 ] } },
{ "type": "Feature", "properties": { "name": "Pro-mart", "shop_type": "convenience" }, "geometry": { "type": "Point", "coordinates": [ 31.2786418, 29.959631 ] } },
{ "type": "Feature", "properties": { "name": "مترو اكسبرس", "shop_type": "supermarket" }, "geometry": { "type": "Point", "coordinates": [ 31.3433472, 30.0729698 ] } },
{ "type": "Feature", "properties": { "name": "Super market zad - سوبر ماركت زاد", "shop_type": "supermarket" }, "geometry": { "type": "Point", "coordinates": [ 31.2514836, 30.0308269 ] } },
{ "type": "Feature", "properties": { "name": null, "shop_type": "supermarket" }, "geometry": { "type": "Point", "coordinates": [ 31.4423903, 30.0695297 ] } },
{ "type": "Feature", "properties": { "name": "بيم", "shop_type": "supermarket" }, "geometry": { "type": "Point", "coordinates": [ 31.3362153, 29.8521553 ] } },
{ "type": "Feature", "properties": { "name": "كازيون", "shop_type": "supermarket" }, "geometry": { "type": "Point", "coordinates": [ 31.3365825, 29.8499899 ] } },
{ "type": "Feature", "properties": { "name": "سوبرماركت النور", "shop_type": "convenience" }, "geometry": { "type": "Point", "coordinates": [ 31.3364897, 29.8517317 ] } },
{ "type": "Feature", "properties": { "name": "خير بلدكم", "shop_type": "convenience" }, "geometry": { "type": "Point", "coordinates": [ 31.3364884, 29.8507683 ] } },
{ "type": "Feature", "properties": { "name": null, "shop_type": "convenience" }, "geometry": { "type": "Point", "coordinates": [ 31.334909, 29.8486835 ] } },
{ "type": "Feature", "properties": { "name": "ماركت السعادة", "shop_type": "convenience" }, "geometry": { "type": "Point", "coordinates": [ 31.2638514, 29.9531596 ] } },
{ "type": "Feature", "properties": { "name": null, "shop_type": "convenience" }, "geometry": { "type": "Point", "coordinates": [ 31.3633033, 30.1256272 ] } },
{ "type": "Feature", "properties": { "name": null, "shop_type": "convenience" }, "geometry": { "type": "Point", "coordinates": [ 31.2410097, 30.0524637 ] } },
{ "type": "Feature", "properties": { "name": null, "shop_type": "convenience" }, "geometry": { "type": "Point", "coordinates": [ 31.3651506, 30.1210467 ] } },
{ "type": "Feature", "properties": { "name": null, "shop_type": "convenience" }, "geometry": { "type": "Point", "coordinates": [ 31.361517, 30.1284472 ] } },
{ "type": "Feature", "properties": { "name": null, "shop_type": "convenience" }, "geometry": { "type": "Point", "coordinates": [ 31.2388978, 30.051447 ] } },
{ "type": "Feature", "properties": { "name": null, "shop_type": "convenience" }, "geometry": { "type": "Point", "coordinates": [ 31.3633477, 30.1259027 ] } },
{ "type": "Feature", "properties": { "name": "صن ماركت", "shop_type": "convenience" }, "geometry": { "type": "Point", "coordinates": [ 31.2348005, 29.9739322 ] } },
{ "type": "Feature", "properties": { "name": null, "shop_type": "convenience" }, "geometry": { "type": "Point", "coordinates": [ 31.2335534, 30.0355482 ] } },
{ "type": "Feature", "properties": { "name": null, "shop_type": "convenience" }, "geometry": { "type": "Point", "coordinates": [ 31.2343588, 30.0375481 ] } },
{ "type": "Feature", "properties": { "name": null, "shop_type": "convenience" }, "geometry": { "type": "Point", "coordinates": [ 31.235137, 30.039159 ] } },
{ "type": "Feature", "properties": { "name": "Kazyon market", "shop_type": "convenience" }, "geometry": { "type": "Point", "coordinates": [ 31.3655369, 30.1187294 ] } },
{ "type": "Feature", "properties": { "name": null, "shop_type": "convenience" }, "geometry": { "type": "Point", "coordinates": [ 31.3782299, 30.1110905 ] } },
{ "type": "Feature", "properties": { "name": null, "shop_type": "convenience" }, "geometry": { "type": "Point", "coordinates": [ 31.3806929, 30.109391 ] } },
{ "type": "Feature", "properties": { "name": null, "shop_type": "convenience" }, "geometry": { "type": "Point", "coordinates": [ 31.3637551, 30.1260354 ] } },
{ "type": "Feature", "properties": { "name": null, "shop_type": "convenience" }, "geometry": { "type": "Point", "coordinates": [ 31.3686742, 30.1254401 ] } },
{ "type": "Feature", "properties": { "name": "Sanabel market", "shop_type": "convenience" }, "geometry": { "type": "Point", "coordinates": [ 31.3663768, 30.1228951 ] } },
{ "type": "Feature", "properties": { "name": null, "shop_type": "convenience" }, "geometry": { "type": "Point", "coordinates": [ 31.3796369, 30.1107436 ] } },
{ "type": "Feature", "properties": { "name": "Aman", "shop_type": "convenience" }, "geometry": { "type": "Point", "coordinates": [ 31.3656235, 30.1265583 ] } },
{ "type": "Feature", "properties": { "name": "Safari market", "shop_type": "convenience" }, "geometry": { "type": "Point", "coordinates": [ 31.3659113, 30.1249466 ] } },
{ "type": "Feature", "properties": { "name": null, "shop_type": "convenience" }, "geometry": { "type": "Point", "coordinates": [ 31.235063, 30.0388844 ] } },
{ "type": "Feature", "properties": { "name": null, "shop_type": "convenience" }, "geometry": { "type": "Point", "coordinates": [ 31.3710283, 30.1093028 ] } },
{ "type": "Feature", "properties": { "name": "Mahmoud elfar", "shop_type": "convenience" }, "geometry": { "type": "Point", "coordinates": [ 31.3820537, 30.1087993 ] } },
{ "type": "Feature", "properties": { "name": null, "shop_type": "convenience" }, "geometry": { "type": "Point", "coordinates": [ 31.3676956, 30.1203527 ] } },
{ "type": "Feature", "properties": { "name": null, "shop_type": "convenience" }, "geometry": { "type": "Point", "coordinates": [ 31.3849542, 30.1057796 ] } },
{ "type": "Feature", "properties": { "name": null, "shop_type": "convenience" }, "geometry": { "type": "Point", "coordinates": [ 31.2419087, 30.0505619 ] } },
{ "type": "Feature", "properties": { "name": null, "shop_type": "convenience" }, "geometry": { "type": "Point", "coordinates": [ 31.3829532, 30.1074638 ] } },
{ "type": "Feature", "properties": { "name": "Mazaya market", "shop_type": "convenience" }, "geometry": { "type": "Point", "coordinates": [ 31.2394306, 30.0461183 ] } },
{ "type": "Feature", "properties": { "name": null, "shop_type": "convenience" }, "geometry": { "type": "Point", "coordinates": [ 31.2396371, 30.0472529 ] } },
{ "type": "Feature", "properties": { "name": null, "shop_type": "convenience" }, "geometry": { "type": "Point", "coordinates": [ 31.3681549, 30.1269516 ] } },
{ "type": "Feature", "properties": { "name": null, "shop_type": "convenience" }, "geometry": { "type": "Point", "coordinates": [ 31.3841469, 30.1064583 ] } },
{ "type": "Feature", "properties": { "name": "سبينيز", "shop_type": "supermarket" }, "geometry": { "type": "Point", "coordinates": [ 31.2698064, 29.9662416 ] } },
{ "type": "Feature", "properties": { "name": "اكسبريس شيراتون", "shop_type": "supermarket" }, "geometry": { "type": "Point", "coordinates": [ 31.3695598, 30.1043668 ] } },
{ "type": "Feature", "properties": { "name": "بدر ماركت", "shop_type": "supermarket" }, "geometry": { "type": "Point", "coordinates": [ 31.3694274, 30.1034203 ] } },
{ "type": "Feature", "properties": { "name": "All in One", "shop_type": "convenience" }, "geometry": { "type": "Point", "coordinates": [ 31.2785552, 29.9610955 ] } },
{ "type": "Feature", "properties": { "name": "Metro Market", "shop_type": "supermarket" }, "geometry": { "type": "Point", "coordinates": [ 31.2779934, 29.9611818 ] } },
{ "type": "Feature", "properties": { "name": "ميتو ماركت", "shop_type": "convenience" }, "geometry": { "type": "Point", "coordinates": [ 31.2577346, 29.9582474 ] } },
{ "type": "Feature", "properties": { "name": "Bonjour", "shop_type": "convenience" }, "geometry": { "type": "Point", "coordinates": [ 31.2532722, 29.9564378 ] } },
{ "type": "Feature", "properties": { "name": "بيت الجملة", "shop_type": "supermarket" }, "geometry": { "type": "Point", "coordinates": [ 31.2512529, 29.9586223 ] } },
{ "type": "Feature", "properties": { "name": "الشركة الوطنية صافي", "shop_type": "supermarket" }, "geometry": { "type": "Point", "coordinates": [ 31.657625, 30.1347229 ] } },
{ "type": "Feature", "properties": { "name": "سوبر ماركت زيدان", "shop_type": "supermarket" }, "geometry": { "type": "Point", "coordinates": [ 31.3431469, 30.0745532 ] } },
{ "type": "Feature", "properties": { "name": "عطارة مستكة", "shop_type": "convenience" }, "geometry": { "type": "Point", "coordinates": [ 31.4612316, 30.0594028 ] } },
{ "type": "Feature", "properties": { "name": "Ozone Market", "shop_type": "supermarket" }, "geometry": { "type": "Point", "coordinates": [ 31.4676762, 30.0569286 ] } },
{ "type": "Feature", "properties": { "name": "seoudi supermarket maadi branch 2", "shop_type": "supermarket" }, "geometry": { "type": "Point", "coordinates": [ 31.2756744, 29.9561028 ] } },
{ "type": "Feature", "properties": { "name": "TRAFFIC", "shop_type": "convenience" }, "geometry": { "type": "Point", "coordinates": [ 31.4678933, 30.0545511 ] } },
{ "type": "Feature", "properties": { "name": "المدهش", "shop_type": "supermarket" }, "geometry": { "type": "Point", "coordinates": [ 31.6489043, 30.133765 ] } },
{ "type": "Feature", "properties": { "name": "العبد", "shop_type": "supermarket" }, "geometry": { "type": "Point", "coordinates": [ 31.2401694, 30.0874914 ] } },
{ "type": "Feature", "properties": { "name": "Geant", "shop_type": "supermarket" }, "geometry": { "type": "Point", "coordinates": [ 31.4005623, 30.006554 ] } },
{ "type": "Feature", "properties": { "name": "Grab Mart", "shop_type": "convenience" }, "geometry": { "type": "Point", "coordinates": [ 31.2291172, 29.99046 ] } },
{ "type": "Feature", "properties": { "name": "هايبر الصالحية", "shop_type": "supermarket" }, "geometry": { "type": "Point", "coordinates": [ 31.818858, 30.1636117 ] } },
{ "type": "Feature", "properties": { "name": "نجمة العاصمة", "shop_type": "supermarket" }, "geometry": { "type": "Point", "coordinates": [ 31.8090251, 30.1614945 ] } },
{ "type": "Feature", "properties": { "name": null, "shop_type": "supermarket" }, "geometry": { "type": "Point", "coordinates": [ 31.8064034, 30.1651882 ] } },
{ "type": "Feature", "properties": { "name": "سوبر ماركت اولاد عابد", "shop_type": "supermarket" }, "geometry": { "type": "Point", "coordinates": [ 31.8108747, 30.1479913 ] } },
{ "type": "Feature", "properties": { "name": "Carrefour Market", "shop_type": "convenience" }, "geometry": { "type": "Point", "coordinates": [ 31.667084, 30.0782505 ] } },
{ "type": "Feature", "properties": { "name": "Candy Club mini mart", "shop_type": "convenience" }, "geometry": { "type": "Point", "coordinates": [ 31.658665, 30.076585 ] } },
{ "type": "Feature", "properties": { "name": "El-Husseiny Market", "shop_type": "supermarket" }, "geometry": { "type": "Point", "coordinates": [ 31.6577682, 30.0769889 ] } },
{ "type": "Feature", "properties": { "name": "Madinaty Mart", "shop_type": "convenience" }, "geometry": { "type": "Point", "coordinates": [ 31.6717787, 30.0729512 ] } },
{ "type": "Feature", "properties": { "name": "كشك ارزاق", "shop_type": "supermarket" }, "geometry": { "type": "Point", "coordinates": [ 31.3801203, 29.8376491 ] } },
{ "type": "Feature", "properties": { "name": "Maulana Corner", "shop_type": "supermarket" }, "geometry": { "type": "Point", "coordinates": [ 31.2636062, 30.0429741 ] } },
{ "type": "Feature", "properties": { "name": "الايمان ماركت", "shop_type": "convenience" }, "geometry": { "type": "Point", "coordinates": [ 31.3950397, 30.0533825 ] } },
{ "type": "Feature", "properties": { "name": "اسواق الشرقيه عبود", "shop_type": "supermarket" }, "geometry": { "type": "Point", "coordinates": [ 31.2559195, 30.1023289 ] } },
{ "type": "Feature", "properties": { "name": "بيم", "shop_type": "supermarket" }, "geometry": { "type": "Point", "coordinates": [ 31.2551157, 29.9595018 ] } },
{ "type": "Feature", "properties": { "name": "REPAIR GADGET MASISIR", "shop_type": "supermarket" }, "geometry": { "type": "Point", "coordinates": [ 31.263886, 30.0436374 ] } },
{ "type": "Feature", "properties": { "name": "El Askary Market", "shop_type": "supermarket" }, "geometry": { "type": "Point", "coordinates": [ 31.2604439, 30.044999 ] } },
{ "type": "Feature", "properties": { "name": "روماين", "shop_type": "supermarket" }, "geometry": { "type": "Point", "coordinates": [ 31.3213857, 30.0950433 ] } },
{ "type": "Feature", "properties": { "name": "سعودي", "shop_type": "supermarket" }, "geometry": { "type": "Point", "coordinates": [ 31.3208877, 30.0952452 ] } }
]
}
