{
"type": "FeatureCollection",
"name": "candidate_sites",
"crs": { "type": "name", "properties": { "name": "urn:ogc:def:crs:OGC:1.3:CRS84" } },
"features": [
{ "type": "Feature", "properties": { "name": "مصر الجديدة" }, "geometry": { "type": "Point", "coordinates": [ 31.3323044, 30.1177224 ] } },
{ "type": "Feature", "properties": { "name": "عابدين" }, "geometry": { "type": "Point", "coordinates": [ 31.2488627, 30.044988 ] } },
{ "type": "Feature", "properties": { "name": "بولاق" }, "geometry": { "type": "Point", "coordinates": [ 31.2341778, 30.0591855 ] } },
{ "type": "Feature", "properties": { "name": "منشية ناصر" }, "geometry": { "type": "Point", "coordinates": [ 31.2763286, 30.0363319 ] } },
{ "type": "Feature", "properties": { "name": "روض الفرج" }, "geometry": { "type": "Point", "coordinates": [ 31.2363328, 30.0732299 ] } },
{ "type": "Feature", "properties": { "name": "السبتية" }, "geometry": { "type": "Point", "coordinates": [ 31.2298942, 30.0648978 ] } },
{ "type": "Feature", "properties": { "name": "مصر القديمة" }, "geometry": { "type": "Point", "coordinates": [ 31.229366, 30.0072008 ] } },
{ "type": "Feature", "properties": { "name": "السيدة زينب" }, "geometry": { "type": "Point", "coordinates": [ 31.2404117, 30.027324100000012 ] } },
{ "type": "Feature", "properties": { "name": "الغورية" }, "geometry": { "type": "Point", "coordinates": [ 31.2601925, 30.0452852 ] } },
{ "type": "Feature", "properties": { "name": "الظاهر" }, "geometry": { "type": "Point", "coordinates": [ 31.2594293, 30.0639735 ] } },
{ "type": "Feature", "properties": { "name": "القاهرة الإسلامية" }, "geometry": { "type": "Point", "coordinates": [ 31.2637754, 30.0487472 ] } },
{ "type": "Feature", "properties": { "name": "الوايلى" }, "geometry": { "type": "Point", "coordinates": [ 31.2760789, 30.0668177 ] } },
{ "type": "Feature", "properties": { "name": "حدائق حلوان" }, "geometry": { "type": "Point", "coordinates": [ 31.3009298, 29.8968261 ] } },
{ "type": "Feature", "properties": { "name": "وادي حوف" }, "geometry": { "type": "Point", "coordinates": [ 31.3053071, 29.8827544 ] } },
{ "type": "Feature", "properties": { "name": "المعصرة" }, "geometry": { "type": "Point", "coordinates": [ 31.2912838, 29.9091281 ] } },
{ "type": "Feature", "properties": { "name": "عين الصيرة" }, "geometry": { "type": "Point", "coordinates": [ 31.2450787, 30.0139077 ] } },
{ "type": "Feature", "properties": { "name": "عباسية" }, "geometry": { "type": "Point", "coordinates": [ 31.2763653, 30.0712082 ] } },
{ "type": "Feature", "properties": { "name": "السكاكينى" }, "geometry": { "type": "Point", "coordinates": [ 31.2677107, 30.0634925 ] } },
{ "type": "Feature", "properties": { "name": "الدمرداش" }, "geometry": { "type": "Point", "coordinates": [ 31.2805525, 30.0801775 ] } },
{ "type": "Feature", "properties": { "name": "الشرابية" }, "geometry": { "type": "Point", "coordinates": [ 31.2639339, 30.079173 ] } },
{ "type": "Feature", "properties": { "name": "حدائق الزيتون" }, "geometry": { "type": "Point", "coordinates": [ 31.3334645, 30.1137865 ] } },
{ "type": "Feature", "properties": { "name": "الزيتون" }, "geometry": { "type": "Point", "coordinates": [ 31.3082194, 30.0998365 ] } },
{ "type": "Feature", "properties": { "name": "عين شمس" }, "geometry": { "type": "Point", "coordinates": [ 31.3167491, 30.1304761 ] } },
{ "type": "Feature", "properties": { "name": "الموسكى" }, "geometry": { "type": "Point", "coordinates": [ 31.253695, 30.0503528 ] } },
{ "type": "Feature", "properties": { "name": "الأزبكية" }, "geometry": { "type": "Point", "coordinates": [ 31.2454725, 30.0538891 ] } },
{ "type": "Feature", "properties": { "name": "الجمالية" }, "geometry": { "type": "Point", "coordinates": [ 31.2648529, 30.0518089 ] } },
{ "type": "Feature", "properties": { "name": "باب الشعرية" }, "geometry": { "type": "Point", "coordinates": [ 31.2552829, 30.0584951 ] } },
{ "type": "Feature", "properties": { "name": "الدرب الأحمر" }, "geometry": { "type": "Point", "coordinates": [ 31.2620473, 30.0421731 ] } },
{ "type": "Feature", "properties": { "name": "الخليفة" }, "geometry": { "type": "Point", "coordinates": [ 31.2647255, 30.0113183 ] } },
{ "type": "Feature", "properties": { "name": "مدينة ميراج" }, "geometry": { "type": "Point", "coordinates": [ 31.4353683, 30.0716564 ] } },
{ "type": "Feature", "properties": { "name": "مدينة نصر" }, "geometry": { "type": "Point", "coordinates": [ 31.3422045, 30.0521177 ] } },
{ "type": "Feature", "properties": { "name": "باب الشعرية" }, "geometry": { "type": "Point", "coordinates": [ 31.25, 30.05 ] } },
{ "type": "Feature", "properties": { "name": "القاهرة القديمة" }, "geometry": { "type": "Point", "coordinates": [ 31.2331964, 30.0174001 ] } },
{ "type": "Feature", "properties": { "name": "المنيل" }, "geometry": { "type": "Point", "coordinates": [ 31.2255698, 30.0209947 ] } },
{ "type": "Feature", "properties": { "name": "باب اللوق" }, "geometry": { "type": "Point", "coordinates": [ 31.239586, 30.0458315 ] } },
{ "type": "Feature", "properties": { "name": "الأميرية" }, "geometry": { "type": "Point", "coordinates": [ 31.283333, 30.1000001 ] } },
{ "type": "Feature", "properties": { "name": "الأميرية" }, "geometry": { "type": "Point", "coordinates": [ 31.283333, 30.1 ] } },
{ "type": "Feature", "properties": { "name": "مصر الجديدة" }, "geometry": { "type": "Point", "coordinates": [ 31.3329136, 30.1005985 ] } },
{ "type": "Feature", "properties": { "name": "Stone Park" }, "geometry": { "type": "Point", "coordinates": [ 31.3789538, 29.9896933 ] } },
{ "type": "Feature", "properties": { "name": "كومباوند قطامية ديونز" }, "geometry": { "type": "Point", "coordinates": [ 31.5198459, 30.0014688 ] } },
{ "type": "Feature", "properties": { "name": "المجاورة الثالثة الحي الثاني شرق" }, "geometry": { "type": "Point", "coordinates": [ 31.6248966, 30.1597523 ] } },
{ "type": "Feature", "properties": { "name": "Parcel 8547" }, "geometry": { "type": "Point", "coordinates": [ 31.318658, 30.0031035 ] } },
{ "type": "Feature", "properties": { "name": "حي رجال الاعمال- مدينة ١٥ مايو" }, "geometry": { "type": "Point", "coordinates": [ 31.3616914, 29.8332498 ] } },
{ "type": "Feature", "properties": { "name": "مساكن نيركو" }, "geometry": { "type": "Point", "coordinates": [ 31.2834824, 29.96284 ] } },
{ "type": "Feature", "properties": { "name": "دار مصر الأندلس - المرحلة الثانية" }, "geometry": { "type": "Point", "coordinates": [ 31.5286336, 29.9701476 ] } },
{ "type": "Feature", "properties": { "name": "لافيستا سيتي" }, "geometry": { "type": "Point", "coordinates": [ 31.5957872, 30.0037863 ] } },
{ "type": "Feature", "properties": { "name": "كمبوند الرقابه الإداريه" }, "geometry": { "type": "Point", "coordinates": [ 31.5378788, 29.9660191 ] } },
{ "type": "Feature", "properties": { "name": "الشباب الشمالي" }, "geometry": { "type": "Point", "coordinates": [ 31.4591161, 30.0703064 ] } },
{ "type": "Feature", "properties": { "name": "مجموعه 123" }, "geometry": { "type": "Point", "coordinates": [ 31.5164317, 30.063550199999987 ] } },
{ "type": "Feature", "properties": { "name": "الشباب الجنوبي" }, "geometry": { "type": "Point", "coordinates": [ 31.4602642, 30.0562164 ] } },
{ "type": "Feature", "properties": { "name": "كمبوند نقابة المهندسين" }, "geometry": { "type": "Point", "coordinates": [ 31.5047412, 29.9882506 ] } },
{ "type": "Feature", "properties": { "name": "كمبوند توب ڤيو" }, "geometry": { "type": "Point", "coordinates": [ 31.505884, 30.0471459 ] } },
{ "type": "Feature", "properties": { "name": "مجموعه 111" }, "geometry": { "type": "Point", "coordinates": [ 31.5027986, 30.0725634 ] } },
{ "type": "Feature", "properties": { "name": "مدينة الهايكستب العسكرية" }, "geometry": { "type": "Point", "coordinates": [ 31.519191425886728, 30.128517816928927 ] } },
{ "type": "Feature", "properties": { "name": "مدينة الهايكستب العسكرية" }, "geometry": { "type": "Point", "coordinates": [ 31.519191425886728, 30.128517816928927 ] } },
{ "type": "Feature", "properties": { "name": "عمارات حدائق العبور" }, "geometry": { "type": "Point", "coordinates": [ 31.308761524557379, 30.077033550299376 ] } },
{ "type": "Feature", "properties": { "name": "منطقة 6" }, "geometry": { "type": "Point", "coordinates": [ 31.34744657778182, 30.062318362493173 ] } },
{ "type": "Feature", "properties": { "name": "بلوك 2" }, "geometry": { "type": "Point", "coordinates": [ 31.28260906161373, 29.965113184903188 ] } },
{ "type": "Feature", "properties": { "name": "بلوك 1" }, "geometry": { "type": "Point", "coordinates": [ 31.281204475765719, 29.966450330513506 ] } },
{ "type": "Feature", "properties": { "name": "الشطر الخامس" }, "geometry": { "type": "Point", "coordinates": [ 31.283678592574685, 29.965162564099774 ] } },
{ "type": "Feature", "properties": { "name": "بلوك 18" }, "geometry": { "type": "Point", "coordinates": [ 31.309640759495441, 29.959904697063166 ] } },
{ "type": "Feature", "properties": { "name": "بلوك 10" }, "geometry": { "type": "Point", "coordinates": [ 31.307133473516757, 29.959890731567427 ] } },
{ "type": "Feature", "properties": { "name": "بلوك 12" }, "geometry": { "type": "Point", "coordinates": [ 31.305452372506569, 29.96047569878807 ] } },
{ "type": "Feature", "properties": { "name": "بلوك 8" }, "geometry": { "type": "Point", "coordinates": [ 31.303773746839017, 29.960525095629315 ] } },
{ "type": "Feature", "properties": { "name": "بلوك 7" }, "geometry": { "type": "Point", "coordinates": [ 31.302897625791019, 29.960459483975939 ] } },
{ "type": "Feature", "properties": { "name": "بلوك 13" }, "geometry": { "type": "Point", "coordinates": [ 31.30595004927336, 29.961157723009876 ] } },
{ "type": "Feature", "properties": { "name": "بلوك 14" }, "geometry": { "type": "Point", "coordinates": [ 31.304265756768057, 29.962169090998668 ] } },
{ "type": "Feature", "properties": { "name": "بلوك 21" }, "geometry": { "type": "Point", "coordinates": [ 31.31188453683167, 29.960904586227638 ] } },
{ "type": "Feature", "properties": { "name": "بلوك 19" }, "geometry": { "type": "Point", "coordinates": [ 31.312627174255891, 29.959169925511606 ] } },
{ "type": "Feature", "properties": { "name": "بلوك 20" }, "geometry": { "type": "Point", "coordinates": [ 31.313403196856324, 29.959257176799408 ] } },
{ "type": "Feature", "properties": { "name": "بلوك 3" }, "geometry": { "type": "Point", "coordinates": [ 31.279467688626092, 29.971354878604693 ] } },
{ "type": "Feature", "properties": { "name": "بلوك 2" }, "geometry": { "type": "Point", "coordinates": [ 31.28013381005271, 29.972812308198922 ] } },
{ "type": "Feature", "properties": { "name": "بلوك 1" }, "geometry": { "type": "Point", "coordinates": [ 31.280906449588326, 29.97453876376532 ] } },
{ "type": "Feature", "properties": { "name": "بلوك 1" }, "geometry": { "type": "Point", "coordinates": [ 31.282992683192859, 29.976791329012588 ] } },
{ "type": "Feature", "properties": { "name": "بلوك 5" }, "geometry": { "type": "Point", "coordinates": [ 31.278406955440932, 29.969335453676383 ] } },
{ "type": "Feature", "properties": { "name": "بلوك 4" }, "geometry": { "type": "Point", "coordinates": [ 31.278949962486656, 29.970260710146963 ] } },
{ "type": "Feature", "properties": { "name": "بورتو هليوبوليس" }, "geometry": { "type": "Point", "coordinates": [ 31.348746771236815, 30.082632648454187 ] } },
{ "type": "Feature", "properties": { "name": "مساكن المدينه العماليه" }, "geometry": { "type": "Point", "coordinates": [ 31.353952821638313, 30.083160601588826 ] } },
{ "type": "Feature", "properties": { "name": "بلوك 3" }, "geometry": { "type": "Point", "coordinates": [ 31.342595722540597, 30.039614864252602 ] } },
{ "type": "Feature", "properties": { "name": "بلوك 2" }, "geometry": { "type": "Point", "coordinates": [ 31.341818944979327, 30.039521673994162 ] } },
{ "type": "Feature", "properties": { "name": "بلوك 1" }, "geometry": { "type": "Point", "coordinates": [ 31.341115600020288, 30.03905730402353 ] } },
{ "type": "Feature", "properties": { "name": "عمارات الشرطة" }, "geometry": { "type": "Point", "coordinates": [ 31.336701867695595, 30.037274269609163 ] } },
{ "type": "Feature", "properties": { "name": "عمارات الشركة الوطنية للاسكان" }, "geometry": { "type": "Point", "coordinates": [ 31.345625227411695, 30.036919988304234 ] } },
{ "type": "Feature", "properties": { "name": "عمارات الفتح" }, "geometry": { "type": "Point", "coordinates": [ 31.339636649825433, 30.036381020009127 ] } },
{ "type": "Feature", "properties": { "name": "بلوك 5" }, "geometry": { "type": "Point", "coordinates": [ 31.34280605059142, 30.037891950607257 ] } },
{ "type": "Feature", "properties": { "name": "بلوك 6" }, "geometry": { "type": "Point", "coordinates": [ 31.342890086768204, 30.03727389623743 ] } },
{ "type": "Feature", "properties": { "name": "الشركة الوطنية للمقاولات" }, "geometry": { "type": "Point", "coordinates": [ 31.34491373003732, 30.037487819048753 ] } },
{ "type": "Feature", "properties": { "name": "بلوك 10" }, "geometry": { "type": "Point", "coordinates": [ 31.346253629966977, 30.035880319066866 ] } },
{ "type": "Feature", "properties": { "name": "بلوك 11" }, "geometry": { "type": "Point", "coordinates": [ 31.345599689956263, 30.035809882359526 ] } },
{ "type": "Feature", "properties": { "name": "نجوم السفارات" }, "geometry": { "type": "Point", "coordinates": [ 31.344229298303659, 30.035698284603864 ] } },
{ "type": "Feature", "properties": { "name": "بلوك 16" }, "geometry": { "type": "Point", "coordinates": [ 31.34207824415558, 30.036307970211539 ] } },
{ "type": "Feature", "properties": { "name": "بلوك 15" }, "geometry": { "type": "Point", "coordinates": [ 31.342238272782389, 30.035217368773385 ] } },
{ "type": "Feature", "properties": { "name": "بلوك 14" }, "geometry": { "type": "Point", "coordinates": [ 31.342927027868331, 30.035288687837401 ] } },
{ "type": "Feature", "properties": { "name": "بلوك 17" }, "geometry": { "type": "Point", "coordinates": [ 31.342771566931116, 30.036381622850431 ] } },
{ "type": "Feature", "properties": { "name": "زهرة السفارات" }, "geometry": { "type": "Point", "coordinates": [ 31.344111865089371, 30.036524158308836 ] } },
{ "type": "Feature", "properties": { "name": "بلوك 13" }, "geometry": { "type": "Point", "coordinates": [ 31.344307550371525, 30.035153500461597 ] } },
{ "type": "Feature", "properties": { "name": "امتداد رمسيس 1" }, "geometry": { "type": "Point", "coordinates": [ 31.298327844450771, 30.064919271863381 ] } },
{ "type": "Feature", "properties": { "name": "مساكن تقسيم الاوقاف" }, "geometry": { "type": "Point", "coordinates": [ 31.300222606971776, 30.10193809154627 ] } },
{ "type": "Feature", "properties": { "name": "بلوك 1187" }, "geometry": { "type": "Point", "coordinates": [ 31.372966223495823, 30.093671461464069 ] } },
{ "type": "Feature", "properties": { "name": "بلوك 1186" }, "geometry": { "type": "Point", "coordinates": [ 31.374190398827356, 30.093780515785351 ] } },
{ "type": "Feature", "properties": { "name": "بلوك 1185" }, "geometry": { "type": "Point", "coordinates": [ 31.375444882117982, 30.093516305489956 ] } },
{ "type": "Feature", "properties": { "name": "بلوك 1165" }, "geometry": { "type": "Point", "coordinates": [ 31.375558778000869, 30.096707131425557 ] } },
{ "type": "Feature", "properties": { "name": "بلوك 1166" }, "geometry": { "type": "Point", "coordinates": [ 31.376387177399511, 30.096508575719501 ] } },
{ "type": "Feature", "properties": { "name": "كايرو فستيفال سيتى" }, "geometry": { "type": "Point", "coordinates": [ 31.410324786185601, 30.028486841749935 ] } },
{ "type": "Feature", "properties": { "name": "كايرو فستيفال سيتى" }, "geometry": { "type": "Point", "coordinates": [ 31.410324786185601, 30.028486841749935 ] } },
{ "type": "Feature", "properties": { "name": "منتجع مرتفعات القطامية للجولف والتنس" }, "geometry": { "type": "Point", "coordinates": [ 31.405798847524867, 29.99043217202065 ] } },
{ "type": "Feature", "properties": { "name": "سوق العبور" }, "geometry": { "type": "Point", "coordinates": [ 31.470696416794535, 30.16566728120965 ] } },
{ "type": "Feature", "properties": { "name": "قريه منيل شيحه" }, "geometry": { "type": "Point", "coordinates": [ 31.240077572928357, 29.947977564126056 ] } },
{ "type": "Feature", "properties": { "name": "مساكن التجهيز" }, "geometry": { "type": "Point", "coordinates": [ 31.352443844601982, 29.825118427556113 ] } },
{ "type": "Feature", "properties": { "name": "حى السبعين فدان" }, "geometry": { "type": "Point", "coordinates": [ 31.326692416842672, 29.993868109330574 ] } },
{ "type": "Feature", "properties": { "name": "مساكن سوزان مبارك" }, "geometry": { "type": "Point", "coordinates": [ 31.30024899492118, 30.036880981854658 ] } },
{ "type": "Feature", "properties": { "name": "الحى 7" }, "geometry": { "type": "Point", "coordinates": [ 31.325347581533961, 30.048309916184088 ] } },
{ "type": "Feature", "properties": { "name": "بركه الحاج" }, "geometry": { "type": "Point", "coordinates": [ 31.361474510962552, 30.152485523647933 ] } },
{ "type": "Feature", "properties": { "name": "عمارات اول مايو" }, "geometry": { "type": "Point", "coordinates": [ 31.339526857611347, 30.068259677339803 ] } },
{ "type": "Feature", "properties": { "name": "عمارات رامو" }, "geometry": { "type": "Point", "coordinates": [ 31.349838872930036, 30.070940176738198 ] } },
{ "type": "Feature", "properties": { "name": "عمارات ميلسا" }, "geometry": { "type": "Point", "coordinates": [ 31.345782485248726, 30.076213547025684 ] } },
{ "type": "Feature", "properties": { "name": "منتجع أرابيلا" }, "geometry": { "type": "Point", "coordinates": [ 31.434614409544242, 29.98764464470813 ] } },
{ "type": "Feature", "properties": { "name": "قطاع أ2" }, "geometry": { "type": "Point", "coordinates": [ 31.789392533476938, 30.280526062839126 ] } },
{ "type": "Feature", "properties": { "name": "قطاع أ3" }, "geometry": { "type": "Point", "coordinates": [ 31.807849999222537, 30.291848843341665 ] } },
{ "type": "Feature", "properties": { "name": "قطاع أ3 مكرر" }, "geometry": { "type": "Point", "coordinates": [ 31.823517110749794, 30.302658771763131 ] } },
{ "type": "Feature", "properties": { "name": "كمبوند ليك فيو" }, "geometry": { "type": "Point", "coordinates": [ 31.445152051027769, 30.021965235727027 ] } },
{ "type": "Feature", "properties": { "name": "كمبوند ليك فيو" }, "geometry": { "type": "Point", "coordinates": [ 31.445152051027769, 30.021965235727027 ] } },
{ "type": "Feature", "properties": { "name": "الحى 6" }, "geometry": { "type": "Point", "coordinates": [ 31.322165392416476, 30.04520834451656 ] } },
{ "type": "Feature", "properties": { "name": "البنفسج 10" }, "geometry": { "type": "Point", "coordinates": [ 31.464524063317132, 30.045412125440436 ] } },
{ "type": "Feature", "properties": { "name": "البنفسج 12" }, "geometry": { "type": "Point", "coordinates": [ 31.464111904747302, 30.039390499883194 ] } },
{ "type": "Feature", "properties": { "name": "البنفسج عمارات" }, "geometry": { "type": "Point", "coordinates": [ 31.462888419841139, 30.0338231117689 ] } },
{ "type": "Feature", "properties": { "name": "البنفسج 9" }, "geometry": { "type": "Point", "coordinates": [ 31.471767924936461, 30.045386391108512 ] } },
{ "type": "Feature", "properties": { "name": "البنفسج 11" }, "geometry": { "type": "Point", "coordinates": [ 31.471748358207158, 30.03952102144369 ] } },
{ "type": "Feature", "properties": { "name": "البنفسج عمارات" }, "geometry": { "type": "Point", "coordinates": [ 31.471784721627351, 30.032844589435879 ] } },
{ "type": "Feature", "properties": { "name": "البنفسج عمارات" }, "geometry": { "type": "Point", "coordinates": [ 31.471784721627351, 30.032844589435879 ] } },
{ "type": "Feature", "properties": { "name": "جزيره بين البحرين" }, "geometry": { "type": "Point", "coordinates": [ 31.224031056620504, 29.987903856871736 ] } },
{ "type": "Feature", "properties": { "name": "معادى هايتس" }, "geometry": { "type": "Point", "coordinates": [ 31.333900440332158, 29.981053680411218 ] } },
{ "type": "Feature", "properties": { "name": "النرجس عمارات 2" }, "geometry": { "type": "Point", "coordinates": [ 31.449204344687267, 30.00261791984941 ] } },
{ "type": "Feature", "properties": { "name": "الحى 3" }, "geometry": { "type": "Point", "coordinates": [ 31.43733904460473, 30.000988021958161 ] } },
{ "type": "Feature", "properties": { "name": "كمبوند لي روا" }, "geometry": { "type": "Point", "coordinates": [ 31.508787003096632, 30.005765195450994 ] } },
{ "type": "Feature", "properties": { "name": "كمبوند سوديك ايستاون" }, "geometry": { "type": "Point", "coordinates": [ 31.515073282361591, 30.012315780721945 ] } },
{ "type": "Feature", "properties": { "name": "النرجس 1" }, "geometry": { "type": "Point", "coordinates": [ 31.459815034008695, 30.02184932646038 ] } },
{ "type": "Feature", "properties": { "name": "النرجس 2" }, "geometry": { "type": "Point", "coordinates": [ 31.454781370600344, 30.017734353583663 ] } },
{ "type": "Feature", "properties": { "name": "التبين القبليه" }, "geometry": { "type": "Point", "coordinates": [ 31.29257840985851, 29.773731707155211 ] } },
{ "type": "Feature", "properties": { "name": "حدائق حلوان" }, "geometry": { "type": "Point", "coordinates": [ 31.293058560893705, 29.884776082990921 ] } },
{ "type": "Feature", "properties": { "name": "مساكن الظباط" }, "geometry": { "type": "Point", "coordinates": [ 31.30957523990039, 29.896459960055562 ] } },
{ "type": "Feature", "properties": { "name": "الياسمين 1" }, "geometry": { "type": "Point", "coordinates": [ 31.457208023807386, 30.049869472183136 ] } },
{ "type": "Feature", "properties": { "name": "الياسمين 3" }, "geometry": { "type": "Point", "coordinates": [ 31.457065796932834, 30.044293705363334 ] } },
{ "type": "Feature", "properties": { "name": "الياسمين 5" }, "geometry": { "type": "Point", "coordinates": [ 31.456602457961822, 30.039178882456788 ] } },
{ "type": "Feature", "properties": { "name": "الياسمين 7" }, "geometry": { "type": "Point", "coordinates": [ 31.454730194907039, 30.033769717011722 ] } },
{ "type": "Feature", "properties": { "name": "الياسمين 2" }, "geometry": { "type": "Point", "coordinates": [ 31.446596585995831, 30.049147184291204 ] } },
{ "type": "Feature", "properties": { "name": "الياسمين 4" }, "geometry": { "type": "Point", "coordinates": [ 31.446046831064994, 30.0435753233306 ] } },
{ "type": "Feature", "properties": { "name": "الياسمين 6" }, "geometry": { "type": "Point", "coordinates": [ 31.44368671683354, 30.038071133628385 ] } },
{ "type": "Feature", "properties": { "name": "الياسمين 8" }, "geometry": { "type": "Point", "coordinates": [ 31.443500451803036, 30.032127264800263 ] } },
{ "type": "Feature", "properties": { "name": "الياسمين 8" }, "geometry": { "type": "Point", "coordinates": [ 31.443500451803036, 30.032127264800263 ] } },
{ "type": "Feature", "properties": { "name": "المجاورة 3" }, "geometry": { "type": "Point", "coordinates": [ 31.373500986692989, 29.854669419658347 ] } },
{ "type": "Feature", "properties": { "name": "المجاورة 5" }, "geometry": { "type": "Point", "coordinates": [ 31.379576392456425, 29.850161238384992 ] } },
{ "type": "Feature", "properties": { "name": "المجاورة 21" }, "geometry": { "type": "Point", "coordinates": [ 31.373673839223681, 29.831528871990788 ] } },
{ "type": "Feature", "properties": { "name": "المجاورة 14" }, "geometry": { "type": "Point", "coordinates": [ 31.368825094673248, 29.838924548108189 ] } },
{ "type": "Feature", "properties": { "name": "المجاورة 8" }, "geometry": { "type": "Point", "coordinates": [ 31.366164167387122, 29.858603668675947 ] } },
{ "type": "Feature", "properties": { "name": "المجاورة 18" }, "geometry": { "type": "Point", "coordinates": [ 31.383520391441586, 29.834941811076892 ] } },
{ "type": "Feature", "properties": { "name": "المجاورة 12" }, "geometry": { "type": "Point", "coordinates": [ 31.365629543839447, 29.866392806726413 ] } },
{ "type": "Feature", "properties": { "name": "المجاورة 22" }, "geometry": { "type": "Point", "coordinates": [ 31.384386370503861, 29.831035721064556 ] } },
{ "type": "Feature", "properties": { "name": "المجاورة 2" }, "geometry": { "type": "Point", "coordinates": [ 31.36992824662363, 29.851275966175184 ] } },
{ "type": "Feature", "properties": { "name": "المجاورة 9" }, "geometry": { "type": "Point", "coordinates": [ 31.356233066466054, 29.822030082919021 ] } },
{ "type": "Feature", "properties": { "name": "المعصره المحطه" }, "geometry": { "type": "Point", "coordinates": [ 31.295242917360589, 29.907784933007321 ] } },
{ "type": "Feature", "properties": { "name": "البنفسج 6" }, "geometry": { "type": "Point", "coordinates": [ 31.464538770508952, 30.056442324105571 ] } },
{ "type": "Feature", "properties": { "name": "البنفسج 5" }, "geometry": { "type": "Point", "coordinates": [ 31.471780847540888, 30.056875968611191 ] } },
{ "type": "Feature", "properties": { "name": "البنفسج 4" }, "geometry": { "type": "Point", "coordinates": [ 31.464697773468405, 30.061676445828152 ] } },
{ "type": "Feature", "properties": { "name": "البنفسج 3" }, "geometry": { "type": "Point", "coordinates": [ 31.471843210764231, 30.061695034919943 ] } },
{ "type": "Feature", "properties": { "name": "البنفسج 2" }, "geometry": { "type": "Point", "coordinates": [ 31.464691801457931, 30.066712807659879 ] } },
{ "type": "Feature", "properties": { "name": "البنفسج 1" }, "geometry": { "type": "Point", "coordinates": [ 31.471920215547762, 30.066954238065414 ] } },
{ "type": "Feature", "properties": { "name": "النرجس 3" }, "geometry": { "type": "Point", "coordinates": [ 31.450157072699401, 30.013814150394484 ] } },
{ "type": "Feature", "properties": { "name": "النرجس 4" }, "geometry": { "type": "Point", "coordinates": [ 31.450696556619505, 30.008345111968222 ] } },
{ "type": "Feature", "properties": { "name": "غرب ارابيلا" }, "geometry": { "type": "Point", "coordinates": [ 31.425182001318554, 29.988463715080645 ] } },
{ "type": "Feature", "properties": { "name": "النرجس 5" }, "geometry": { "type": "Point", "coordinates": [ 31.460887598799047, 30.01094504104341 ] } },
{ "type": "Feature", "properties": { "name": "النرجس 7" }, "geometry": { "type": "Point", "coordinates": [ 31.460116194168879, 30.005673240350603 ] } },
{ "type": "Feature", "properties": { "name": "النرجس 8" }, "geometry": { "type": "Point", "coordinates": [ 31.465333808477691, 30.00125352842679 ] } },
{ "type": "Feature", "properties": { "name": "النرجس 6" }, "geometry": { "type": "Point", "coordinates": [ 31.465700714653458, 30.006334254807904 ] } },
{ "type": "Feature", "properties": { "name": "الديار كمبوند" }, "geometry": { "type": "Point", "coordinates": [ 31.46926092590121, 30.015170914387742 ] } },
{ "type": "Feature", "properties": { "name": "منطقة 1" }, "geometry": { "type": "Point", "coordinates": [ 31.44341180794493, 30.011945103684731 ] } },
{ "type": "Feature", "properties": { "name": "منطقة 2" }, "geometry": { "type": "Point", "coordinates": [ 31.441134537317929, 30.008602956922154 ] } },
{ "type": "Feature", "properties": { "name": "منطقة 3" }, "geometry": { "type": "Point", "coordinates": [ 31.436492159618808, 30.007973621932592 ] } },
{ "type": "Feature", "properties": { "name": "منطقة 4" }, "geometry": { "type": "Point", "coordinates": [ 31.432758678229668, 30.008451439996794 ] } },
{ "type": "Feature", "properties": { "name": "منطقة 5" }, "geometry": { "type": "Point", "coordinates": [ 31.435991381124655, 30.011842810667737 ] } },
{ "type": "Feature", "properties": { "name": "منطقة 6" }, "geometry": { "type": "Point", "coordinates": [ 31.435762927740946, 30.014716631984403 ] } },
{ "type": "Feature", "properties": { "name": "منطقة 1" }, "geometry": { "type": "Point", "coordinates": [ 31.428651776329151, 30.013944311313214 ] } },
{ "type": "Feature", "properties": { "name": "منطقة 7" }, "geometry": { "type": "Point", "coordinates": [ 31.419420129770423, 30.01388201156718 ] } },
{ "type": "Feature", "properties": { "name": "منطقة 6" }, "geometry": { "type": "Point", "coordinates": [ 31.415405475398931, 30.008012552664344 ] } },
{ "type": "Feature", "properties": { "name": "منطقة 5" }, "geometry": { "type": "Point", "coordinates": [ 31.419513830812178, 30.00695393746868 ] } },
{ "type": "Feature", "properties": { "name": "منطقة 3" }, "geometry": { "type": "Point", "coordinates": [ 31.423471915203987, 30.008763461773338 ] } },
{ "type": "Feature", "properties": { "name": "منطقة 2" }, "geometry": { "type": "Point", "coordinates": [ 31.427471628044984, 30.010775799128247 ] } },
{ "type": "Feature", "properties": { "name": "منطقة 4" }, "geometry": { "type": "Point", "coordinates": [ 31.421296179454039, 30.011720467803187 ] } },
{ "type": "Feature", "properties": { "name": "كمبوند المصراوية" }, "geometry": { "type": "Point", "coordinates": [ 31.477495249196352, 30.023154511627531 ] } },
{ "type": "Feature", "properties": { "name": "كمبوند كونكورد جاردنز" }, "geometry": { "type": "Point", "coordinates": [ 31.483427578281102, 30.022934602515356 ] } },
{ "type": "Feature", "properties": { "name": "كمبوند مون فالى" }, "geometry": { "type": "Point", "coordinates": [ 31.488226150226449, 30.022833795239197 ] } },
{ "type": "Feature", "properties": { "name": "امتداد الرحاب" }, "geometry": { "type": "Point", "coordinates": [ 31.509591756777134, 30.063684457850076 ] } },
{ "type": "Feature", "properties": { "name": "حى القرنفل" }, "geometry": { "type": "Point", "coordinates": [ 31.521536927566341, 30.052239532623918 ] } },
{ "type": "Feature", "properties": { "name": "القرنفل هايتس" }, "geometry": { "type": "Point", "coordinates": [ 31.532708969872637, 30.057383390861155 ] } },
{ "type": "Feature", "properties": { "name": "كمبوند تمر حنة" }, "geometry": { "type": "Point", "coordinates": [ 31.533731270017821, 30.044612906045668 ] } },
{ "type": "Feature", "properties": { "name": "كمبوند لافاونتين بروفينس" }, "geometry": { "type": "Point", "coordinates": [ 31.535112885934247, 30.0380294560218 ] } },
{ "type": "Feature", "properties": { "name": "كمبوند اعمار مفديا" }, "geometry": { "type": "Point", "coordinates": [ 31.538464971190404, 30.007131639242054 ] } },
{ "type": "Feature", "properties": { "name": "كمبوند هايد بارك داماك" }, "geometry": { "type": "Point", "coordinates": [ 31.550228858351776, 29.982559986016959 ] } },
{ "type": "Feature", "properties": { "name": "كمبوند قطامية ديونز" }, "geometry": { "type": "Point", "coordinates": [ 31.519627722444898, 30.001619906350456 ] } },
{ "type": "Feature", "properties": { "name": "كمبوند قطامية جردنز" }, "geometry": { "type": "Point", "coordinates": [ 31.510345526557789, 29.994563104729227 ] } },
{ "type": "Feature", "properties": { "name": "كومباوند ريفييرا هايتس" }, "geometry": { "type": "Point", "coordinates": [ 31.498439499349857, 30.003142692814354 ] } },
{ "type": "Feature", "properties": { "name": "زيزينيا" }, "geometry": { "type": "Point", "coordinates": [ 31.493195918225467, 30.007172133904042 ] } },
{ "type": "Feature", "properties": { "name": "التجمع الأول" }, "geometry": { "type": "Point", "coordinates": [ 31.449706204024796, 30.063753104956795 ] } },
{ "type": "Feature", "properties": { "name": "كمبوند ماكسيم كانترى كلوب" }, "geometry": { "type": "Point", "coordinates": [ 31.498673946159268, 30.031674453400683 ] } },
{ "type": "Feature", "properties": { "name": "كمبوند ماكسيم كانترى كلوب" }, "geometry": { "type": "Point", "coordinates": [ 31.498673946159268, 30.031674453400683 ] } },
{ "type": "Feature", "properties": { "name": "كمبوند اميرالد بارك" }, "geometry": { "type": "Point", "coordinates": [ 31.504294969977281, 30.032556155280101 ] } },
{ "type": "Feature", "properties": { "name": "قطاع اللوتس" }, "geometry": { "type": "Point", "coordinates": [ 31.517241456821839, 30.026865297934272 ] } },
{ "type": "Feature", "properties": { "name": "قطاع اللوتس" }, "geometry": { "type": "Point", "coordinates": [ 31.517241456821839, 30.026865297934272 ] } },
{ "type": "Feature", "properties": { "name": "منتجع بورتو كايرو" }, "geometry": { "type": "Point", "coordinates": [ 31.418989449778028, 30.054086903243128 ] } },
{ "type": "Feature", "properties": { "name": "منتجع النخيل" }, "geometry": { "type": "Point", "coordinates": [ 31.428855648460363, 30.058011292166075 ] } },
{ "type": "Feature", "properties": { "name": "منطقة 2" }, "geometry": { "type": "Point", "coordinates": [ 31.433261464102504, 30.044169823177306 ] } },
{ "type": "Feature", "properties": { "name": "منطقة 3" }, "geometry": { "type": "Point", "coordinates": [ 31.43905429805757, 30.044578437125512 ] } },
{ "type": "Feature", "properties": { "name": "منطقة 4" }, "geometry": { "type": "Point", "coordinates": [ 31.437024411114496, 30.040533787414365 ] } },
{ "type": "Feature", "properties": { "name": "منطقة 1" }, "geometry": { "type": "Point", "coordinates": [ 31.432143093747356, 30.04002321735415 ] } },
{ "type": "Feature", "properties": { "name": "كمبوند مارينا سيتي" }, "geometry": { "type": "Point", "coordinates": [ 31.4388658524493, 30.054539176128173 ] } },
{ "type": "Feature", "properties": { "name": "كمبوند سون لايك قطامية" }, "geometry": { "type": "Point", "coordinates": [ 31.43943605274978, 30.058724713025576 ] } },
{ "type": "Feature", "properties": { "name": "جنوب الأكاديمية منطقة ب" }, "geometry": { "type": "Point", "coordinates": [ 31.425782712152539, 30.034387024687454 ] } },
{ "type": "Feature", "properties": { "name": "جنوب الأكاديمية منطقة د" }, "geometry": { "type": "Point", "coordinates": [ 31.435258005333441, 30.035315289256456 ] } },
{ "type": "Feature", "properties": { "name": "جنوب الأكاديمية منطقة هـ" }, "geometry": { "type": "Point", "coordinates": [ 31.434893751132815, 30.030039210669386 ] } },
{ "type": "Feature", "properties": { "name": "جنوب الأكاديمية منطقة هـ" }, "geometry": { "type": "Point", "coordinates": [ 31.434893751132815, 30.030039210669386 ] } },
{ "type": "Feature", "properties": { "name": "جنوب الأكاديمية منطقة ز" }, "geometry": { "type": "Point", "coordinates": [ 31.439277517305705, 30.027144121059337 ] } },
{ "type": "Feature", "properties": { "name": "جنوب الأكاديمية منطقة و" }, "geometry": { "type": "Point", "coordinates": [ 31.434497063214554, 30.024384357334959 ] } },
{ "type": "Feature", "properties": { "name": "جنوب الأكاديمية منطقة ج" }, "geometry": { "type": "Point", "coordinates": [ 31.428091611150471, 30.025074544341649 ] } },
{ "type": "Feature", "properties": { "name": "منطقة أ" }, "geometry": { "type": "Point", "coordinates": [ 31.417668962389385, 30.024787189282321 ] } },
{ "type": "Feature", "properties": { "name": "منطقة الخدمات" }, "geometry": { "type": "Point", "coordinates": [ 31.425873355884715, 30.005549540567841 ] } },
{ "type": "Feature", "properties": { "name": "الحى 4" }, "geometry": { "type": "Point", "coordinates": [ 31.425971831145954, 29.995963086711203 ] } },
{ "type": "Feature", "properties": { "name": "الحى 5" }, "geometry": { "type": "Point", "coordinates": [ 31.414550865030577, 30.00021022523131 ] } },
{ "type": "Feature", "properties": { "name": "الشويفات" }, "geometry": { "type": "Point", "coordinates": [ 31.409406038249749, 30.008654174563318 ] } },
{ "type": "Feature", "properties": { "name": "غرب الجولف" }, "geometry": { "type": "Point", "coordinates": [ 31.39460400961147, 29.99306057507296 ] } },
{ "type": "Feature", "properties": { "name": "إمتداد غرب الجولف 7" }, "geometry": { "type": "Point", "coordinates": [ 31.395362883372787, 29.98341326317103 ] } },
{ "type": "Feature", "properties": { "name": "كمبوند الباتيو 2" }, "geometry": { "type": "Point", "coordinates": [ 31.479791748426763, 30.053521474277698 ] } },
{ "type": "Feature", "properties": { "name": "كمبوند الباتيو 1" }, "geometry": { "type": "Point", "coordinates": [ 31.47664423292132, 30.053719267668871 ] } },
{ "type": "Feature", "properties": { "name": "كمبوند كازا فيردى" }, "geometry": { "type": "Point", "coordinates": [ 31.477069194925811, 30.051438873522766 ] } },
{ "type": "Feature", "properties": { "name": "كمبوند جولدن هايتس" }, "geometry": { "type": "Point", "coordinates": [ 31.483080262847164, 30.052462402741906 ] } },
{ "type": "Feature", "properties": { "name": "كمبوند فيلدج افينيو" }, "geometry": { "type": "Point", "coordinates": [ 31.477102595446393, 30.049669680629183 ] } },
{ "type": "Feature", "properties": { "name": "كمبوند جولدن هايتس 2" }, "geometry": { "type": "Point", "coordinates": [ 31.48394532673224, 30.049644487069425 ] } },
{ "type": "Feature", "properties": { "name": "كمبوند لانوفا فيستا" }, "geometry": { "type": "Point", "coordinates": [ 31.482252710424341, 30.046839219991131 ] } },
{ "type": "Feature", "properties": { "name": "كمبوند ستيلا" }, "geometry": { "type": "Point", "coordinates": [ 31.477373623522773, 30.046630759152713 ] } },
{ "type": "Feature", "properties": { "name": "كمبوند أكاسيا" }, "geometry": { "type": "Point", "coordinates": [ 31.492144003321872, 30.051089966708094 ] } },
{ "type": "Feature", "properties": { "name": "كمبوند فلاورز بارك" }, "geometry": { "type": "Point", "coordinates": [ 31.496168174545623, 30.05184050463216 ] } },
{ "type": "Feature", "properties": { "name": "كمبوند سيزون" }, "geometry": { "type": "Point", "coordinates": [ 31.49969588186881, 30.0504757242336 ] } },
{ "type": "Feature", "properties": { "name": "كمبوند ماونتين فيو 1" }, "geometry": { "type": "Point", "coordinates": [ 31.507342750750102, 30.050396889667145 ] } },
{ "type": "Feature", "properties": { "name": "كومبوند زهرة التجمع الخامس" }, "geometry": { "type": "Point", "coordinates": [ 31.482782709845267, 30.042252851496375 ] } },
{ "type": "Feature", "properties": { "name": "كمبوند ايديا فيردي" }, "geometry": { "type": "Point", "coordinates": [ 31.477747949491548, 30.04401467964108 ] } },
{ "type": "Feature", "properties": { "name": "كمبوند ذا واتر واى" }, "geometry": { "type": "Point", "coordinates": [ 31.476966822702842, 30.041498687902237 ] } },
{ "type": "Feature", "properties": { "name": "كمبوند رامبلاس" }, "geometry": { "type": "Point", "coordinates": [ 31.476741265130901, 30.039483258190216 ] } },
{ "type": "Feature", "properties": { "name": "كومبوند ريفر واك" }, "geometry": { "type": "Point", "coordinates": [ 31.477689137805577, 30.037569108095763 ] } },
{ "type": "Feature", "properties": { "name": "كمبوند الأشرفية" }, "geometry": { "type": "Point", "coordinates": [ 31.482617114791179, 30.037767903283765 ] } },
{ "type": "Feature", "properties": { "name": "كمبوند البستان" }, "geometry": { "type": "Point", "coordinates": [ 31.487175294705459, 30.043858895186823 ] } },
{ "type": "Feature", "properties": { "name": "كمبوند مدينة الصحفيين" }, "geometry": { "type": "Point", "coordinates": [ 31.487487760101523, 30.039699736388222 ] } },
{ "type": "Feature", "properties": { "name": "كمبوند صن سيت" }, "geometry": { "type": "Point", "coordinates": [ 31.491350421194433, 30.039527719606795 ] } },
{ "type": "Feature", "properties": { "name": "كومبوند بجيسكو سيرينا هايتس" }, "geometry": { "type": "Point", "coordinates": [ 31.491519404098074, 30.044306955931848 ] } },
{ "type": "Feature", "properties": { "name": "كومبوند رويال لاجون" }, "geometry": { "type": "Point", "coordinates": [ 31.494250798523684, 30.043421326922992 ] } },
{ "type": "Feature", "properties": { "name": "حى جاردينا هايتس 1" }, "geometry": { "type": "Point", "coordinates": [ 31.474909626609389, 29.99486200036656 ] } },
{ "type": "Feature", "properties": { "name": "حى جاردينيا هايتس 2" }, "geometry": { "type": "Point", "coordinates": [ 31.475034913804151, 29.986823555621314 ] } },
{ "type": "Feature", "properties": { "name": "حى جاردينيا هايتس 3" }, "geometry": { "type": "Point", "coordinates": [ 31.474062925664906, 29.979812283761838 ] } },
{ "type": "Feature", "properties": { "name": "القطاع الرابع" }, "geometry": { "type": "Point", "coordinates": [ 31.494601596356567, 30.027074996883776 ] } },
{ "type": "Feature", "properties": { "name": "القطاع الثالث" }, "geometry": { "type": "Point", "coordinates": [ 31.482859552383314, 30.027090008122777 ] } },
{ "type": "Feature", "properties": { "name": "القطاع الثانى" }, "geometry": { "type": "Point", "coordinates": [ 31.464014382718769, 30.027731279843547 ] } },
{ "type": "Feature", "properties": { "name": "منطقة خدمات" }, "geometry": { "type": "Point", "coordinates": [ 31.460320180945118, 30.014873241946116 ] } },
{ "type": "Feature", "properties": { "name": "التجمع الثالث" }, "geometry": { "type": "Point", "coordinates": [ 31.426111435150492, 29.981569845831249 ] } },
{ "type": "Feature", "properties": { "name": "كمبوند اوركيديا ريزورت" }, "geometry": { "type": "Point", "coordinates": [ 31.482207294096153, 30.009223298420597 ] } },
{ "type": "Feature", "properties": { "name": "كمبوند بلاجيو" }, "geometry": { "type": "Point", "coordinates": [ 31.499979982317583, 30.039976603112233 ] } },
{ "type": "Feature", "properties": { "name": "كمبوند حياة" }, "geometry": { "type": "Point", "coordinates": [ 31.479363941824289, 30.029944698136489 ] } },
{ "type": "Feature", "properties": { "name": "كمبوند حياة" }, "geometry": { "type": "Point", "coordinates": [ 31.479363941824289, 30.029944698136489 ] } },
{ "type": "Feature", "properties": { "name": "قريه الشوبك الشرقى" }, "geometry": { "type": "Point", "coordinates": [ 31.286496909738112, 29.752595783791801 ] } },
{ "type": "Feature", "properties": { "name": "مدينة الابطال لضباط القوات المسلحه" }, "geometry": { "type": "Point", "coordinates": [ 31.348489670567737, 29.828001639313676 ] } },
{ "type": "Feature", "properties": { "name": "قرية ستون بارك" }, "geometry": { "type": "Point", "coordinates": [ 31.381268731296874, 29.984567952617358 ] } },
{ "type": "Feature", "properties": { "name": "وان قطامية" }, "geometry": { "type": "Point", "coordinates": [ 31.356296286544662, 29.980180058361483 ] } },
{ "type": "Feature", "properties": { "name": "بالم سيتي" }, "geometry": { "type": "Point", "coordinates": [ 31.352383078233455, 29.981680491037736 ] } },
{ "type": "Feature", "properties": { "name": "سما القاهرة" }, "geometry": { "type": "Point", "coordinates": [ 31.342899001111793, 29.984512937783961 ] } },
{ "type": "Feature", "properties": { "name": "البارون سيتي" }, "geometry": { "type": "Point", "coordinates": [ 31.340067888153389, 29.985238090732452 ] } },
{ "type": "Feature", "properties": { "name": "مدينة عباد الرحمن" }, "geometry": { "type": "Point", "coordinates": [ 31.334286429611634, 29.988890043074885 ] } },
{ "type": "Feature", "properties": { "name": "مدينة الفرسان" }, "geometry": { "type": "Point", "coordinates": [ 31.337434231614292, 29.984914996929664 ] } },
{ "type": "Feature", "properties": { "name": "معادي جاردنز" }, "geometry": { "type": "Point", "coordinates": [ 31.335196968809669, 29.985013604389223 ] } },
{ "type": "Feature", "properties": { "name": "أبتاون كايرو" }, "geometry": { "type": "Point", "coordinates": [ 31.303326911676926, 30.023826375361239 ] } },
{ "type": "Feature", "properties": { "name": "أبتاون كايرو" }, "geometry": { "type": "Point", "coordinates": [ 31.303326911676926, 30.023826375361239 ] } },
{ "type": "Feature", "properties": { "name": "الدويقة" }, "geometry": { "type": "Point", "coordinates": [ 31.297585938048019, 30.036064449807615 ] } },
{ "type": "Feature", "properties": { "name": "منشاه ناصر" }, "geometry": { "type": "Point", "coordinates": [ 31.284055358425991, 30.036354160752015 ] } },
{ "type": "Feature", "properties": { "name": "مدينة تبارك" }, "geometry": { "type": "Point", "coordinates": [ 31.336126593493592, 29.980377743058533 ] } },
{ "type": "Feature", "properties": { "name": "بافاريا تاون" }, "geometry": { "type": "Point", "coordinates": [ 31.339565445712743, 29.980387490664409 ] } },
{ "type": "Feature", "properties": { "name": "أبراج بدر" }, "geometry": { "type": "Point", "coordinates": [ 31.320283710211744, 29.983252776488008 ] } },
{ "type": "Feature", "properties": { "name": "كومبوند أشجار دارنا" }, "geometry": { "type": "Point", "coordinates": [ 31.323426575710844, 29.98227217402167 ] } },
{ "type": "Feature", "properties": { "name": "الحى 6" }, "geometry": { "type": "Point", "coordinates": [ 31.321329384910474, 29.994503536015127 ] } },
{ "type": "Feature", "properties": { "name": "الحي 5" }, "geometry": { "type": "Point", "coordinates": [ 31.314735081668637, 29.994539365501165 ] } },
{ "type": "Feature", "properties": { "name": "الحي 4" }, "geometry": { "type": "Point", "coordinates": [ 31.307175215297935, 29.99507691536159 ] } },
{ "type": "Feature", "properties": { "name": "الحى 3" }, "geometry": { "type": "Point", "coordinates": [ 31.299884791623487, 29.994964455428335 ] } },
{ "type": "Feature", "properties": { "name": "الحى 7" }, "geometry": { "type": "Point", "coordinates": [ 31.316678003128114, 29.988305367090621 ] } },
{ "type": "Feature", "properties": { "name": "الحي 8" }, "geometry": { "type": "Point", "coordinates": [ 31.307320638315545, 29.99004871663492 ] } },
{ "type": "Feature", "properties": { "name": "الحى 2" }, "geometry": { "type": "Point", "coordinates": [ 31.292043861292605, 29.999659878760909 ] } },
{ "type": "Feature", "properties": { "name": "الحى 1" }, "geometry": { "type": "Point", "coordinates": [ 31.282365694684522, 30.005930003229636 ] } },
{ "type": "Feature", "properties": { "name": "الهضبة الوسطى المقطم" }, "geometry": { "type": "Point", "coordinates": [ 31.304961810004873, 29.995864265678701 ] } },
{ "type": "Feature", "properties": { "name": "كمبوند جولدن جيتس" }, "geometry": { "type": "Point", "coordinates": [ 31.343423899744526, 30.006250310425628 ] } },
{ "type": "Feature", "properties": { "name": "كمبوند لا روز" }, "geometry": { "type": "Point", "coordinates": [ 31.498229954849073, 30.013052228256441 ] } },
{ "type": "Feature", "properties": { "name": "كمبوند جاردينيا سبرنجز" }, "geometry": { "type": "Point", "coordinates": [ 31.511330700198403, 30.048316403459349 ] } },
{ "type": "Feature", "properties": { "name": "كمبوند فيلات الريحان" }, "geometry": { "type": "Point", "coordinates": [ 31.509777648377433, 30.045323827352856 ] } },
{ "type": "Feature", "properties": { "name": "كمبوند ديار بارك" }, "geometry": { "type": "Point", "coordinates": [ 31.515533669825153, 30.045848551884426 ] } },
{ "type": "Feature", "properties": { "name": "كمبوند لاند مارك" }, "geometry": { "type": "Point", "coordinates": [ 31.512276618573729, 30.04357463087781 ] } },
{ "type": "Feature", "properties": { "name": "كمبوند ديار صبور" }, "geometry": { "type": "Point", "coordinates": [ 31.517698745226664, 30.041952592967732 ] } },
{ "type": "Feature", "properties": { "name": "كمبوند لينا سبرينجز" }, "geometry": { "type": "Point", "coordinates": [ 31.513208673219378, 30.038898296646597 ] } },
{ "type": "Feature", "properties": { "name": "كمبوند مون فالي 2" }, "geometry": { "type": "Point", "coordinates": [ 31.510360236655377, 30.038341258776875 ] } },
{ "type": "Feature", "properties": { "name": "كمبوند وان بيس" }, "geometry": { "type": "Point", "coordinates": [ 31.512410888691626, 30.036839369438908 ] } },
{ "type": "Feature", "properties": { "name": "كمبوند قطامية بريز" }, "geometry": { "type": "Point", "coordinates": [ 31.508758218541107, 30.037145212542708 ] } },
{ "type": "Feature", "properties": { "name": "كمبوند الحياة" }, "geometry": { "type": "Point", "coordinates": [ 31.507455603240864, 30.034946352496632 ] } },
{ "type": "Feature", "properties": { "name": "كمبوند جولي هايتس" }, "geometry": { "type": "Point", "coordinates": [ 31.510740732851964, 30.035740418511146 ] } },
{ "type": "Feature", "properties": { "name": "كمبوند زيزينيا روز" }, "geometry": { "type": "Point", "coordinates": [ 31.506485238386841, 30.039371674811761 ] } },
{ "type": "Feature", "properties": { "name": "كمبوند زيزينيا جاردنز" }, "geometry": { "type": "Point", "coordinates": [ 31.504666084551403, 30.037348705704844 ] } },
{ "type": "Feature", "properties": { "name": "كمبوند الباتيو 3" }, "geometry": { "type": "Point", "coordinates": [ 31.505019700228353, 30.042807769099564 ] } },
{ "type": "Feature", "properties": { "name": "كمبوند كونكورديا 2" }, "geometry": { "type": "Point", "coordinates": [ 31.503115272950879, 30.043050615997963 ] } },
{ "type": "Feature", "properties": { "name": "كمبوند صن سيتي جاردنز" }, "geometry": { "type": "Point", "coordinates": [ 31.502430785672669, 30.034427802288686 ] } },
{ "type": "Feature", "properties": { "name": "كمبوند باراديس" }, "geometry": { "type": "Point", "coordinates": [ 31.500129819111034, 30.035666975469812 ] } },
{ "type": "Feature", "properties": { "name": "سنترال بارك فيلاز" }, "geometry": { "type": "Point", "coordinates": [ 31.497282439155416, 30.036271436223018 ] } },
{ "type": "Feature", "properties": { "name": "كمبوند فيلينو" }, "geometry": { "type": "Point", "coordinates": [ 31.488706852496556, 30.051528318466556 ] } },
{ "type": "Feature", "properties": { "name": "كمبوند الطلائع" }, "geometry": { "type": "Point", "coordinates": [ 31.486365882370979, 30.051210383914079 ] } },
{ "type": "Feature", "properties": { "name": "كمبوند لاجو فيستا" }, "geometry": { "type": "Point", "coordinates": [ 31.482068648980089, 30.049657290116095 ] } },
{ "type": "Feature", "properties": { "name": "كمبوند سيلفر بالم" }, "geometry": { "type": "Point", "coordinates": [ 31.477120914968175, 30.048650595871941 ] } },
{ "type": "Feature", "properties": { "name": "كمبوند حياتي رزيدنس" }, "geometry": { "type": "Point", "coordinates": [ 31.486560172739491, 30.047635835165913 ] } },
{ "type": "Feature", "properties": { "name": "كمبوند بارك فيو" }, "geometry": { "type": "Point", "coordinates": [ 31.489308622943305, 30.04730573029865 ] } },
{ "type": "Feature", "properties": { "name": "كمبوند ماس" }, "geometry": { "type": "Point", "coordinates": [ 31.492738669017221, 30.047193718372473 ] } },
{ "type": "Feature", "properties": { "name": "باراديس الشروق" }, "geometry": { "type": "Point", "coordinates": [ 31.656883277310751, 30.156070651565159 ] } },
{ "type": "Feature", "properties": { "name": "عزبة الهجانة" }, "geometry": { "type": "Point", "coordinates": [ 31.38623168606809, 30.063389810491664 ] } },
{ "type": "Feature", "properties": { "name": "B1" }, "geometry": { "type": "Point", "coordinates": [ 31.638069341492525, 30.102091994259517 ] } },
{ "type": "Feature", "properties": { "name": "الواحة" }, "geometry": { "type": "Point", "coordinates": [ 31.372227240114047, 30.039056563417791 ] } },
{ "type": "Feature", "properties": { "name": "الحى 10" }, "geometry": { "type": "Point", "coordinates": [ 31.366458052500231, 30.035978412764717 ] } },
{ "type": "Feature", "properties": { "name": "الحى 10" }, "geometry": { "type": "Point", "coordinates": [ 31.366458052500231, 30.035978412764717 ] } },
{ "type": "Feature", "properties": { "name": "دار مصر القرنفل" }, "geometry": { "type": "Point", "coordinates": [ 31.52706304496094, 30.061752094917026 ] } },
{ "type": "Feature", "properties": { "name": "B2" }, "geometry": { "type": "Point", "coordinates": [ 31.64612875266511, 30.101638184343557 ] } },
{ "type": "Feature", "properties": { "name": "الزهراء" }, "geometry": { "type": "Point", "coordinates": [ 31.381718521092505, 29.942077471158427 ] } },
{ "type": "Feature", "properties": { "name": "كريستال بلازا" }, "geometry": { "type": "Point", "coordinates": [ 31.332049824909543, 29.981468161666204 ] } },
{ "type": "Feature", "properties": { "name": "معادى جراند سيتى" }, "geometry": { "type": "Point", "coordinates": [ 31.326913648127555, 29.980881281060512 ] } },
{ "type": "Feature", "properties": { "name": "بيتشو سيتى" }, "geometry": { "type": "Point", "coordinates": [ 31.32999252294994, 29.979387078552428 ] } },
{ "type": "Feature", "properties": { "name": "Group 71" }, "geometry": { "type": "Point", "coordinates": [ 31.646280111760763, 30.085963869276029 ] } },
{ "type": "Feature", "properties": { "name": "B7" }, "geometry": { "type": "Point", "coordinates": [ 31.648093225576197, 30.088207692087906 ] } },
{ "type": "Feature", "properties": { "name": "Group 74" }, "geometry": { "type": "Point", "coordinates": [ 31.646041962698824, 30.089857261231614 ] } },
{ "type": "Feature", "properties": { "name": "البغاله" }, "geometry": { "type": "Point", "coordinates": [ 31.240624845278166, 30.027311683654606 ] } },
{ "type": "Feature", "properties": { "name": "البغاله" }, "geometry": { "type": "Point", "coordinates": [ 31.240624845278166, 30.027311683654606 ] } },
{ "type": "Feature", "properties": { "name": "السيده" }, "geometry": { "type": "Point", "coordinates": [ 31.238373383146836, 30.031117242336034 ] } },
{ "type": "Feature", "properties": { "name": "خيرت" }, "geometry": { "type": "Point", "coordinates": [ 31.239763995244413, 30.035722224132016 ] } },
{ "type": "Feature", "properties": { "name": "السباعين" }, "geometry": { "type": "Point", "coordinates": [ 31.24208939684333, 30.037300635765654 ] } },
{ "type": "Feature", "properties": { "name": "بلوك 3" }, "geometry": { "type": "Point", "coordinates": [ 31.406573614924433, 30.059280704396514 ] } },
{ "type": "Feature", "properties": { "name": "بلوك 2" }, "geometry": { "type": "Point", "coordinates": [ 31.405215754997219, 30.060876806237765 ] } },
{ "type": "Feature", "properties": { "name": "بلوك 1" }, "geometry": { "type": "Point", "coordinates": [ 31.405068485505637, 30.063317635345228 ] } },
{ "type": "Feature", "properties": { "name": "بلوك 4" }, "geometry": { "type": "Point", "coordinates": [ 31.406691711835123, 30.060047746727303 ] } },
{ "type": "Feature", "properties": { "name": "بلوك 5" }, "geometry": { "type": "Point", "coordinates": [ 31.406618261874225, 30.060742814988025 ] } },
{ "type": "Feature", "properties": { "name": "بلوك 6" }, "geometry": { "type": "Point", "coordinates": [ 31.406722746160675, 30.061416586530122 ] } },
{ "type": "Feature", "properties": { "name": "كمبوند فاونتين بارك" }, "geometry": { "type": "Point", "coordinates": [ 31.531812623036441, 30.024538404742863 ] } },
{ "type": "Feature", "properties": { "name": "ماونتن فيو" }, "geometry": { "type": "Point", "coordinates": [ 31.510758441865143, 29.990372950124385 ] } },
{ "type": "Feature", "properties": { "name": "مدينة المستقبل" }, "geometry": { "type": "Point", "coordinates": [ 31.558431615389523, 30.164352800715086 ] } },
{ "type": "Feature", "properties": { "name": "مدينة المستقبل" }, "geometry": { "type": "Point", "coordinates": [ 31.558431615389523, 30.164352800715086 ] } },
{ "type": "Feature", "properties": { "name": "مباني 11" }, "geometry": { "type": "Point", "coordinates": [ 31.658677179025229, 30.075711668533987 ] } },
{ "type": "Feature", "properties": { "name": "الحى 5" }, "geometry": { "type": "Point", "coordinates": [ 31.697974611173624, 30.166453842803044 ] } },
{ "type": "Feature", "properties": { "name": "B3" }, "geometry": { "type": "Point", "coordinates": [ 31.640125207295313, 30.089378364087114 ] } },
{ "type": "Feature", "properties": { "name": "مباني 6" }, "geometry": { "type": "Point", "coordinates": [ 31.643208904253704, 30.07896696185286 ] } },
{ "type": "Feature", "properties": { "name": "Madinaty Golf Heights" }, "geometry": { "type": "Point", "coordinates": [ 31.61851341655073, 30.088967144843338 ] } },
{ "type": "Feature", "properties": { "name": "VG15" }, "geometry": { "type": "Point", "coordinates": [ 31.629439495072262, 30.084172979267528 ] } },
{ "type": "Feature", "properties": { "name": "بلوك 7" }, "geometry": { "type": "Point", "coordinates": [ 31.406635322320607, 30.062097412244704 ] } },
{ "type": "Feature", "properties": { "name": "بلوك 8" }, "geometry": { "type": "Point", "coordinates": [ 31.406390724151226, 30.062749242074197 ] } },
{ "type": "Feature", "properties": { "name": "بلوك 9" }, "geometry": { "type": "Point", "coordinates": [ 31.406314042472992, 30.063431309655673 ] } },
{ "type": "Feature", "properties": { "name": "بلوك 10" }, "geometry": { "type": "Point", "coordinates": [ 31.406409676317804, 30.064174611454842 ] } },
{ "type": "Feature", "properties": { "name": "بلوك 15" }, "geometry": { "type": "Point", "coordinates": [ 31.409043974564032, 30.062346260157614 ] } },
{ "type": "Feature", "properties": { "name": "بلوك 16" }, "geometry": { "type": "Point", "coordinates": [ 31.409427916046518, 30.061680330785979 ] } },
{ "type": "Feature", "properties": { "name": "عمارات مصر التعمير" }, "geometry": { "type": "Point", "coordinates": [ 31.372094471731675, 30.058292596130979 ] } },
{ "type": "Feature", "properties": { "name": "منطقة الروبيكى" }, "geometry": { "type": "Point", "coordinates": [ 31.743379991370436, 30.226657726892711 ] } },
{ "type": "Feature", "properties": { "name": "كمبوند النرجس" }, "geometry": { "type": "Point", "coordinates": [ 31.6459623744915, 29.917037631949523 ] } },
{ "type": "Feature", "properties": { "name": "كمبوند الياسمين" }, "geometry": { "type": "Point", "coordinates": [ 31.608702586015891, 29.936179014761997 ] } },
{ "type": "Feature", "properties": { "name": "مركز قيادة الدولة الإستراتيجي (مصر)" }, "geometry": { "type": "Point", "coordinates": [ 31.63276805771925, 29.95251663608628 ] } },
{ "type": "Feature", "properties": { "name": "كمبوند فيلت سوديك" }, "geometry": { "type": "Point", "coordinates": [ 31.547068981908101, 30.020745216408429 ] } },
{ "type": "Feature", "properties": { "name": "قطاع أ4 مكرر" }, "geometry": { "type": "Point", "coordinates": [ 31.819278888007126, 30.282998045020133 ] } },
{ "type": "Feature", "properties": { "name": "بلوك 4" }, "geometry": { "type": "Point", "coordinates": [ 31.343521381709792, 30.039493698606979 ] } },
{ "type": "Feature", "properties": { "name": "كمبوند فيلج جيت بالم هيلز" }, "geometry": { "type": "Point", "coordinates": [ 31.496564264287798, 30.0109793808546 ] } },
{ "type": "Feature", "properties": { "name": "كمبوند افاريس" }, "geometry": { "type": "Point", "coordinates": [ 31.477153822030562, 30.019981750508261 ] } },
{ "type": "Feature", "properties": { "name": "كمبوند عربية" }, "geometry": { "type": "Point", "coordinates": [ 31.479499348756089, 30.017518872268194 ] } },
{ "type": "Feature", "properties": { "name": "كمبوند جاردن فيو" }, "geometry": { "type": "Point", "coordinates": [ 31.47644998913086, 30.012697214162966 ] } },
{ "type": "Feature", "properties": { "name": "كمبوند جراند ريزيدنس" }, "geometry": { "type": "Point", "coordinates": [ 31.483768884057287, 30.013532743021045 ] } },
{ "type": "Feature", "properties": { "name": "كمبوند صن رايز" }, "geometry": { "type": "Point", "coordinates": [ 31.480108525171243, 30.014961480317517 ] } },
{ "type": "Feature", "properties": { "name": "كمبوند الأصيل" }, "geometry": { "type": "Point", "coordinates": [ 31.476738908711511, 30.015131254079641 ] } },
{ "type": "Feature", "properties": { "name": "كمبوند ريفيرا هيلز" }, "geometry": { "type": "Point", "coordinates": [ 31.496203823987045, 30.002957175802212 ] } },
{ "type": "Feature", "properties": { "name": "كمبوند أصالة سيتي" }, "geometry": { "type": "Point", "coordinates": [ 31.494845809153382, 30.00330521441866 ] } },
{ "type": "Feature", "properties": { "name": "كمبوند ميدتاون" }, "geometry": { "type": "Point", "coordinates": [ 31.501077058827288, 30.012268171041342 ] } },
{ "type": "Feature", "properties": { "name": "كمبوند مارفيل سيتي" }, "geometry": { "type": "Point", "coordinates": [ 31.499597126686648, 30.01393620051449 ] } },
{ "type": "Feature", "properties": { "name": "كمبوند لاتيرا" }, "geometry": { "type": "Point", "coordinates": [ 31.500392094671732, 30.00924374409443 ] } },
{ "type": "Feature", "properties": { "name": "كمبوند مينا" }, "geometry": { "type": "Point", "coordinates": [ 31.489915699061093, 30.008103194500169 ] } },
{ "type": "Feature", "properties": { "name": "كمبوند جراند قيصر" }, "geometry": { "type": "Point", "coordinates": [ 31.476428272368853, 30.017582319779891 ] } },
{ "type": "Feature", "properties": { "name": "كمبوند الجزيرة جرين بارك" }, "geometry": { "type": "Point", "coordinates": [ 31.483320031473916, 30.017554145299794 ] } },
{ "type": "Feature", "properties": { "name": "كمبوند فاونتين بلو" }, "geometry": { "type": "Point", "coordinates": [ 31.47541411623574, 30.01034470006304 ] } },
{ "type": "Feature", "properties": { "name": "كمبوند ريتاج" }, "geometry": { "type": "Point", "coordinates": [ 31.483904845340845, 30.019758759003906 ] } },
{ "type": "Feature", "properties": { "name": "كمبوند الزهوة" }, "geometry": { "type": "Point", "coordinates": [ 31.488117110022738, 30.019565341804945 ] } },
{ "type": "Feature", "properties": { "name": "كمبوند فلور دي فيل" }, "geometry": { "type": "Point", "coordinates": [ 31.487979281996083, 30.016853291048342 ] } },
{ "type": "Feature", "properties": { "name": "كمبوند قطامية بالمز" }, "geometry": { "type": "Point", "coordinates": [ 31.488149475108585, 30.014632461847363 ] } },
{ "type": "Feature", "properties": { "name": "كمبوند نيو ميريلاند" }, "geometry": { "type": "Point", "coordinates": [ 31.487828082396646, 30.012963593066718 ] } },
{ "type": "Feature", "properties": { "name": "بالم هيلز" }, "geometry": { "type": "Point", "coordinates": [ 31.493004353800597, 30.019809715539626 ] } },
{ "type": "Feature", "properties": { "name": "كمبوند ناينتي أفينيو" }, "geometry": { "type": "Point", "coordinates": [ 31.492946161760244, 30.023213469672793 ] } },
{ "type": "Feature", "properties": { "name": "كمبوند لايف" }, "geometry": { "type": "Point", "coordinates": [ 31.489559159628374, 30.010597532176973 ] } },
{ "type": "Feature", "properties": { "name": "كمبوند لايف فيو" }, "geometry": { "type": "Point", "coordinates": [ 31.488752472739446, 30.009944812209341 ] } },
{ "type": "Feature", "properties": { "name": "كمبوند ايزي لايف" }, "geometry": { "type": "Point", "coordinates": [ 31.487798829168586, 30.009745197106561 ] } },
{ "type": "Feature", "properties": { "name": "كمبوند سمارت لايف" }, "geometry": { "type": "Point", "coordinates": [ 31.488122469876483, 30.011218701852005 ] } },
{ "type": "Feature", "properties": { "name": "كمبوند ذا ڤيلا" }, "geometry": { "type": "Point", "coordinates": [ 31.485443080388439, 30.009072895205609 ] } },
{ "type": "Feature", "properties": { "name": "كمبوند جنتي" }, "geometry": { "type": "Point", "coordinates": [ 31.483598326861145, 30.005304668231112 ] } },
{ "type": "Feature", "properties": { "name": "كمبوند لافي" }, "geometry": { "type": "Point", "coordinates": [ 31.501302760837159, 30.004287679500226 ] } },
{ "type": "Feature", "properties": { "name": "النرجس عمارات 1" }, "geometry": { "type": "Point", "coordinates": [ 31.455994507168636, 30.002154810966406 ] } },
{ "type": "Feature", "properties": { "name": "كمبوند صن رايز" }, "geometry": { "type": "Point", "coordinates": [ 31.499505631460991, 30.011760152727078 ] } },
{ "type": "Feature", "properties": { "name": "كمبوند حياه ريزيدنس" }, "geometry": { "type": "Point", "coordinates": [ 31.486084625976773, 30.037109980451593 ] } },
{ "type": "Feature", "properties": { "name": "كمبوند المرام لاند مارك" }, "geometry": { "type": "Point", "coordinates": [ 31.486077838790134, 30.035791512193008 ] } },
{ "type": "Feature", "properties": { "name": "كمبوند إيتوال دي فيليز" }, "geometry": { "type": "Point", "coordinates": [ 31.488040540212765, 30.036145661435917 ] } },
{ "type": "Feature", "properties": { "name": "كمبوند قطامية بلازا" }, "geometry": { "type": "Point", "coordinates": [ 31.49053909323036, 30.036259683891085 ] } },
{ "type": "Feature", "properties": { "name": "منطقة 2" }, "geometry": { "type": "Point", "coordinates": [ 31.528692901057639, 29.971074277344734 ] } },
{ "type": "Feature", "properties": { "name": "منطقة 3" }, "geometry": { "type": "Point", "coordinates": [ 31.522692798546018, 29.970849711193392 ] } },
{ "type": "Feature", "properties": { "name": "منطقة 1" }, "geometry": { "type": "Point", "coordinates": [ 31.536920726666043, 29.970788297773375 ] } },
{ "type": "Feature", "properties": { "name": "كمبوند ليلة" }, "geometry": { "type": "Point", "coordinates": [ 31.47658853505008, 30.029996878437764 ] } },
{ "type": "Feature", "properties": { "name": "كمبوند ليلة" }, "geometry": { "type": "Point", "coordinates": [ 31.47658853505008, 30.029996878437764 ] } },
{ "type": "Feature", "properties": { "name": "PALMA COMPOUND" }, "geometry": { "type": "Point", "coordinates": [ 31.482818576483098, 30.030247945343 ] } },
{ "type": "Feature", "properties": { "name": "PALMA COMPOUND" }, "geometry": { "type": "Point", "coordinates": [ 31.482818576483098, 30.030247945343 ] } },
{ "type": "Feature", "properties": { "name": "كمبوند النخيل" }, "geometry": { "type": "Point", "coordinates": [ 31.517631284186219, 29.971940141652698 ] } },
{ "type": "Feature", "properties": { "name": "دار مصر الأندلس - المرحلة الأولى - 29 عمارة" }, "geometry": { "type": "Point", "coordinates": [ 31.518000746623141, 29.969620417973584 ] } },
{ "type": "Feature", "properties": { "name": "دار مصر الأندلس - المرحلة الأولى - 70 عمارة" }, "geometry": { "type": "Point", "coordinates": [ 31.514149295475011, 29.971974113280538 ] } },
{ "type": "Feature", "properties": { "name": "كمبوند فتون أفينيو" }, "geometry": { "type": "Point", "coordinates": [ 31.515845381054497, 29.969677370556447 ] } },
{ "type": "Feature", "properties": { "name": "المرحلة 2" }, "geometry": { "type": "Point", "coordinates": [ 31.505845826907386, 29.970841582354382 ] } },
{ "type": "Feature", "properties": { "name": "المرحلة 1" }, "geometry": { "type": "Point", "coordinates": [ 31.507690930223461, 29.972381584534272 ] } },
{ "type": "Feature", "properties": { "name": "كمبوند الجازي بارك آفي" }, "geometry": { "type": "Point", "coordinates": [ 31.478060966519781, 30.035500816967421 ] } },
{ "type": "Feature", "properties": { "name": "كمبوند الجوهرة" }, "geometry": { "type": "Point", "coordinates": [ 31.478244368927797, 30.033961517786928 ] } },
{ "type": "Feature", "properties": { "name": "كمبوند لا كوينتا" }, "geometry": { "type": "Point", "coordinates": [ 31.476456677660863, 30.033944376254002 ] } },
{ "type": "Feature", "properties": { "name": "كمبوند حدائق الفداء" }, "geometry": { "type": "Point", "coordinates": [ 31.476167550525535, 30.032090025917483 ] } },
{ "type": "Feature", "properties": { "name": "كمبوند روك فيرا" }, "geometry": { "type": "Point", "coordinates": [ 31.514073020056436, 29.969674492349331 ] } },
{ "type": "Feature", "properties": { "name": "كمبوند فيلار" }, "geometry": { "type": "Point", "coordinates": [ 31.490121249455957, 30.030633200031666 ] } },
{ "type": "Feature", "properties": { "name": "كمبوند فيلار" }, "geometry": { "type": "Point", "coordinates": [ 31.490121249455957, 30.030633200031666 ] } },
{ "type": "Feature", "properties": { "name": "كمبوند المستشارين" }, "geometry": { "type": "Point", "coordinates": [ 31.493730926404549, 30.035979795622698 ] } },
{ "type": "Feature", "properties": { "name": "الأندلس 1" }, "geometry": { "type": "Point", "coordinates": [ 31.517417475161931, 29.99048202051916 ] } },
{ "type": "Feature", "properties": { "name": "الأندلس عائلي" }, "geometry": { "type": "Point", "coordinates": [ 31.5185976724594, 29.983676147975878 ] } },
{ "type": "Feature", "properties": { "name": "كمبوند فاميلي سيتي" }, "geometry": { "type": "Point", "coordinates": [ 31.486339473322111, 30.034064792758123 ] } },
{ "type": "Feature", "properties": { "name": "كمبوند ميراج سيتي" }, "geometry": { "type": "Point", "coordinates": [ 31.438627120669807, 30.073234515077338 ] } },
{ "type": "Feature", "properties": { "name": "كمبوند الجازى جاردن" }, "geometry": { "type": "Point", "coordinates": [ 31.483118677890399, 30.033514257485859 ] } },
{ "type": "Feature", "properties": { "name": "كمبوند ريماس" }, "geometry": { "type": "Point", "coordinates": [ 31.483010255969205, 30.035779657104509 ] } },
{ "type": "Feature", "properties": { "name": "المجاورة 14, 15" }, "geometry": { "type": "Point", "coordinates": [ 31.442439872898142, 30.067031413228619 ] } },
{ "type": "Feature", "properties": { "name": "المجاورة 16" }, "geometry": { "type": "Point", "coordinates": [ 31.437410521309094, 30.064586354581433 ] } },
{ "type": "Feature", "properties": { "name": "المجاورة 17" }, "geometry": { "type": "Point", "coordinates": [ 31.442895463970093, 30.063361697510057 ] } },
{ "type": "Feature", "properties": { "name": "كمبوند فيفث سكوير" }, "geometry": { "type": "Point", "coordinates": [ 31.537938552227807, 30.05059930783451 ] } },
{ "type": "Feature", "properties": { "name": "كمبوند فيلج جاردنز قطامية" }, "geometry": { "type": "Point", "coordinates": [ 31.546742271078696, 30.038457626848022 ] } },
{ "type": "Feature", "properties": { "name": "كمبوند لايك فيو ريزيدانس" }, "geometry": { "type": "Point", "coordinates": [ 31.538494456955899, 30.024600860275296 ] } },
{ "type": "Feature", "properties": { "name": "المجاورة 12, 13" }, "geometry": { "type": "Point", "coordinates": [ 31.443707776407013, 30.070454146707029 ] } },
{ "type": "Feature", "properties": { "name": "امتداد كمبوند بالم هيلز قطامية مرحلة2" }, "geometry": { "type": "Point", "coordinates": [ 31.549051393842632, 30.046863621194397 ] } },
{ "type": "Feature", "properties": { "name": "امتداد كمبوند بالم هيلز قطامية مرحلة 1" }, "geometry": { "type": "Point", "coordinates": [ 31.543773059913576, 30.04472717685724 ] } },
{ "type": "Feature", "properties": { "name": "كمبوند جاليريا مون فالي" }, "geometry": { "type": "Point", "coordinates": [ 31.538648288532105, 30.019951463300302 ] } },
{ "type": "Feature", "properties": { "name": "كمبوند أسوار ريزيدنس" }, "geometry": { "type": "Point", "coordinates": [ 31.531899389768054, 30.028390051263287 ] } },
{ "type": "Feature", "properties": { "name": "الحى الخامس" }, "geometry": { "type": "Point", "coordinates": [ 31.582473882732028, 30.050347369403774 ] } },
{ "type": "Feature", "properties": { "name": "الحى الثالث" }, "geometry": { "type": "Point", "coordinates": [ 31.577342303616639, 30.063658444804883 ] } },
{ "type": "Feature", "properties": { "name": "كمبوند ليان صبور" }, "geometry": { "type": "Point", "coordinates": [ 31.547384353578991, 30.031675224454407 ] } },
{ "type": "Feature", "properties": { "name": "كمبوند ليان صبور" }, "geometry": { "type": "Point", "coordinates": [ 31.547384353578991, 30.031675224454407 ] } },
{ "type": "Feature", "properties": { "name": "كمبوند ايجلز ريذيدانس" }, "geometry": { "type": "Point", "coordinates": [ 31.531062421992154, 30.020907087871159 ] } },
{ "type": "Feature", "properties": { "name": "الحي الرابع" }, "geometry": { "type": "Point", "coordinates": [ 31.561863110841106, 30.048576027869739 ] } },
{ "type": "Feature", "properties": { "name": "الحي الرابع" }, "geometry": { "type": "Point", "coordinates": [ 31.561863110841106, 30.048576027869739 ] } },
{ "type": "Feature", "properties": { "name": "الحي الثاني" }, "geometry": { "type": "Point", "coordinates": [ 31.551263825664059, 30.062956236044119 ] } },
{ "type": "Feature", "properties": { "name": "الحي الثاني" }, "geometry": { "type": "Point", "coordinates": [ 31.551263825664059, 30.062956236044119 ] } },
{ "type": "Feature", "properties": { "name": "امتداد تمر حنة" }, "geometry": { "type": "Point", "coordinates": [ 31.539188568751381, 30.039714245789241 ] } },
{ "type": "Feature", "properties": { "name": "الحي الأول" }, "geometry": { "type": "Point", "coordinates": [ 31.557161718424709, 30.074335034136542 ] } },
{ "type": "Feature", "properties": { "name": "الحي الأول" }, "geometry": { "type": "Point", "coordinates": [ 31.557161718424709, 30.074335034136542 ] } },
{ "type": "Feature", "properties": { "name": "كمبوند بالم هيلز قطامية" }, "geometry": { "type": "Point", "coordinates": [ 31.538395681790725, 30.032738496363859 ] } },
{ "type": "Feature", "properties": { "name": "كمبوند بالم هيلز قطامية" }, "geometry": { "type": "Point", "coordinates": [ 31.538395681790725, 30.032738496363859 ] } },
{ "type": "Feature", "properties": { "name": "الحي الثامن" }, "geometry": { "type": "Point", "coordinates": [ 31.581627741655623, 30.030261986099738 ] } },
{ "type": "Feature", "properties": { "name": "الحي الثامن" }, "geometry": { "type": "Point", "coordinates": [ 31.581627741655623, 30.030261986099738 ] } },
{ "type": "Feature", "properties": { "name": "الحى السادس" }, "geometry": { "type": "Point", "coordinates": [ 31.564707135500118, 30.033161054825644 ] } },
{ "type": "Feature", "properties": { "name": "الحى السادس" }, "geometry": { "type": "Point", "coordinates": [ 31.564707135500118, 30.033161054825644 ] } },
{ "type": "Feature", "properties": { "name": "الحى السادس" }, "geometry": { "type": "Point", "coordinates": [ 31.564707135500118, 30.033161054825644 ] } },
{ "type": "Feature", "properties": { "name": "الحى السادس" }, "geometry": { "type": "Point", "coordinates": [ 31.564707135500118, 30.033161054825644 ] } },
{ "type": "Feature", "properties": { "name": "منطقة جنوب السويس" }, "geometry": { "type": "Point", "coordinates": [ 31.544095022970584, 30.074188631904487 ] } },
{ "type": "Feature", "properties": { "name": "VG14" }, "geometry": { "type": "Point", "coordinates": [ 31.631688982480853, 30.089665977839818 ] } },
{ "type": "Feature", "properties": { "name": "VG17" }, "geometry": { "type": "Point", "coordinates": [ 31.633619044646217, 30.086561310741658 ] } },
{ "type": "Feature", "properties": { "name": "VG16" }, "geometry": { "type": "Point", "coordinates": [ 31.634309023994476, 30.09021482908048 ] } },
{ "type": "Feature", "properties": { "name": "فيلات الجولف" }, "geometry": { "type": "Point", "coordinates": [ 31.624669308057179, 30.099448879148191 ] } },
{ "type": "Feature", "properties": { "name": "كمبوند قطامية رزيدنس" }, "geometry": { "type": "Point", "coordinates": [ 31.424927380412903, 30.061929231364509 ] } },
{ "type": "Feature", "properties": { "name": "الحى السابع" }, "geometry": { "type": "Point", "coordinates": [ 31.589529514527918, 30.040920356179111 ] } },
{ "type": "Feature", "properties": { "name": "الدبلوماسيين" }, "geometry": { "type": "Point", "coordinates": [ 31.44082032084815, 29.993533570725244 ] } },
{ "type": "Feature", "properties": { "name": "كمبوند رويال مكسيم" }, "geometry": { "type": "Point", "coordinates": [ 31.420359077322082, 30.061822960973672 ] } },
{ "type": "Feature", "properties": { "name": "كمبوند رويال مكسيم" }, "geometry": { "type": "Point", "coordinates": [ 31.418108687792397, 30.059145209691906 ] } },
{ "type": "Feature", "properties": { "name": "كمبوند ازاد" }, "geometry": { "type": "Point", "coordinates": [ 31.508170073986339, 30.012211006857328 ] } },
{ "type": "Feature", "properties": { "name": "VG21" }, "geometry": { "type": "Point", "coordinates": [ 31.633140337972154, 30.075669842916611 ] } },
{ "type": "Feature", "properties": { "name": "فيلات 20" }, "geometry": { "type": "Point", "coordinates": [ 31.637003060871642, 30.07594609240482 ] } },
{ "type": "Feature", "properties": { "name": "كمبوند لافنير" }, "geometry": { "type": "Point", "coordinates": [ 31.621179949982668, 30.055437403602674 ] } },
{ "type": "Feature", "properties": { "name": "B10" }, "geometry": { "type": "Point", "coordinates": [ 31.659712953833338, 30.082415941030522 ] } },
{ "type": "Feature", "properties": { "name": "The Spine - Madinaty" }, "geometry": { "type": "Point", "coordinates": [ 31.663255113598012, 30.100496740789847 ] } },
{ "type": "Feature", "properties": { "name": "B14" }, "geometry": { "type": "Point", "coordinates": [ 31.676321075958963, 30.097755836103833 ] } },
{ "type": "Feature", "properties": { "name": "B15" }, "geometry": { "type": "Point", "coordinates": [ 31.680033590440047, 30.08997118006695 ] } },
{ "type": "Feature", "properties": { "name": "Privado Compound" }, "geometry": { "type": "Point", "coordinates": [ 31.667636550623318, 30.091910554686606 ] } },
{ "type": "Feature", "properties": { "name": "B8" }, "geometry": { "type": "Point", "coordinates": [ 31.654001455341284, 30.099178611669174 ] } },
{ "type": "Feature", "properties": { "name": "كمبوند زيزينيا المستقبل" }, "geometry": { "type": "Point", "coordinates": [ 31.624338698952624, 30.049679834089382 ] } },
{ "type": "Feature", "properties": { "name": "كمبوند درة الكرز" }, "geometry": { "type": "Point", "coordinates": [ 31.542442457734328, 29.994243045309151 ] } },
{ "type": "Feature", "properties": { "name": "كمبوند ايفورا ريذيدانس" }, "geometry": { "type": "Point", "coordinates": [ 31.535114627730113, 30.020797715921976 ] } },
{ "type": "Feature", "properties": { "name": "منطقة ج" }, "geometry": { "type": "Point", "coordinates": [ 31.560238052136107, 30.079945871179159 ] } },
{ "type": "Feature", "properties": { "name": "منطقة أ" }, "geometry": { "type": "Point", "coordinates": [ 31.550679219865717, 30.078013012826833 ] } },
{ "type": "Feature", "properties": { "name": "منطقة أ" }, "geometry": { "type": "Point", "coordinates": [ 31.548051544209272, 30.072897607087945 ] } },
{ "type": "Feature", "properties": { "name": "منطقة د" }, "geometry": { "type": "Point", "coordinates": [ 31.545650142975205, 30.076349637334893 ] } },
{ "type": "Feature", "properties": { "name": "منطقة ب" }, "geometry": { "type": "Point", "coordinates": [ 31.541121451668634, 30.071771593825783 ] } },
{ "type": "Feature", "properties": { "name": "منطقة ج" }, "geometry": { "type": "Point", "coordinates": [ 31.541238676408145, 30.076147631706394 ] } },
{ "type": "Feature", "properties": { "name": "منطقة هـ" }, "geometry": { "type": "Point", "coordinates": [ 31.55680354989267, 30.075344225909735 ] } },
{ "type": "Feature", "properties": { "name": "منطقة ز" }, "geometry": { "type": "Point", "coordinates": [ 31.557433646066102, 30.07050891348441 ] } },
{ "type": "Feature", "properties": { "name": "منطقة ط" }, "geometry": { "type": "Point", "coordinates": [ 31.561678786592765, 30.067552879991126 ] } },
{ "type": "Feature", "properties": { "name": "منطقة ط" }, "geometry": { "type": "Point", "coordinates": [ 31.561678786592765, 30.067552879991126 ] } },
{ "type": "Feature", "properties": { "name": "منطقة ح" }, "geometry": { "type": "Point", "coordinates": [ 31.561849412060162, 30.072121123074517 ] } },
{ "type": "Feature", "properties": { "name": "منطقة ح" }, "geometry": { "type": "Point", "coordinates": [ 31.561849412060162, 30.072121123074517 ] } },
{ "type": "Feature", "properties": { "name": "منطقة ب" }, "geometry": { "type": "Point", "coordinates": [ 31.556136701738925, 30.078940444035094 ] } },
{ "type": "Feature", "properties": { "name": "منطقة د" }, "geometry": { "type": "Point", "coordinates": [ 31.560818187088991, 30.076252539995821 ] } },
{ "type": "Feature", "properties": { "name": "منطقة و" }, "geometry": { "type": "Point", "coordinates": [ 31.552014037426989, 30.074902484373798 ] } },
{ "type": "Feature", "properties": { "name": "منطقة ز" }, "geometry": { "type": "Point", "coordinates": [ 31.548404055143752, 30.062173437927221 ] } },
{ "type": "Feature", "properties": { "name": "منطقة ط" }, "geometry": { "type": "Point", "coordinates": [ 31.551582273627513, 30.05965647150612 ] } },
{ "type": "Feature", "properties": { "name": "منطقة هـ" }, "geometry": { "type": "Point", "coordinates": [ 31.548098022225794, 30.06582209870076 ] } },
{ "type": "Feature", "properties": { "name": "منطقة و" }, "geometry": { "type": "Point", "coordinates": [ 31.553670503318127, 30.066772413636208 ] } },
{ "type": "Feature", "properties": { "name": "منطقة م" }, "geometry": { "type": "Point", "coordinates": [ 31.561286009307203, 30.060830755859762 ] } },
{ "type": "Feature", "properties": { "name": "منطقة م" }, "geometry": { "type": "Point", "coordinates": [ 31.561286009307203, 30.060830755859762 ] } },
{ "type": "Feature", "properties": { "name": "منطقة ج" }, "geometry": { "type": "Point", "coordinates": [ 31.550954548145906, 30.070110924760264 ] } },
{ "type": "Feature", "properties": { "name": "منطقة ب" }, "geometry": { "type": "Point", "coordinates": [ 31.54618164067681, 30.068874501496879 ] } },
{ "type": "Feature", "properties": { "name": "منطقة ح" }, "geometry": { "type": "Point", "coordinates": [ 31.550337671559909, 30.056157620072653 ] } },
{ "type": "Feature", "properties": { "name": "منطقة ل" }, "geometry": { "type": "Point", "coordinates": [ 31.557773066083175, 30.058480760859201 ] } },
{ "type": "Feature", "properties": { "name": "منطقة د" }, "geometry": { "type": "Point", "coordinates": [ 31.545443388437842, 30.061437217324897 ] } },
{ "type": "Feature", "properties": { "name": "منطقة ك" }, "geometry": { "type": "Point", "coordinates": [ 31.554873672584346, 30.056810439855528 ] } },
{ "type": "Feature", "properties": { "name": "منطقة ي" }, "geometry": { "type": "Point", "coordinates": [ 31.55698339711925, 30.063020453108798 ] } },
{ "type": "Feature", "properties": { "name": "منطقة أ" }, "geometry": { "type": "Point", "coordinates": [ 31.542164066467343, 30.066601989280354 ] } },
{ "type": "Feature", "properties": { "name": "منطقة ي" }, "geometry": { "type": "Point", "coordinates": [ 31.576666006775586, 30.060517236883015 ] } },
{ "type": "Feature", "properties": { "name": "منطقة ح" }, "geometry": { "type": "Point", "coordinates": [ 31.580105955236473, 30.062289589554105 ] } },
{ "type": "Feature", "properties": { "name": "منطقة ك" }, "geometry": { "type": "Point", "coordinates": [ 31.573191491427217, 30.059578224373375 ] } },
{ "type": "Feature", "properties": { "name": "منطقة ل" }, "geometry": { "type": "Point", "coordinates": [ 31.570585774614806, 30.062888009094639 ] } },
{ "type": "Feature", "properties": { "name": "منطقة ط" }, "geometry": { "type": "Point", "coordinates": [ 31.576744054561093, 30.05752430802141 ] } },
{ "type": "Feature", "properties": { "name": "منطقة ز" }, "geometry": { "type": "Point", "coordinates": [ 31.581555440615659, 30.059338587830762 ] } },
{ "type": "Feature", "properties": { "name": "منطقة و" }, "geometry": { "type": "Point", "coordinates": [ 31.584923917798093, 30.060842120677822 ] } },
{ "type": "Feature", "properties": { "name": "منطقة د" }, "geometry": { "type": "Point", "coordinates": [ 31.581893972149068, 30.066983195855386 ] } },
{ "type": "Feature", "properties": { "name": "منطقة ج" }, "geometry": { "type": "Point", "coordinates": [ 31.578280331845452, 30.065905752178043 ] } },
{ "type": "Feature", "properties": { "name": "منطقة أ" }, "geometry": { "type": "Point", "coordinates": [ 31.580263427439046, 30.070019762347016 ] } },
{ "type": "Feature", "properties": { "name": "منطقة ب" }, "geometry": { "type": "Point", "coordinates": [ 31.576692543266823, 30.068883988815855 ] } },
{ "type": "Feature", "properties": { "name": "منطقة ن" }, "geometry": { "type": "Point", "coordinates": [ 31.571050967977847, 30.06658315976437 ] } },
{ "type": "Feature", "properties": { "name": "منطقة هـ" }, "geometry": { "type": "Point", "coordinates": [ 31.583475525835695, 30.063847968941054 ] } },
{ "type": "Feature", "properties": { "name": "منطقة م" }, "geometry": { "type": "Point", "coordinates": [ 31.574636970176478, 30.064118332668183 ] } },
{ "type": "Feature", "properties": { "name": "منطقة ب" }, "geometry": { "type": "Point", "coordinates": [ 31.582821876717059, 30.056844052560539 ] } },
{ "type": "Feature", "properties": { "name": "منطقة أ" }, "geometry": { "type": "Point", "coordinates": [ 31.586366145823931, 30.057964453836036 ] } },
{ "type": "Feature", "properties": { "name": "منطقة هـ" }, "geometry": { "type": "Point", "coordinates": [ 31.589392928328611, 30.052036228472517 ] } },
{ "type": "Feature", "properties": { "name": "منطقة و" }, "geometry": { "type": "Point", "coordinates": [ 31.590725501518296, 30.049352342012249 ] } },
{ "type": "Feature", "properties": { "name": "منطقة ي" }, "geometry": { "type": "Point", "coordinates": [ 31.581333660421567, 30.047989501804707 ] } },
{ "type": "Feature", "properties": { "name": "منطقة ح" }, "geometry": { "type": "Point", "coordinates": [ 31.585923138873181, 30.050538709069322 ] } },
{ "type": "Feature", "properties": { "name": "منطقة م" }, "geometry": { "type": "Point", "coordinates": [ 31.576237906885201, 30.051786605907527 ] } },
{ "type": "Feature", "properties": { "name": "منطقة ك" }, "geometry": { "type": "Point", "coordinates": [ 31.577884403173098, 30.042531514845848 ] } },
{ "type": "Feature", "properties": { "name": "منطقة ل" }, "geometry": { "type": "Point", "coordinates": [ 31.576496514515132, 30.046943724611179 ] } },
{ "type": "Feature", "properties": { "name": "منطقة س" }, "geometry": { "type": "Point", "coordinates": [ 31.577712641065705, 30.055336796047538 ] } },
{ "type": "Feature", "properties": { "name": "منطقة ج" }, "geometry": { "type": "Point", "coordinates": [ 31.584344729451693, 30.053921490994288 ] } },
{ "type": "Feature", "properties": { "name": "منطقة ط" }, "geometry": { "type": "Point", "coordinates": [ 31.582795736102209, 30.044876463222646 ] } },
{ "type": "Feature", "properties": { "name": "منطقة ز" }, "geometry": { "type": "Point", "coordinates": [ 31.587344022260073, 30.04756148385842 ] } },
{ "type": "Feature", "properties": { "name": "منطقة د" }, "geometry": { "type": "Point", "coordinates": [ 31.587956562101887, 30.054985740971006 ] } },
{ "type": "Feature", "properties": { "name": "منطقة ن" }, "geometry": { "type": "Point", "coordinates": [ 31.580391028062753, 30.052002255013864 ] } },
{ "type": "Feature", "properties": { "name": "منطقة و" }, "geometry": { "type": "Point", "coordinates": [ 31.580426275021082, 30.039335092516751 ] } },
{ "type": "Feature", "properties": { "name": "منطقة ح" }, "geometry": { "type": "Point", "coordinates": [ 31.586931972646141, 30.03632590692289 ] } },
{ "type": "Feature", "properties": { "name": "منطقة د" }, "geometry": { "type": "Point", "coordinates": [ 31.587789382730826, 30.040110876706517 ] } },
{ "type": "Feature", "properties": { "name": "منطقة هـ" }, "geometry": { "type": "Point", "coordinates": [ 31.584554618209509, 30.042398099971837 ] } },
{ "type": "Feature", "properties": { "name": "منطقة ز" }, "geometry": { "type": "Point", "coordinates": [ 31.583712230659788, 30.037501916732275 ] } },
{ "type": "Feature", "properties": { "name": "منطقة ط" }, "geometry": { "type": "Point", "coordinates": [ 31.59073662208694, 30.03505813373425 ] } },
{ "type": "Feature", "properties": { "name": "منطقة ج" }, "geometry": { "type": "Point", "coordinates": [ 31.592531032592184, 30.038047024077756 ] } },
{ "type": "Feature", "properties": { "name": "منطقة أ" }, "geometry": { "type": "Point", "coordinates": [ 31.591772032211836, 30.046127160196111 ] } },
{ "type": "Feature", "properties": { "name": "منطقة ب" }, "geometry": { "type": "Point", "coordinates": [ 31.594648527993364, 30.042927336548399 ] } },
{ "type": "Feature", "properties": { "name": "منطقة ح" }, "geometry": { "type": "Point", "coordinates": [ 31.587332138592451, 30.026606968344705 ] } },
{ "type": "Feature", "properties": { "name": "منطقة د" }, "geometry": { "type": "Point", "coordinates": [ 31.581276699540297, 30.033158678228251 ] } },
{ "type": "Feature", "properties": { "name": "منطقة و" }, "geometry": { "type": "Point", "coordinates": [ 31.589588755645817, 30.031767519055091 ] } },
{ "type": "Feature", "properties": { "name": "منطقة و" }, "geometry": { "type": "Point", "coordinates": [ 31.589588755645817, 30.031767519055091 ] } },
{ "type": "Feature", "properties": { "name": "منطقة هـ" }, "geometry": { "type": "Point", "coordinates": [ 31.585245245288807, 30.032738032823758 ] } },
{ "type": "Feature", "properties": { "name": "منطقة هـ" }, "geometry": { "type": "Point", "coordinates": [ 31.585245245288807, 30.032738032823758 ] } },
{ "type": "Feature", "properties": { "name": "منطقة ز" }, "geometry": { "type": "Point", "coordinates": [ 31.588762859586083, 30.029209579722391 ] } },
{ "type": "Feature", "properties": { "name": "منطقة ي" }, "geometry": { "type": "Point", "coordinates": [ 31.575349230394288, 30.02826884363861 ] } },
{ "type": "Feature", "properties": { "name": "منطقة ب" }, "geometry": { "type": "Point", "coordinates": [ 31.577290821723278, 30.032164804609724 ] } },
{ "type": "Feature", "properties": { "name": "منطقة ب" }, "geometry": { "type": "Point", "coordinates": [ 31.577290821723278, 30.032164804609724 ] } },
{ "type": "Feature", "properties": { "name": "منطقة أ" }, "geometry": { "type": "Point", "coordinates": [ 31.573917304596467, 30.032193842453793 ] } },
{ "type": "Feature", "properties": { "name": "منطقة أ" }, "geometry": { "type": "Point", "coordinates": [ 31.573917304596467, 30.032193842453793 ] } },
{ "type": "Feature", "properties": { "name": "منطقة ط" }, "geometry": { "type": "Point", "coordinates": [ 31.581884052490324, 30.02800871878463 ] } },
{ "type": "Feature", "properties": { "name": "منطقة ج" }, "geometry": { "type": "Point", "coordinates": [ 31.582891903005759, 30.030464025147143 ] } },
{ "type": "Feature", "properties": { "name": "منطقة ج" }, "geometry": { "type": "Point", "coordinates": [ 31.582891903005759, 30.030464025147143 ] } },
{ "type": "Feature", "properties": { "name": "منطقة ك" }, "geometry": { "type": "Point", "coordinates": [ 31.560073010605265, 30.028946663769435 ] } },
{ "type": "Feature", "properties": { "name": "منطقة م" }, "geometry": { "type": "Point", "coordinates": [ 31.558807404543394, 30.032051133309473 ] } },
{ "type": "Feature", "properties": { "name": "منطقة م" }, "geometry": { "type": "Point", "coordinates": [ 31.558807404543394, 30.032051133309473 ] } },
{ "type": "Feature", "properties": { "name": "منطقة ل" }, "geometry": { "type": "Point", "coordinates": [ 31.562115936160605, 30.03175510553017 ] } },
{ "type": "Feature", "properties": { "name": "منطقة ل" }, "geometry": { "type": "Point", "coordinates": [ 31.562115936160605, 30.03175510553017 ] } },
{ "type": "Feature", "properties": { "name": "منطقة ل" }, "geometry": { "type": "Point", "coordinates": [ 31.562115936160605, 30.03175510553017 ] } },
{ "type": "Feature", "properties": { "name": "منطقة ط" }, "geometry": { "type": "Point", "coordinates": [ 31.569913229230593, 30.028455263230136 ] } },
{ "type": "Feature", "properties": { "name": "منطقة ح" }, "geometry": { "type": "Point", "coordinates": [ 31.568207994393905, 30.031770133763814 ] } },
{ "type": "Feature", "properties": { "name": "منطقة ح" }, "geometry": { "type": "Point", "coordinates": [ 31.568207994393905, 30.031770133763814 ] } },
{ "type": "Feature", "properties": { "name": "منطقة ح" }, "geometry": { "type": "Point", "coordinates": [ 31.568207994393905, 30.031770133763814 ] } },
{ "type": "Feature", "properties": { "name": "منطقة ح" }, "geometry": { "type": "Point", "coordinates": [ 31.568207994393905, 30.031770133763814 ] } },
{ "type": "Feature", "properties": { "name": "منطقة ز" }, "geometry": { "type": "Point", "coordinates": [ 31.57130265003801, 30.03411524375144 ] } },
{ "type": "Feature", "properties": { "name": "منطقة و" }, "geometry": { "type": "Point", "coordinates": [ 31.569318988092924, 30.035896190851311 ] } },
{ "type": "Feature", "properties": { "name": "منطقة ج" }, "geometry": { "type": "Point", "coordinates": [ 31.561836824656861, 30.034876258827428 ] } },
{ "type": "Feature", "properties": { "name": "منطقة أ" }, "geometry": { "type": "Point", "coordinates": [ 31.558312586975095, 30.03742342208518 ] } },
{ "type": "Feature", "properties": { "name": "منطقة د" }, "geometry": { "type": "Point", "coordinates": [ 31.566697679187875, 30.038298682917208 ] } },
{ "type": "Feature", "properties": { "name": "منطقة د" }, "geometry": { "type": "Point", "coordinates": [ 31.566697679187875, 30.038298682917208 ] } },
{ "type": "Feature", "properties": { "name": "منطقة ب" }, "geometry": { "type": "Point", "coordinates": [ 31.560480528244081, 30.036545212831992 ] } },
{ "type": "Feature", "properties": { "name": "منطقة هـ" }, "geometry": { "type": "Point", "coordinates": [ 31.565847632874988, 30.034977442234595 ] } },
{ "type": "Feature", "properties": { "name": "منطقة هـ" }, "geometry": { "type": "Point", "coordinates": [ 31.565847632874988, 30.034977442234595 ] } },
{ "type": "Feature", "properties": { "name": "منطقة ي" }, "geometry": { "type": "Point", "coordinates": [ 31.565160679079174, 30.028643919867964 ] } },
{ "type": "Feature", "properties": { "name": "منطقة ي" }, "geometry": { "type": "Point", "coordinates": [ 31.565160679079174, 30.028643919867964 ] } },
{ "type": "Feature", "properties": { "name": "منطقة م" }, "geometry": { "type": "Point", "coordinates": [ 31.5605732996992, 30.045301304326816 ] } },
{ "type": "Feature", "properties": { "name": "منطقة ك" }, "geometry": { "type": "Point", "coordinates": [ 31.557835973209674, 30.041485098646692 ] } },
{ "type": "Feature", "properties": { "name": "منطقة ي" }, "geometry": { "type": "Point", "coordinates": [ 31.561728365507847, 30.041539101045473 ] } },
{ "type": "Feature", "properties": { "name": "منطقة ط" }, "geometry": { "type": "Point", "coordinates": [ 31.564644448178584, 30.04162551023887 ] } },
{ "type": "Feature", "properties": { "name": "منطقة ط" }, "geometry": { "type": "Point", "coordinates": [ 31.564644448178584, 30.04162551023887 ] } },
{ "type": "Feature", "properties": { "name": "منطقة ح" }, "geometry": { "type": "Point", "coordinates": [ 31.568456898070938, 30.041494953841173 ] } },
{ "type": "Feature", "properties": { "name": "منطقة ز" }, "geometry": { "type": "Point", "coordinates": [ 31.564574723992056, 30.045128432609026 ] } },
{ "type": "Feature", "properties": { "name": "منطقة ز" }, "geometry": { "type": "Point", "coordinates": [ 31.564574723992056, 30.045128432609026 ] } },
{ "type": "Feature", "properties": { "name": "منطقة و" }, "geometry": { "type": "Point", "coordinates": [ 31.568602370808673, 30.046027365535085 ] } },
{ "type": "Feature", "properties": { "name": "منطقة هـ" }, "geometry": { "type": "Point", "coordinates": [ 31.567949411208257, 30.050246605342231 ] } },
{ "type": "Feature", "properties": { "name": "منطقة د" }, "geometry": { "type": "Point", "coordinates": [ 31.56691991347671, 30.053174594561728 ] } },
{ "type": "Feature", "properties": { "name": "منطقة ج" }, "geometry": { "type": "Point", "coordinates": [ 31.563089029601979, 30.050959803257076 ] } },
{ "type": "Feature", "properties": { "name": "منطقة ج" }, "geometry": { "type": "Point", "coordinates": [ 31.563089029601979, 30.050959803257076 ] } },
{ "type": "Feature", "properties": { "name": "منطقة ب" }, "geometry": { "type": "Point", "coordinates": [ 31.560647660392267, 30.054909901739556 ] } },
{ "type": "Feature", "properties": { "name": "منطقة ب" }, "geometry": { "type": "Point", "coordinates": [ 31.560647660392267, 30.054909901739556 ] } },
{ "type": "Feature", "properties": { "name": "منطقة أ" }, "geometry": { "type": "Point", "coordinates": [ 31.564511416187599, 30.057097862538946 ] } },
{ "type": "Feature", "properties": { "name": "منطقة أ" }, "geometry": { "type": "Point", "coordinates": [ 31.564511416187599, 30.057097862538946 ] } },
{ "type": "Feature", "properties": { "name": "إمتداد غرب الجولف 4" }, "geometry": { "type": "Point", "coordinates": [ 31.390652561928267, 29.986760815000974 ] } },
{ "type": "Feature", "properties": { "name": "إمتداد غرب الجولف 1" }, "geometry": { "type": "Point", "coordinates": [ 31.386621939014191, 29.990411290544181 ] } },
{ "type": "Feature", "properties": { "name": "كمبوند نيو جاردنز" }, "geometry": { "type": "Point", "coordinates": [ 31.627336229063758, 30.061499658751725 ] } },
{ "type": "Feature", "properties": { "name": "منطقة 6ط" }, "geometry": { "type": "Point", "coordinates": [ 31.628259525999916, 30.057724977566092 ] } },
{ "type": "Feature", "properties": { "name": "منطقة 52" }, "geometry": { "type": "Point", "coordinates": [ 31.504324387087262, 29.960445526401013 ] } },
{ "type": "Feature", "properties": { "name": "منطقة 35" }, "geometry": { "type": "Point", "coordinates": [ 31.511978921328733, 29.964452400539937 ] } },
{ "type": "Feature", "properties": { "name": "لايت سيتى" }, "geometry": { "type": "Point", "coordinates": [ 31.530162555872874, 29.961613299776069 ] } },
{ "type": "Feature", "properties": { "name": "واحه الاندلس" }, "geometry": { "type": "Point", "coordinates": [ 31.539446503089135, 29.962953289405277 ] } },
{ "type": "Feature", "properties": { "name": "كمبوند كايرو بيزنس بارك" }, "geometry": { "type": "Point", "coordinates": [ 31.514032794301535, 30.051815732332372 ] } },
{ "type": "Feature", "properties": { "name": "كمبوند سيفورة هايتس" }, "geometry": { "type": "Point", "coordinates": [ 31.504838945814001, 29.992364457442999 ] } },
{ "type": "Feature", "properties": { "name": "كمبوند نيست كايرو" }, "geometry": { "type": "Point", "coordinates": [ 31.507070235626024, 29.994649399687081 ] } },
{ "type": "Feature", "properties": { "name": "كمبوند الباتيو 7" }, "geometry": { "type": "Point", "coordinates": [ 31.504479919762534, 30.000153959460125 ] } },
{ "type": "Feature", "properties": { "name": "كمبوند ريجنتس بارك" }, "geometry": { "type": "Point", "coordinates": [ 31.509454250071769, 30.000235157612558 ] } },
{ "type": "Feature", "properties": { "name": "كمبوند لاميرادا" }, "geometry": { "type": "Point", "coordinates": [ 31.507226619099082, 29.999715622028976 ] } },
{ "type": "Feature", "properties": { "name": "كمبوند نيو لايكز" }, "geometry": { "type": "Point", "coordinates": [ 31.623981526956687, 30.064741091104668 ] } },
{ "type": "Feature", "properties": { "name": "لؤلؤة القاهرة الجديدة" }, "geometry": { "type": "Point", "coordinates": [ 31.530143341311401, 29.984253485736591 ] } },
{ "type": "Feature", "properties": { "name": "منطقة و" }, "geometry": { "type": "Point", "coordinates": [ 31.634175565396347, 30.063490559585134 ] } },
{ "type": "Feature", "properties": { "name": "منطقة ز" }, "geometry": { "type": "Point", "coordinates": [ 31.470842420130122, 29.98337147542399 ] } },
{ "type": "Feature", "properties": { "name": "منطقة ت" }, "geometry": { "type": "Point", "coordinates": [ 31.470492670828868, 29.992750238421156 ] } },
{ "type": "Feature", "properties": { "name": "منطقة س" }, "geometry": { "type": "Point", "coordinates": [ 31.477106238158612, 29.997616663889836 ] } },
{ "type": "Feature", "properties": { "name": "منطقة ش" }, "geometry": { "type": "Point", "coordinates": [ 31.470657200502131, 29.996298468083666 ] } },
{ "type": "Feature", "properties": { "name": "منطقة ر" }, "geometry": { "type": "Point", "coordinates": [ 31.473630428217888, 29.99342754315224 ] } },
{ "type": "Feature", "properties": { "name": "منطقة ل" }, "geometry": { "type": "Point", "coordinates": [ 31.474440171897029, 29.989303484828071 ] } },
{ "type": "Feature", "properties": { "name": "منطقة خدمات" }, "geometry": { "type": "Point", "coordinates": [ 31.472004586484697, 29.987480456163404 ] } },
{ "type": "Feature", "properties": { "name": "منطقة ط" }, "geometry": { "type": "Point", "coordinates": [ 31.477641172360993, 29.983165373703827 ] } },
{ "type": "Feature", "properties": { "name": "منطقة ح" }, "geometry": { "type": "Point", "coordinates": [ 31.470366984117586, 29.979470129584374 ] } },
{ "type": "Feature", "properties": { "name": "منطقة ي" }, "geometry": { "type": "Point", "coordinates": [ 31.47801895946051, 29.985812576877631 ] } },
{ "type": "Feature", "properties": { "name": "منطقة ك" }, "geometry": { "type": "Point", "coordinates": [ 31.476773003849459, 29.987774588204552 ] } },
{ "type": "Feature", "properties": { "name": "منطقة ف" }, "geometry": { "type": "Point", "coordinates": [ 31.478176637049057, 29.991431047536782 ] } },
{ "type": "Feature", "properties": { "name": "منطقة ص" }, "geometry": { "type": "Point", "coordinates": [ 31.476074569321028, 29.994002344792911 ] } },
{ "type": "Feature", "properties": { "name": "منطقة د" }, "geometry": { "type": "Point", "coordinates": [ 31.47555633287838, 29.977446244919555 ] } },
{ "type": "Feature", "properties": { "name": "منطقة أ" }, "geometry": { "type": "Point", "coordinates": [ 31.478250216981191, 29.979854008180471 ] } },
{ "type": "Feature", "properties": { "name": "منطقة ع" }, "geometry": { "type": "Point", "coordinates": [ 31.478510936750215, 29.994807584676437 ] } },
{ "type": "Feature", "properties": { "name": "منطقة هـ" }, "geometry": { "type": "Point", "coordinates": [ 31.473153742505911, 29.981541534596211 ] } },
{ "type": "Feature", "properties": { "name": "منطقة ج" }, "geometry": { "type": "Point", "coordinates": [ 31.47556693047337, 29.980599494924963 ] } },
{ "type": "Feature", "properties": { "name": "منطقة و" }, "geometry": { "type": "Point", "coordinates": [ 31.472696962894801, 29.977524260286284 ] } },
{ "type": "Feature", "properties": { "name": "منطقة ق" }, "geometry": { "type": "Point", "coordinates": [ 31.473812586234658, 29.997441680990409 ] } },
{ "type": "Feature", "properties": { "name": "منطقة ب" }, "geometry": { "type": "Point", "coordinates": [ 31.478404352368024, 29.977242564975253 ] } },
{ "type": "Feature", "properties": { "name": "كمبوند نيو باركز" }, "geometry": { "type": "Point", "coordinates": [ 31.630504580501597, 30.069889784251448 ] } },
{ "type": "Feature", "properties": { "name": "كمبوند جرين سكوير" }, "geometry": { "type": "Point", "coordinates": [ 31.633452609451282, 30.046828425355269 ] } },
{ "type": "Feature", "properties": { "name": "كمبوند اريا" }, "geometry": { "type": "Point", "coordinates": [ 31.617068394452239, 30.055887532430049 ] } },
{ "type": "Feature", "properties": { "name": "مساكن النصر" }, "geometry": { "type": "Point", "coordinates": [ 31.40568548810942, 29.977290734137618 ] } },
{ "type": "Feature", "properties": { "name": "مساكن النيل" }, "geometry": { "type": "Point", "coordinates": [ 31.397938107539396, 29.976251061259955 ] } },
{ "type": "Feature", "properties": { "name": "اسكان النقابات" }, "geometry": { "type": "Point", "coordinates": [ 31.396254563884487, 29.978575124033135 ] } },
{ "type": "Feature", "properties": { "name": "مساكن الجيزة زلزال" }, "geometry": { "type": "Point", "coordinates": [ 31.401025530797337, 29.976859622396351 ] } },
{ "type": "Feature", "properties": { "name": "مساكن الشركة العربية" }, "geometry": { "type": "Point", "coordinates": [ 31.408658204669461, 29.975800480084349 ] } },
{ "type": "Feature", "properties": { "name": "مساكن سابقة التجهيز" }, "geometry": { "type": "Point", "coordinates": [ 31.406309600054843, 29.975007507931512 ] } },
{ "type": "Feature", "properties": { "name": "مساكن الصعيد" }, "geometry": { "type": "Point", "coordinates": [ 31.408035842594895, 29.978093389258085 ] } },
{ "type": "Feature", "properties": { "name": "مساكن المحمودية" }, "geometry": { "type": "Point", "coordinates": [ 31.396098538062347, 29.976329249569673 ] } },
{ "type": "Feature", "properties": { "name": "إسكان المستقبل 4" }, "geometry": { "type": "Point", "coordinates": [ 31.413065132189004, 29.976576454333536 ] } },
{ "type": "Feature", "properties": { "name": "كمبوند ذا سكوير" }, "geometry": { "type": "Point", "coordinates": [ 31.551819443751093, 29.998288335955117 ] } },
{ "type": "Feature", "properties": { "name": "كمبوند سيتي جيت" }, "geometry": { "type": "Point", "coordinates": [ 31.570031708972316, 30.013293010072413 ] } },
{ "type": "Feature", "properties": { "name": "كمبوند سيتي جيت" }, "geometry": { "type": "Point", "coordinates": [ 31.570031708972316, 30.013293010072413 ] } },
{ "type": "Feature", "properties": { "name": "كمبوند سيتي أوف أوديسيا" }, "geometry": { "type": "Point", "coordinates": [ 31.643252110197402, 30.050536685189055 ] } },
{ "type": "Feature", "properties": { "name": "كمبوند بيتا جرينز" }, "geometry": { "type": "Point", "coordinates": [ 31.6555110387764, 30.06282463068403 ] } },
{ "type": "Feature", "properties": { "name": "كمبوند لاميرادا" }, "geometry": { "type": "Point", "coordinates": [ 31.65696959970353, 30.069280619345378 ] } },
{ "type": "Feature", "properties": { "name": "كمبوند كانيون" }, "geometry": { "type": "Point", "coordinates": [ 31.6410964637275, 30.067330522195167 ] } },
{ "type": "Feature", "properties": { "name": "كمبوند بلوم فيلدز" }, "geometry": { "type": "Point", "coordinates": [ 31.649377460250804, 30.067156534392034 ] } },
{ "type": "Feature", "properties": { "name": "كمبوند بلوم فيلدز" }, "geometry": { "type": "Point", "coordinates": [ 31.65079647983686, 30.056053233994721 ] } },
{ "type": "Feature", "properties": { "name": "كمبوند هاب تون" }, "geometry": { "type": "Point", "coordinates": [ 31.658080228944755, 30.051047667513327 ] } },
{ "type": "Feature", "properties": { "name": "مجموعة 126" }, "geometry": { "type": "Point", "coordinates": [ 31.51535896519168, 30.060799828123571 ] } },
{ "type": "Feature", "properties": { "name": "كمبوند جايد" }, "geometry": { "type": "Point", "coordinates": [ 31.520956746467832, 30.065096569595351 ] } },
{ "type": "Feature", "properties": { "name": "كمبوند ماونتن فيو هايد بارك" }, "geometry": { "type": "Point", "coordinates": [ 31.55535088126075, 29.987386059494082 ] } },
{ "type": "Feature", "properties": { "name": "مجموعة 89" }, "geometry": { "type": "Point", "coordinates": [ 31.484308105164228, 30.066624800628215 ] } },
{ "type": "Feature", "properties": { "name": "مجموعة 108" }, "geometry": { "type": "Point", "coordinates": [ 31.490199936631228, 30.070670288636503 ] } },
{ "type": "Feature", "properties": { "name": "مجموعة 88" }, "geometry": { "type": "Point", "coordinates": [ 31.483258295577436, 30.066590786730622 ] } },
{ "type": "Feature", "properties": { "name": "مجموعة 97" }, "geometry": { "type": "Point", "coordinates": [ 31.486762564055951, 30.075554671672123 ] } },
{ "type": "Feature", "properties": { "name": "مجموعة 100" }, "geometry": { "type": "Point", "coordinates": [ 31.486564555021463, 30.073584779604559 ] } },
{ "type": "Feature", "properties": { "name": "مجموعة 106" }, "geometry": { "type": "Point", "coordinates": [ 31.4929992018183, 30.068108455157041 ] } },
{ "type": "Feature", "properties": { "name": "مجموعة 101" }, "geometry": { "type": "Point", "coordinates": [ 31.486446096915, 30.071477674017867 ] } },
{ "type": "Feature", "properties": { "name": "مجموعة 90" }, "geometry": { "type": "Point", "coordinates": [ 31.485513831545799, 30.066521836424283 ] } },
{ "type": "Feature", "properties": { "name": "مجموعة 99" }, "geometry": { "type": "Point", "coordinates": [ 31.489552827948526, 30.074255311551696 ] } },
{ "type": "Feature", "properties": { "name": "مجموعة 109" }, "geometry": { "type": "Point", "coordinates": [ 31.487942066962368, 30.070275969294133 ] } },
{ "type": "Feature", "properties": { "name": "مجموعة 105" }, "geometry": { "type": "Point", "coordinates": [ 31.490909360292566, 30.067752710790376 ] } },
{ "type": "Feature", "properties": { "name": "مجموعة 95" }, "geometry": { "type": "Point", "coordinates": [ 31.483686116318541, 30.072373051304428 ] } },
{ "type": "Feature", "properties": { "name": "مجموعة 94" }, "geometry": { "type": "Point", "coordinates": [ 31.48352004784013, 30.068261771952184 ] } },
{ "type": "Feature", "properties": { "name": "مجموعة 91" }, "geometry": { "type": "Point", "coordinates": [ 31.487073120342657, 30.066166776277235 ] } },
{ "type": "Feature", "properties": { "name": "مجموعة 93" }, "geometry": { "type": "Point", "coordinates": [ 31.485125833092859, 30.068260181799886 ] } },
{ "type": "Feature", "properties": { "name": "مجموعة 96" }, "geometry": { "type": "Point", "coordinates": [ 31.483933493570326, 30.07499720080072 ] } },
{ "type": "Feature", "properties": { "name": "مجموعة 92" }, "geometry": { "type": "Point", "coordinates": [ 31.486781934528597, 30.067215494543206 ] } },
{ "type": "Feature", "properties": { "name": "مجموعة 98" }, "geometry": { "type": "Point", "coordinates": [ 31.489604829667822, 30.075934356310547 ] } },
{ "type": "Feature", "properties": { "name": "مجموعة 87" }, "geometry": { "type": "Point", "coordinates": [ 31.482284835078168, 30.066645918330391 ] } },
{ "type": "Feature", "properties": { "name": "مجموعة 104" }, "geometry": { "type": "Point", "coordinates": [ 31.489535932839107, 30.068541382088362 ] } },
{ "type": "Feature", "properties": { "name": "مجموعة 102" }, "geometry": { "type": "Point", "coordinates": [ 31.486072357847434, 30.069613241792265 ] } },
{ "type": "Feature", "properties": { "name": "مجموعة 110" }, "geometry": { "type": "Point", "coordinates": [ 31.489134434635957, 30.072345608246476 ] } },
{ "type": "Feature", "properties": { "name": "مجموعة 103" }, "geometry": { "type": "Point", "coordinates": [ 31.488012198701224, 30.068319219359974 ] } },
{ "type": "Feature", "properties": { "name": "مجموعة 107" }, "geometry": { "type": "Point", "coordinates": [ 31.491827486141673, 30.069606907567099 ] } },
{ "type": "Feature", "properties": { "name": "مجموعة 75" }, "geometry": { "type": "Point", "coordinates": [ 31.479002170902049, 30.073189272967355 ] } },
{ "type": "Feature", "properties": { "name": "مجموعة 81" }, "geometry": { "type": "Point", "coordinates": [ 31.479736201885341, 30.070959584335267 ] } },
{ "type": "Feature", "properties": { "name": "مجموعة 86" }, "geometry": { "type": "Point", "coordinates": [ 31.480081302765825, 30.068103534177592 ] } },
{ "type": "Feature", "properties": { "name": "مجموعة 79" }, "geometry": { "type": "Point", "coordinates": [ 31.479298386122995, 30.071958261668939 ] } },
{ "type": "Feature", "properties": { "name": "مجموعة 68" }, "geometry": { "type": "Point", "coordinates": [ 31.477455516773631, 30.066346257944552 ] } },
{ "type": "Feature", "properties": { "name": "مجموعة 66" }, "geometry": { "type": "Point", "coordinates": [ 31.480083964994868, 30.066453735509249 ] } },
{ "type": "Feature", "properties": { "name": "مجموعة 80" }, "geometry": { "type": "Point", "coordinates": [ 31.478746307055843, 30.069637819591509 ] } },
{ "type": "Feature", "properties": { "name": "مجموعة 83" }, "geometry": { "type": "Point", "coordinates": [ 31.481386788122759, 30.071268855219795 ] } },
{ "type": "Feature", "properties": { "name": "مجموعة 70" }, "geometry": { "type": "Point", "coordinates": [ 31.475813996329038, 30.068058061822246 ] } },
{ "type": "Feature", "properties": { "name": "مجموعة 71" }, "geometry": { "type": "Point", "coordinates": [ 31.476683064531255, 30.068761225004931 ] } },
{ "type": "Feature", "properties": { "name": "مجموعة 85" }, "geometry": { "type": "Point", "coordinates": [ 31.479185943137796, 30.068437579719539 ] } },
{ "type": "Feature", "properties": { "name": "مجموعة 67" }, "geometry": { "type": "Point", "coordinates": [ 31.478919572034325, 30.066410069697469 ] } },
{ "type": "Feature", "properties": { "name": "مجموعة 76" }, "geometry": { "type": "Point", "coordinates": [ 31.479961770228147, 30.073947261013888 ] } },
{ "type": "Feature", "properties": { "name": "مجموعة 84" }, "geometry": { "type": "Point", "coordinates": [ 31.48150803599081, 30.069834768449294 ] } },
{ "type": "Feature", "properties": { "name": "مجموعة 69" }, "geometry": { "type": "Point", "coordinates": [ 31.475930983205934, 30.066584722383091 ] } },
{ "type": "Feature", "properties": { "name": "مجموعة 78" }, "geometry": { "type": "Point", "coordinates": [ 31.481996841215473, 30.074241083294961 ] } },
{ "type": "Feature", "properties": { "name": "مجموعة 74" }, "geometry": { "type": "Point", "coordinates": [ 31.478106512148308, 30.072348506460767 ] } },
{ "type": "Feature", "properties": { "name": "مجموعة 73" }, "geometry": { "type": "Point", "coordinates": [ 31.477347226419109, 30.071518208731479 ] } },
{ "type": "Feature", "properties": { "name": "مجموعة 72" }, "geometry": { "type": "Point", "coordinates": [ 31.476115843806692, 30.070720415350426 ] } },
{ "type": "Feature", "properties": { "name": "مجموعة 82" }, "geometry": { "type": "Point", "coordinates": [ 31.481305097254754, 30.072608361165145 ] } },
{ "type": "Feature", "properties": { "name": "مجموعة 77" }, "geometry": { "type": "Point", "coordinates": [ 31.481079261528645, 30.074477657950098 ] } },
{ "type": "Feature", "properties": { "name": "مجموعة 136" }, "geometry": { "type": "Point", "coordinates": [ 31.507845310716526, 30.053452184875535 ] } },
{ "type": "Feature", "properties": { "name": "مجموعة 132" }, "geometry": { "type": "Point", "coordinates": [ 31.508112325777926, 30.055819125626744 ] } },
{ "type": "Feature", "properties": { "name": "مجموعة 133" }, "geometry": { "type": "Point", "coordinates": [ 31.505884212334514, 30.055804583570712 ] } },
{ "type": "Feature", "properties": { "name": "مجموعة فيلات 38" }, "geometry": { "type": "Point", "coordinates": [ 31.504318785560429, 30.054121570525176 ] } },
{ "type": "Feature", "properties": { "name": "مجموعة فيلات 37" }, "geometry": { "type": "Point", "coordinates": [ 31.501225493079996, 30.054470655687865 ] } },
{ "type": "Feature", "properties": { "name": "مجموعة فيلات 35" }, "geometry": { "type": "Point", "coordinates": [ 31.503503447894911, 30.056173873704637 ] } },
{ "type": "Feature", "properties": { "name": "مجموعة فيلات 36" }, "geometry": { "type": "Point", "coordinates": [ 31.501942591050799, 30.057350529156476 ] } },
{ "type": "Feature", "properties": { "name": "مجموعة فيلات 32" }, "geometry": { "type": "Point", "coordinates": [ 31.505669772226156, 30.059410723478681 ] } },
{ "type": "Feature", "properties": { "name": "مجموعة فيلات 31" }, "geometry": { "type": "Point", "coordinates": [ 31.50406227013611, 30.061097088720022 ] } },
{ "type": "Feature", "properties": { "name": "مجموعة 61" }, "geometry": { "type": "Point", "coordinates": [ 31.483752213006049, 30.064147912323797 ] } },
{ "type": "Feature", "properties": { "name": "مجموعة 53" }, "geometry": { "type": "Point", "coordinates": [ 31.48433231149728, 30.062379029713394 ] } },
{ "type": "Feature", "properties": { "name": "مجموعة فيلات 13" }, "geometry": { "type": "Point", "coordinates": [ 31.480159396196882, 30.056309590052336 ] } },
{ "type": "Feature", "properties": { "name": "مجموعة 50" }, "geometry": { "type": "Point", "coordinates": [ 31.479446142824091, 30.060891766837656 ] } },
{ "type": "Feature", "properties": { "name": "مجموعة 42" }, "geometry": { "type": "Point", "coordinates": [ 31.480058151872488, 30.062786953120032 ] } },
{ "type": "Feature", "properties": { "name": "مجموعة 64" }, "geometry": { "type": "Point", "coordinates": [ 31.48232055909574, 30.064224492837052 ] } },
{ "type": "Feature", "properties": { "name": "مجموعة 56" }, "geometry": { "type": "Point", "coordinates": [ 31.486813763926929, 30.064111811765667 ] } },
{ "type": "Feature", "properties": { "name": "مجموعة 63" }, "geometry": { "type": "Point", "coordinates": [ 31.482409658008454, 30.062881048295569 ] } },
{ "type": "Feature", "properties": { "name": "مجموعة 62" }, "geometry": { "type": "Point", "coordinates": [ 31.483547531105362, 30.063173359950117 ] } },
{ "type": "Feature", "properties": { "name": "مجموعة 45" }, "geometry": { "type": "Point", "coordinates": [ 31.476895080108878, 30.063046543164049 ] } },
{ "type": "Feature", "properties": { "name": "مجموعة 52" }, "geometry": { "type": "Point", "coordinates": [ 31.483592561691154, 30.061713126114487 ] } },
{ "type": "Feature", "properties": { "name": "مجموعة 51" }, "geometry": { "type": "Point", "coordinates": [ 31.4802455957918, 30.06166016247597 ] } },
{ "type": "Feature", "properties": { "name": "مجموعة 65" }, "geometry": { "type": "Point", "coordinates": [ 31.48232614934, 30.065081125892032 ] } },
{ "type": "Feature", "properties": { "name": "مجموعة فيلات 14" }, "geometry": { "type": "Point", "coordinates": [ 31.476582807020399, 30.056261189081621 ] } },
{ "type": "Feature", "properties": { "name": "مجموعة 54" }, "geometry": { "type": "Point", "coordinates": [ 31.485067157729958, 30.062921887856525 ] } },
{ "type": "Feature", "properties": { "name": "مجموعة فيلات 17" }, "geometry": { "type": "Point", "coordinates": [ 31.476036987247426, 30.059332436160389 ] } },
{ "type": "Feature", "properties": { "name": "مجموعة 46" }, "geometry": { "type": "Point", "coordinates": [ 31.475703798502128, 30.063043903012758 ] } },
{ "type": "Feature", "properties": { "name": "مجموعة 60" }, "geometry": { "type": "Point", "coordinates": [ 31.483809590430926, 30.065050858739021 ] } },
{ "type": "Feature", "properties": { "name": "مجموعة 43" }, "geometry": { "type": "Point", "coordinates": [ 31.479071321205939, 30.063055934207551 ] } },
{ "type": "Feature", "properties": { "name": "مجموعة 44" }, "geometry": { "type": "Point", "coordinates": [ 31.477912407261034, 30.062964544618531 ] } },
{ "type": "Feature", "properties": { "name": "مجموعة 58" }, "geometry": { "type": "Point", "coordinates": [ 31.48632649842661, 30.064991677964763 ] } },
{ "type": "Feature", "properties": { "name": "مجموعة فيلات 15" }, "geometry": { "type": "Point", "coordinates": [ 31.480939806093364, 30.059550570212778 ] } },
{ "type": "Feature", "properties": { "name": "مجموعة 47" }, "geometry": { "type": "Point", "coordinates": [ 31.475824083668329, 30.061842433473657 ] } },
{ "type": "Feature", "properties": { "name": "مجموعة 59" }, "geometry": { "type": "Point", "coordinates": [ 31.485291025911529, 30.064560074272901 ] } },
{ "type": "Feature", "properties": { "name": "مجموعة فيلات 16" }, "geometry": { "type": "Point", "coordinates": [ 31.478159224281061, 30.059308264224899 ] } },
{ "type": "Feature", "properties": { "name": "مجموعة 57" }, "geometry": { "type": "Point", "coordinates": [ 31.487383439304633, 30.064982825525568 ] } },
{ "type": "Feature", "properties": { "name": "مجموعة 49" }, "geometry": { "type": "Point", "coordinates": [ 31.478525666574335, 30.061803295603251 ] } },
{ "type": "Feature", "properties": { "name": "مجموعة 48" }, "geometry": { "type": "Point", "coordinates": [ 31.477269484494784, 30.061714890736859 ] } },
{ "type": "Feature", "properties": { "name": "مجموعة 55" }, "geometry": { "type": "Point", "coordinates": [ 31.485887505124197, 30.063529542739722 ] } },
{ "type": "Feature", "properties": { "name": "مجموعة 113" }, "geometry": { "type": "Point", "coordinates": [ 31.506253880347483, 30.073698319086969 ] } },
{ "type": "Feature", "properties": { "name": "مجموعة 118" }, "geometry": { "type": "Point", "coordinates": [ 31.511267995523763, 30.070770532107019 ] } },
{ "type": "Feature", "properties": { "name": "مجموعة 115" }, "geometry": { "type": "Point", "coordinates": [ 31.50782458957481, 30.071835639122831 ] } },
{ "type": "Feature", "properties": { "name": "مجموعة 114" }, "geometry": { "type": "Point", "coordinates": [ 31.505268152431864, 30.071784494066058 ] } },
{ "type": "Feature", "properties": { "name": "مجموعة 116" }, "geometry": { "type": "Point", "coordinates": [ 31.50985823473312, 30.073051647587583 ] } },
{ "type": "Feature", "properties": { "name": "مجموعة 117" }, "geometry": { "type": "Point", "coordinates": [ 31.513072703286696, 30.072105113128579 ] } },
{ "type": "Feature", "properties": { "name": "مجموعة 129" }, "geometry": { "type": "Point", "coordinates": [ 31.511883861383296, 30.057626582285565 ] } },
{ "type": "Feature", "properties": { "name": "مجموعة 127" }, "geometry": { "type": "Point", "coordinates": [ 31.512915455249107, 30.059608251531696 ] } },
{ "type": "Feature", "properties": { "name": "مجموعة 128" }, "geometry": { "type": "Point", "coordinates": [ 31.514338466932898, 30.057796093887589 ] } },
{ "type": "Feature", "properties": { "name": "مجموعة 131" }, "geometry": { "type": "Point", "coordinates": [ 31.512282070467489, 30.054877470677315 ] } },
{ "type": "Feature", "properties": { "name": "مجموعة 125" }, "geometry": { "type": "Point", "coordinates": [ 31.512611497983503, 30.061688309162008 ] } },
{ "type": "Feature", "properties": { "name": "مجموعة 130" }, "geometry": { "type": "Point", "coordinates": [ 31.510013719023359, 30.056240542234541 ] } },
{ "type": "Feature", "properties": { "name": "مجموعة فيلات 29" }, "geometry": { "type": "Point", "coordinates": [ 31.509147369582958, 30.062538867753219 ] } },
{ "type": "Feature", "properties": { "name": "مجموعة فيلات 30" }, "geometry": { "type": "Point", "coordinates": [ 31.508114172762753, 30.060634912948771 ] } },
{ "type": "Feature", "properties": { "name": "مجموعة فيلات 28" }, "geometry": { "type": "Point", "coordinates": [ 31.505878796579715, 30.062949133972872 ] } },
{ "type": "Feature", "properties": { "name": "مجموعة 124" }, "geometry": { "type": "Point", "coordinates": [ 31.513416591568262, 30.063730291059603 ] } },
{ "type": "Feature", "properties": { "name": "مجموعة فيلات 25" }, "geometry": { "type": "Point", "coordinates": [ 31.509369433951118, 30.066772699881277 ] } },
{ "type": "Feature", "properties": { "name": "مجموعة 120" }, "geometry": { "type": "Point", "coordinates": [ 31.515422304547659, 30.068696672184014 ] } },
{ "type": "Feature", "properties": { "name": "مجموعة فيلات 26" }, "geometry": { "type": "Point", "coordinates": [ 31.506422723922935, 30.065434636091393 ] } },
{ "type": "Feature", "properties": { "name": "مجموعة 119" }, "geometry": { "type": "Point", "coordinates": [ 31.513050109183389, 30.068496545259112 ] } },
{ "type": "Feature", "properties": { "name": "مجموعة 122" }, "geometry": { "type": "Point", "coordinates": [ 31.514612494861236, 30.065983199790416 ] } },
{ "type": "Feature", "properties": { "name": "مجموعة فيلات 27" }, "geometry": { "type": "Point", "coordinates": [ 31.509849090358234, 30.064579884066639 ] } },
{ "type": "Feature", "properties": { "name": "مجموعة 121" }, "geometry": { "type": "Point", "coordinates": [ 31.518000770050801, 30.067080266088574 ] } },
{ "type": "Feature", "properties": { "name": "مجموعة فيلات 7" }, "geometry": { "type": "Point", "coordinates": [ 31.497969455787135, 30.055240556283028 ] } },
{ "type": "Feature", "properties": { "name": "مجموعة فيلات 6" }, "geometry": { "type": "Point", "coordinates": [ 31.49835011970017, 30.058126198945452 ] } },
{ "type": "Feature", "properties": { "name": "مجموعة فيلات 1" }, "geometry": { "type": "Point", "coordinates": [ 31.500553632426154, 30.059405114873609 ] } },
{ "type": "Feature", "properties": { "name": "مجموعة فيلات 2" }, "geometry": { "type": "Point", "coordinates": [ 31.499223254928868, 30.060661628910854 ] } },
{ "type": "Feature", "properties": { "name": "مجموعة فيلات 4" }, "geometry": { "type": "Point", "coordinates": [ 31.496868810652877, 30.06370876429208 ] } },
{ "type": "Feature", "properties": { "name": "مجموعة فيلات 3" }, "geometry": { "type": "Point", "coordinates": [ 31.498435996177946, 30.062462611863282 ] } },
{ "type": "Feature", "properties": { "name": "مجموعة فيلات 5" }, "geometry": { "type": "Point", "coordinates": [ 31.495724351434838, 30.061719987846669 ] } },
{ "type": "Feature", "properties": { "name": "مجموعة 18" }, "geometry": { "type": "Point", "coordinates": [ 31.493553159064625, 30.064066341768644 ] } },
{ "type": "Feature", "properties": { "name": "مجموعة 17" }, "geometry": { "type": "Point", "coordinates": [ 31.493485168895578, 30.062820876619238 ] } },
{ "type": "Feature", "properties": { "name": "مجموعة 16" }, "geometry": { "type": "Point", "coordinates": [ 31.4935300262526, 30.061366954846306 ] } },
{ "type": "Feature", "properties": { "name": "مجموعة 15" }, "geometry": { "type": "Point", "coordinates": [ 31.494323016755029, 30.060338567857539 ] } },
{ "type": "Feature", "properties": { "name": "مجموعة 14" }, "geometry": { "type": "Point", "coordinates": [ 31.495444558421365, 30.059168207315594 ] } },
{ "type": "Feature", "properties": { "name": "مجموعة 13" }, "geometry": { "type": "Point", "coordinates": [ 31.495520239577434, 30.057685009557193 ] } },
{ "type": "Feature", "properties": { "name": "مجموعة 12" }, "geometry": { "type": "Point", "coordinates": [ 31.495594237278688, 30.056445058683984 ] } },
{ "type": "Feature", "properties": { "name": "مجموعة 11" }, "geometry": { "type": "Point", "coordinates": [ 31.495426558356819, 30.055167146475167 ] } },
{ "type": "Feature", "properties": { "name": "مجموعة 10" }, "geometry": { "type": "Point", "coordinates": [ 31.495366618537314, 30.0539033611274 ] } },
{ "type": "Feature", "properties": { "name": "مجموعة 9" }, "geometry": { "type": "Point", "coordinates": [ 31.493756682828838, 30.054107405992209 ] } },
{ "type": "Feature", "properties": { "name": "مجموعة 8" }, "geometry": { "type": "Point", "coordinates": [ 31.493844852138302, 30.055531376390775 ] } },
{ "type": "Feature", "properties": { "name": "مجموعة 7" }, "geometry": { "type": "Point", "coordinates": [ 31.493934069203416, 30.056753180685625 ] } },
{ "type": "Feature", "properties": { "name": "مجموعة 6" }, "geometry": { "type": "Point", "coordinates": [ 31.493886297595708, 30.057881132993284 ] } },
{ "type": "Feature", "properties": { "name": "مجموعة 5" }, "geometry": { "type": "Point", "coordinates": [ 31.493729081009828, 30.059173588969841 ] } },
{ "type": "Feature", "properties": { "name": "مجموعة 4" }, "geometry": { "type": "Point", "coordinates": [ 31.492539963272449, 30.060432897907599 ] } },
{ "type": "Feature", "properties": { "name": "مجموعة 3" }, "geometry": { "type": "Point", "coordinates": [ 31.492252865709919, 30.061608522650015 ] } },
{ "type": "Feature", "properties": { "name": "مجموعة 2" }, "geometry": { "type": "Point", "coordinates": [ 31.492250899756289, 30.06296542474923 ] } },
{ "type": "Feature", "properties": { "name": "مجموعة 1" }, "geometry": { "type": "Point", "coordinates": [ 31.492277803921514, 30.064141969474942 ] } },
{ "type": "Feature", "properties": { "name": "المشتل" }, "geometry": { "type": "Point", "coordinates": [ 31.40312586102899, 30.008210412353289 ] } },
{ "type": "Feature", "properties": { "name": "مجموعة 41" }, "geometry": { "type": "Point", "coordinates": [ 31.488054860034488, 30.059773739431293 ] } },
{ "type": "Feature", "properties": { "name": "مجموعة 40" }, "geometry": { "type": "Point", "coordinates": [ 31.488191852800075, 30.060943140038738 ] } },
{ "type": "Feature", "properties": { "name": "مجموعة 39" }, "geometry": { "type": "Point", "coordinates": [ 31.489430137948474, 30.06122618255349 ] } },
{ "type": "Feature", "properties": { "name": "مجموعة 38" }, "geometry": { "type": "Point", "coordinates": [ 31.489149560985364, 30.06246591576544 ] } },
{ "type": "Feature", "properties": { "name": "مجموعة 37" }, "geometry": { "type": "Point", "coordinates": [ 31.488146664387692, 30.062120808124135 ] } },
{ "type": "Feature", "properties": { "name": "مجموعة 36" }, "geometry": { "type": "Point", "coordinates": [ 31.487727524700215, 30.063130347512022 ] } },
{ "type": "Feature", "properties": { "name": "مجموعة 35" }, "geometry": { "type": "Point", "coordinates": [ 31.488164689882971, 30.063849228397721 ] } },
{ "type": "Feature", "properties": { "name": "مجموعة 34" }, "geometry": { "type": "Point", "coordinates": [ 31.489123355267989, 30.063771596560525 ] } },
{ "type": "Feature", "properties": { "name": "مجموعة 33" }, "geometry": { "type": "Point", "coordinates": [ 31.490069772406489, 30.06382858161319 ] } },
{ "type": "Feature", "properties": { "name": "مجموعة 32" }, "geometry": { "type": "Point", "coordinates": [ 31.491094931493912, 30.063918557642381 ] } },
{ "type": "Feature", "properties": { "name": "مجموعة 30" }, "geometry": { "type": "Point", "coordinates": [ 31.490116098149411, 30.062663654800069 ] } },
{ "type": "Feature", "properties": { "name": "مجموعة 31" }, "geometry": { "type": "Point", "coordinates": [ 31.491062490231464, 30.062668487087731 ] } },
{ "type": "Feature", "properties": { "name": "مجموعة 29" }, "geometry": { "type": "Point", "coordinates": [ 31.490954179146854, 30.061446886036371 ] } },
{ "type": "Feature", "properties": { "name": "مجموعة 28" }, "geometry": { "type": "Point", "coordinates": [ 31.490718001337076, 30.060571324468611 ] } },
{ "type": "Feature", "properties": { "name": "مجموعة 27" }, "geometry": { "type": "Point", "coordinates": [ 31.489569222579433, 30.059883557401047 ] } },
{ "type": "Feature", "properties": { "name": "مجموعة 26" }, "geometry": { "type": "Point", "coordinates": [ 31.489820366234582, 30.05765024917622 ] } },
{ "type": "Feature", "properties": { "name": "مجموعة 25" }, "geometry": { "type": "Point", "coordinates": [ 31.489818406857516, 30.056312152617966 ] } },
{ "type": "Feature", "properties": { "name": "مجموعة 24" }, "geometry": { "type": "Point", "coordinates": [ 31.489896268706104, 30.055166629968816 ] } },
{ "type": "Feature", "properties": { "name": "مجموعة 23" }, "geometry": { "type": "Point", "coordinates": [ 31.48991690943517, 30.053967880703574 ] } },
{ "type": "Feature", "properties": { "name": "مجموعة 22" }, "geometry": { "type": "Point", "coordinates": [ 31.488478643288513, 30.054072433423496 ] } },
{ "type": "Feature", "properties": { "name": "مجموعة 21" }, "geometry": { "type": "Point", "coordinates": [ 31.488441400177656, 30.055434433029674 ] } },
{ "type": "Feature", "properties": { "name": "مجموعة 20" }, "geometry": { "type": "Point", "coordinates": [ 31.488382938261946, 30.056729659732369 ] } },
{ "type": "Feature", "properties": { "name": "مجموعة 19" }, "geometry": { "type": "Point", "coordinates": [ 31.48850059046605, 30.057786185547542 ] } },
{ "type": "Feature", "properties": { "name": "مجموعة فيلات 9" }, "geometry": { "type": "Point", "coordinates": [ 31.486320885508295, 30.057918154963545 ] } },
{ "type": "Feature", "properties": { "name": "مجموعة فيلات 8" }, "geometry": { "type": "Point", "coordinates": [ 31.486746274381296, 30.054942393956015 ] } },
{ "type": "Feature", "properties": { "name": "مجموعة فيلات 12" }, "geometry": { "type": "Point", "coordinates": [ 31.484051659950786, 30.055312093342053 ] } },
{ "type": "Feature", "properties": { "name": "مجموعة فيلات 11" }, "geometry": { "type": "Point", "coordinates": [ 31.483083995327473, 30.057911057900697 ] } },
{ "type": "Feature", "properties": { "name": "مجموعة فيلات 10" }, "geometry": { "type": "Point", "coordinates": [ 31.485839604887644, 30.060818867232395 ] } },
{ "type": "Feature", "properties": { "name": "المجاورة 2" }, "geometry": { "type": "Point", "coordinates": [ 31.713845340548527, 30.154917802345313 ] } },
{ "type": "Feature", "properties": { "name": "المجاورة 1" }, "geometry": { "type": "Point", "coordinates": [ 31.718531720326563, 30.14948912934754 ] } },
{ "type": "Feature", "properties": { "name": "المجاورة 5" }, "geometry": { "type": "Point", "coordinates": [ 31.709427320940598, 30.149657720443866 ] } },
{ "type": "Feature", "properties": { "name": "المجاورة 5" }, "geometry": { "type": "Point", "coordinates": [ 31.729281564790579, 30.122574209372864 ] } },
{ "type": "Feature", "properties": { "name": "المجاورة 7" }, "geometry": { "type": "Point", "coordinates": [ 31.724286737464006, 30.114205042805377 ] } },
{ "type": "Feature", "properties": { "name": "المجاورة 2" }, "geometry": { "type": "Point", "coordinates": [ 31.745907399433666, 30.116201315956189 ] } },
{ "type": "Feature", "properties": { "name": "المجاورة 3" }, "geometry": { "type": "Point", "coordinates": [ 31.743419888492529, 30.120494611855527 ] } },
{ "type": "Feature", "properties": { "name": "المجاورة 4" }, "geometry": { "type": "Point", "coordinates": [ 31.736450317833718, 30.121918258945072 ] } },
{ "type": "Feature", "properties": { "name": "المجاورة 1" }, "geometry": { "type": "Point", "coordinates": [ 31.745043280825875, 30.111444826847897 ] } },
{ "type": "Feature", "properties": { "name": "المجاورة 6" }, "geometry": { "type": "Point", "coordinates": [ 31.725375314754, 30.119190020349684 ] } },
{ "type": "Feature", "properties": { "name": "المجاورة 3" }, "geometry": { "type": "Point", "coordinates": [ 31.707296268292275, 30.155697572042985 ] } },
{ "type": "Feature", "properties": { "name": "المجاورة 4" }, "geometry": { "type": "Point", "coordinates": [ 31.701419794990922, 30.156218033012074 ] } },
{ "type": "Feature", "properties": { "name": "المجاورة 8" }, "geometry": { "type": "Point", "coordinates": [ 31.741554676493305, 30.11295419422024 ] } },
{ "type": "Feature", "properties": { "name": "المجاورة 11" }, "geometry": { "type": "Point", "coordinates": [ 31.737797295855938, 30.114037161277697 ] } },
{ "type": "Feature", "properties": { "name": "المجاورة 10" }, "geometry": { "type": "Point", "coordinates": [ 31.738127423507869, 30.11776770807765 ] } },
{ "type": "Feature", "properties": { "name": "منطقة خدمات" }, "geometry": { "type": "Point", "coordinates": [ 31.735680426835795, 30.117571678359496 ] } },
{ "type": "Feature", "properties": { "name": "المجاورة 12" }, "geometry": { "type": "Point", "coordinates": [ 31.732308826726008, 30.114817447502006 ] } },
{ "type": "Feature", "properties": { "name": "المجاورة 16" }, "geometry": { "type": "Point", "coordinates": [ 31.734662150212259, 30.11230784399249 ] } },
{ "type": "Feature", "properties": { "name": "المجاورة 15" }, "geometry": { "type": "Point", "coordinates": [ 31.728336648745948, 30.114803300585464 ] } },
{ "type": "Feature", "properties": { "name": "المجاورة 13" }, "geometry": { "type": "Point", "coordinates": [ 31.73337649234297, 30.118419077308246 ] } },
{ "type": "Feature", "properties": { "name": "المجاورة 14" }, "geometry": { "type": "Point", "coordinates": [ 31.729533509207037, 30.118530773897284 ] } },
{ "type": "Feature", "properties": { "name": "منطقة خدمات" }, "geometry": { "type": "Point", "coordinates": [ 31.734382176992078, 30.110827651501054 ] } },
{ "type": "Feature", "properties": { "name": "المجاورة 9" }, "geometry": { "type": "Point", "coordinates": [ 31.741792746709677, 30.116742315862897 ] } },
{ "type": "Feature", "properties": { "name": "المجاورة ل" }, "geometry": { "type": "Point", "coordinates": [ 31.714733424020302, 30.12343351141925 ] } },
{ "type": "Feature", "properties": { "name": "المجاورة 1" }, "geometry": { "type": "Point", "coordinates": [ 31.728371738941927, 30.142700340256251 ] } },
{ "type": "Feature", "properties": { "name": "المجاورة أ" }, "geometry": { "type": "Point", "coordinates": [ 31.711472773007888, 30.116482816215118 ] } },
{ "type": "Feature", "properties": { "name": "المجاورة ب" }, "geometry": { "type": "Point", "coordinates": [ 31.718457120679478, 30.115692132677538 ] } },
{ "type": "Feature", "properties": { "name": "المجاورة 4" }, "geometry": { "type": "Point", "coordinates": [ 31.72499125423089, 30.130464545085761 ] } },
{ "type": "Feature", "properties": { "name": "المجاورة 5" }, "geometry": { "type": "Point", "coordinates": [ 31.730027741858589, 30.135203634012651 ] } },
{ "type": "Feature", "properties": { "name": "المنطقة الصناعية المركزية" }, "geometry": { "type": "Point", "coordinates": [ 31.745530802118061, 30.144987468043691 ] } },
{ "type": "Feature", "properties": { "name": "منطقة 6" }, "geometry": { "type": "Point", "coordinates": [ 31.752953037993432, 30.149331117002685 ] } },
{ "type": "Feature", "properties": { "name": "منطقة 5" }, "geometry": { "type": "Point", "coordinates": [ 31.748919207291124, 30.152481875002408 ] } },
{ "type": "Feature", "properties": { "name": "منطقة 4" }, "geometry": { "type": "Point", "coordinates": [ 31.742370857481923, 30.153239749829243 ] } },
{ "type": "Feature", "properties": { "name": "منطقة 3" }, "geometry": { "type": "Point", "coordinates": [ 31.737157867551222, 30.150234255185175 ] } },
{ "type": "Feature", "properties": { "name": "منطقة 2" }, "geometry": { "type": "Point", "coordinates": [ 31.736315536084362, 30.143878542882618 ] } },
{ "type": "Feature", "properties": { "name": "منطقة 1" }, "geometry": { "type": "Point", "coordinates": [ 31.735315331059201, 30.138463070083116 ] } },
{ "type": "Feature", "properties": { "name": "منطقة 100 فدان السكنية" }, "geometry": { "type": "Point", "coordinates": [ 31.766433441385484, 30.147253322992857 ] } },
{ "type": "Feature", "properties": { "name": "منطقة 100 فدان" }, "geometry": { "type": "Point", "coordinates": [ 31.765436472545659, 30.148124711100369 ] } },
{ "type": "Feature", "properties": { "name": "منطقة د" }, "geometry": { "type": "Point", "coordinates": [ 31.691240564912427, 30.148580767334927 ] } },
{ "type": "Feature", "properties": { "name": "منطقة ج" }, "geometry": { "type": "Point", "coordinates": [ 31.69479042108895, 30.142639182505224 ] } },
{ "type": "Feature", "properties": { "name": "منطقة أ" }, "geometry": { "type": "Point", "coordinates": [ 31.696952164465873, 30.153012898941299 ] } },
{ "type": "Feature", "properties": { "name": "المجاورة 3" }, "geometry": { "type": "Point", "coordinates": [ 31.719610934370507, 30.130962376535088 ] } },
{ "type": "Feature", "properties": { "name": "المجاورة 1" }, "geometry": { "type": "Point", "coordinates": [ 31.714770732641121, 30.136749724282886 ] } },
{ "type": "Feature", "properties": { "name": "المجاورة 5" }, "geometry": { "type": "Point", "coordinates": [ 31.713407048357038, 30.129910689601978 ] } },
{ "type": "Feature", "properties": { "name": "المجاورة 2" }, "geometry": { "type": "Point", "coordinates": [ 31.722148454516905, 30.138188341742726 ] } },
{ "type": "Feature", "properties": { "name": "البنفسج 8" }, "geometry": { "type": "Point", "coordinates": [ 31.464585903510073, 30.050779685080595 ] } },
{ "type": "Feature", "properties": { "name": "البنفسج 7" }, "geometry": { "type": "Point", "coordinates": [ 31.471871454428889, 30.051183473296074 ] } },
{ "type": "Feature", "properties": { "name": "المجاورة ك" }, "geometry": { "type": "Point", "coordinates": [ 31.719686350372918, 30.121654012459192 ] } },
{ "type": "Feature", "properties": { "name": "منطقة هـ" }, "geometry": { "type": "Point", "coordinates": [ 31.69666189859792, 30.147885878659594 ] } },
{ "type": "Feature", "properties": { "name": "مشروع صندوق إسكان عثمان" }, "geometry": { "type": "Point", "coordinates": [ 31.704622623097308, 30.14716745598551 ] } },
{ "type": "Feature", "properties": { "name": "منطقة ب" }, "geometry": { "type": "Point", "coordinates": [ 31.701335201835874, 30.147012632771482 ] } },
{ "type": "Feature", "properties": { "name": "مساكن التعاونيات" }, "geometry": { "type": "Point", "coordinates": [ 31.701747220915827, 30.150928247909587 ] } },
{ "type": "Feature", "properties": { "name": "المجاورة 4" }, "geometry": { "type": "Point", "coordinates": [ 31.708519659132826, 30.127377272600711 ] } },
{ "type": "Feature", "properties": { "name": "المجاورة 3" }, "geometry": { "type": "Point", "coordinates": [ 31.702233289621589, 30.134252441596466 ] } },
{ "type": "Feature", "properties": { "name": "المجاورة 2" }, "geometry": { "type": "Point", "coordinates": [ 31.707310384419682, 30.138347956984774 ] } },
{ "type": "Feature", "properties": { "name": "منطقة ال 250 فدان السكنية" }, "geometry": { "type": "Point", "coordinates": [ 31.749008802119747, 30.133692189051001 ] } },
{ "type": "Feature", "properties": { "name": "المنطقة الصناعية" }, "geometry": { "type": "Point", "coordinates": [ 31.749850993239761, 30.130245966119386 ] } },
{ "type": "Feature", "properties": { "name": "شرق الروبيكي" }, "geometry": { "type": "Point", "coordinates": [ 31.751224397008276, 30.121146485191918 ] } },
{ "type": "Feature", "properties": { "name": "قطاع أ6" }, "geometry": { "type": "Point", "coordinates": [ 31.758939234725922, 30.2402935836121 ] } },
{ "type": "Feature", "properties": { "name": "قطاع أ1 مكرر" }, "geometry": { "type": "Point", "coordinates": [ 31.76991743191159, 30.267225926937581 ] } },
{ "type": "Feature", "properties": { "name": "عمارات ايوب" }, "geometry": { "type": "Point", "coordinates": [ 31.345612528140499, 30.079142964181795 ] } },
{ "type": "Feature", "properties": { "name": "عمارات السعودية" }, "geometry": { "type": "Point", "coordinates": [ 31.340438252590651, 30.075742181353398 ] } },
{ "type": "Feature", "properties": { "name": "مباني المدفعية الرئاسية" }, "geometry": { "type": "Point", "coordinates": [ 31.342517831519562, 30.073757962980984 ] } },
{ "type": "Feature", "properties": { "name": "عمارات الامداد و التموين" }, "geometry": { "type": "Point", "coordinates": [ 31.345348356957494, 30.07059427637579 ] } },
{ "type": "Feature", "properties": { "name": "عمارات شباب المهندسين" }, "geometry": { "type": "Point", "coordinates": [ 31.342796157953913, 30.07027879849544 ] } },
{ "type": "Feature", "properties": { "name": "قطاع أ5 مكرر" }, "geometry": { "type": "Point", "coordinates": [ 31.780935152994513, 30.261431827845158 ] } },
{ "type": "Feature", "properties": { "name": "قطاع أ5" }, "geometry": { "type": "Point", "coordinates": [ 31.802430309321693, 30.271786189968005 ] } },
{ "type": "Feature", "properties": { "name": "قطاع أ4" }, "geometry": { "type": "Point", "coordinates": [ 31.831299793679445, 30.292372672601264 ] } },
{ "type": "Feature", "properties": { "name": "عمارات الشروق" }, "geometry": { "type": "Point", "coordinates": [ 31.367671910280549, 30.07071053482996 ] } },
{ "type": "Feature", "properties": { "name": "33 عمارة" }, "geometry": { "type": "Point", "coordinates": [ 31.359268590492814, 30.062160108148596 ] } },
{ "type": "Feature", "properties": { "name": "29 عمارة" }, "geometry": { "type": "Point", "coordinates": [ 31.359315120568706, 30.063612892713795 ] } },
{ "type": "Feature", "properties": { "name": "عمارات الشرارة" }, "geometry": { "type": "Point", "coordinates": [ 31.35909278753476, 30.065603543643686 ] } },
{ "type": "Feature", "properties": { "name": "عمارات مقاتلى رمضان" }, "geometry": { "type": "Point", "coordinates": [ 31.358692276756642, 30.06732633297576 ] } },
{ "type": "Feature", "properties": { "name": "مدينة المبعوثين" }, "geometry": { "type": "Point", "coordinates": [ 31.359029399954949, 30.060051036546085 ] } },
{ "type": "Feature", "properties": { "name": "الفردوس" }, "geometry": { "type": "Point", "coordinates": [ 31.362649429379537, 30.066590450178243 ] } },
{ "type": "Feature", "properties": { "name": "ديار النادي الاهلى" }, "geometry": { "type": "Point", "coordinates": [ 31.361173795794084, 30.063137582059451 ] } },
{ "type": "Feature", "properties": { "name": "التعاونيات" }, "geometry": { "type": "Point", "coordinates": [ 31.36223416225744, 30.057427866980987 ] } },
{ "type": "Feature", "properties": { "name": "عمارات التوفيقيه" }, "geometry": { "type": "Point", "coordinates": [ 31.374054611114779, 30.061115585216495 ] } },
{ "type": "Feature", "properties": { "name": "مشروع 29 عمارة" }, "geometry": { "type": "Point", "coordinates": [ 31.375688862034462, 30.060158276607154 ] } },
{ "type": "Feature", "properties": { "name": "عمارات الرقابه الإدارية" }, "geometry": { "type": "Point", "coordinates": [ 31.378056547249791, 30.062696370573423 ] } },
{ "type": "Feature", "properties": { "name": "منطقة 1" }, "geometry": { "type": "Point", "coordinates": [ 31.331711707805848, 30.060561661037159 ] } },
{ "type": "Feature", "properties": { "name": "الحديقه الدوليه" }, "geometry": { "type": "Point", "coordinates": [ 31.333621902278992, 30.048713848109486 ] } },
{ "type": "Feature", "properties": { "name": "عمارات الشرق للتأمين" }, "geometry": { "type": "Point", "coordinates": [ 31.336222019277159, 30.052021221148198 ] } },
{ "type": "Feature", "properties": { "name": "عمارات عثمان احمد عثمان" }, "geometry": { "type": "Point", "coordinates": [ 31.334491174135763, 30.052783972958622 ] } },
{ "type": "Feature", "properties": { "name": "مساكن بنك الاسكان والتعمير" }, "geometry": { "type": "Point", "coordinates": [ 31.358690859767439, 30.057304559360688 ] } },
{ "type": "Feature", "properties": { "name": "عمارات اطلس" }, "geometry": { "type": "Point", "coordinates": [ 31.362234609311137, 30.059462862701736 ] } },
{ "type": "Feature", "properties": { "name": "مدينة القضاة" }, "geometry": { "type": "Point", "coordinates": [ 31.361845419376866, 30.060720317690656 ] } },
{ "type": "Feature", "properties": { "name": "الجولف" }, "geometry": { "type": "Point", "coordinates": [ 31.330350722029245, 30.077259646272083 ] } },
{ "type": "Feature", "properties": { "name": "عمارات الشرطة الجديدة" }, "geometry": { "type": "Point", "coordinates": [ 31.341273184253048, 30.0356362812444 ] } },
{ "type": "Feature", "properties": { "name": "ابراج نصر الشرطة" }, "geometry": { "type": "Point", "coordinates": [ 31.33481875818195, 30.037054147633004 ] } },
{ "type": "Feature", "properties": { "name": "عمارات التعاونيات ك" }, "geometry": { "type": "Point", "coordinates": [ 31.296016425090208, 30.056431209881037 ] } },
{ "type": "Feature", "properties": { "name": "مساكن المهندسين" }, "geometry": { "type": "Point", "coordinates": [ 31.34859881212612, 30.07592664458879 ] } },
{ "type": "Feature", "properties": { "name": "منطقه السينما" }, "geometry": { "type": "Point", "coordinates": [ 31.324275315391226, 30.060994931111637 ] } },
{ "type": "Feature", "properties": { "name": "رابعة العدوية" }, "geometry": { "type": "Point", "coordinates": [ 31.322166035773943, 30.068686174142865 ] } },
{ "type": "Feature", "properties": { "name": "عمارات التوفيق" }, "geometry": { "type": "Point", "coordinates": [ 31.320976602564713, 30.072327571462374 ] } },
{ "type": "Feature", "properties": { "name": "الشركات" }, "geometry": { "type": "Point", "coordinates": [ 31.317334420425244, 30.076598881254441 ] } },
{ "type": "Feature", "properties": { "name": "امتداد رمسيس 2" }, "geometry": { "type": "Point", "coordinates": [ 31.303573079562845, 30.062746827596804 ] } },
{ "type": "Feature", "properties": { "name": "عمارات المهمات" }, "geometry": { "type": "Point", "coordinates": [ 31.297053058942211, 30.062569254995292 ] } },
{ "type": "Feature", "properties": { "name": "عمارات ايديال" }, "geometry": { "type": "Point", "coordinates": [ 31.290419165986322, 30.056299408824515 ] } },
{ "type": "Feature", "properties": { "name": "مشروع 10 عمارات" }, "geometry": { "type": "Point", "coordinates": [ 31.290006287396636, 30.054078423627747 ] } },
{ "type": "Feature", "properties": { "name": "عمارات التعاونيات ج" }, "geometry": { "type": "Point", "coordinates": [ 31.291981876906288, 30.055545872319716 ] } },
{ "type": "Feature", "properties": { "name": "حى السفارات" }, "geometry": { "type": "Point", "coordinates": [ 31.339024407982166, 30.038106760625897 ] } },
{ "type": "Feature", "properties": { "name": "عمارات الحرس الجمهورى" }, "geometry": { "type": "Point", "coordinates": [ 31.33551600000883, 30.069741905288371 ] } },
{ "type": "Feature", "properties": { "name": "عمارات المروة" }, "geometry": { "type": "Point", "coordinates": [ 31.327691178028829, 30.079038102068477 ] } },
{ "type": "Feature", "properties": { "name": "عمارات رابعة العدويه الاستثمارية" }, "geometry": { "type": "Point", "coordinates": [ 31.337272988023688, 30.072066089067299 ] } },
{ "type": "Feature", "properties": { "name": "مساكن كليه البنات" }, "geometry": { "type": "Point", "coordinates": [ 31.335383193364954, 30.076232619436681 ] } },
{ "type": "Feature", "properties": { "name": "مساكن الهيئة العربية للتصنيع" }, "geometry": { "type": "Point", "coordinates": [ 31.345821323458242, 30.066794498858947 ] } },
{ "type": "Feature", "properties": { "name": "عمارات أطلس" }, "geometry": { "type": "Point", "coordinates": [ 31.347880093411661, 30.066203069082761 ] } },
{ "type": "Feature", "properties": { "name": "منطقة 9" }, "geometry": { "type": "Point", "coordinates": [ 31.364440339199763, 30.052438909902559 ] } },
{ "type": "Feature", "properties": { "name": "شرق منطقة 6" }, "geometry": { "type": "Point", "coordinates": [ 31.368032099374187, 30.062202642571386 ] } },
{ "type": "Feature", "properties": { "name": "النادي الاهلى" }, "geometry": { "type": "Point", "coordinates": [ 31.36561094145004, 30.07361495204195 ] } },
{ "type": "Feature", "properties": { "name": "مطار القاهرة" }, "geometry": { "type": "Point", "coordinates": [ 31.351928769474203, 30.114333019421416 ] } },
{ "type": "Feature", "properties": { "name": "المنتزه" }, "geometry": { "type": "Point", "coordinates": [ 31.321582635862772, 30.092263222634664 ] } },
{ "type": "Feature", "properties": { "name": "البستان" }, "geometry": { "type": "Point", "coordinates": [ 31.327648951345168, 30.099512682592206 ] } },
{ "type": "Feature", "properties": { "name": "مساكن الجيزة" }, "geometry": { "type": "Point", "coordinates": [ 31.330967394856994, 30.015680234068146 ] } },
{ "type": "Feature", "properties": { "name": "مساكن القاهرة" }, "geometry": { "type": "Point", "coordinates": [ 31.333651660709755, 30.015880428729247 ] } },
{ "type": "Feature", "properties": { "name": "مساكن المحموديه" }, "geometry": { "type": "Point", "coordinates": [ 31.334108377979486, 30.014191687370484 ] } },
{ "type": "Feature", "properties": { "name": "مساكن اسبيكو" }, "geometry": { "type": "Point", "coordinates": [ 31.332960124017653, 30.012913428828533 ] } },
{ "type": "Feature", "properties": { "name": "مساكن اطلس" }, "geometry": { "type": "Point", "coordinates": [ 31.331635365012733, 30.012229104879331 ] } },
{ "type": "Feature", "properties": { "name": "مساكن الاسكندرية" }, "geometry": { "type": "Point", "coordinates": [ 31.335316031297001, 30.011766778803057 ] } },
{ "type": "Feature", "properties": { "name": "مساكن النيل و الكبارى" }, "geometry": { "type": "Point", "coordinates": [ 31.335361872210971, 30.013528646215345 ] } },
{ "type": "Feature", "properties": { "name": "مساكن العبد" }, "geometry": { "type": "Point", "coordinates": [ 31.337120698309057, 30.01356170547157 ] } },
{ "type": "Feature", "properties": { "name": "مساكن الدلتا" }, "geometry": { "type": "Point", "coordinates": [ 31.339202934104613, 30.012779468387375 ] } },
{ "type": "Feature", "properties": { "name": "مساكن النيل" }, "geometry": { "type": "Point", "coordinates": [ 31.338704639165396, 30.011410641203398 ] } },
{ "type": "Feature", "properties": { "name": "مساكن ايجيكو" }, "geometry": { "type": "Point", "coordinates": [ 31.336770769525096, 30.010777425709932 ] } },
{ "type": "Feature", "properties": { "name": "المساكن الجاهزة" }, "geometry": { "type": "Point", "coordinates": [ 31.338407778822084, 30.010301769222007 ] } },
{ "type": "Feature", "properties": { "name": "عزبه العرب" }, "geometry": { "type": "Point", "coordinates": [ 31.296688258739607, 30.050415673432195 ] } },
{ "type": "Feature", "properties": { "name": "منطقة 8" }, "geometry": { "type": "Point", "coordinates": [ 31.348011187270551, 30.050324287662917 ] } },
{ "type": "Feature", "properties": { "name": "عمارات 81" }, "geometry": { "type": "Point", "coordinates": [ 31.355241497173726, 30.04692670468182 ] } },
{ "type": "Feature", "properties": { "name": "عمارات المنيل" }, "geometry": { "type": "Point", "coordinates": [ 31.351416651286272, 30.050926790537527 ] } },
{ "type": "Feature", "properties": { "name": "النزهه الجديدة" }, "geometry": { "type": "Point", "coordinates": [ 31.371117068981828, 30.125405443573491 ] } },
{ "type": "Feature", "properties": { "name": "الهايكستب" }, "geometry": { "type": "Point", "coordinates": [ 31.399113169808761, 30.13606901087245 ] } },
{ "type": "Feature", "properties": { "name": "عمارات الفاروقية" }, "geometry": { "type": "Point", "coordinates": [ 31.391940308809978, 30.138939870097772 ] } },
{ "type": "Feature", "properties": { "name": "مساكن السويسرى أ" }, "geometry": { "type": "Point", "coordinates": [ 31.360355394559623, 30.045449688646144 ] } },
{ "type": "Feature", "properties": { "name": "مساكن السويسرى ب" }, "geometry": { "type": "Point", "coordinates": [ 31.367440689557977, 30.045762605826681 ] } },
{ "type": "Feature", "properties": { "name": "مساكن صقر قريش" }, "geometry": { "type": "Point", "coordinates": [ 31.372975954741566, 30.042605388625766 ] } },
{ "type": "Feature", "properties": { "name": "الجيزة" }, "geometry": { "type": "Point", "coordinates": [ 31.332695692784025, 30.015575922343665 ] } },
{ "type": "Feature", "properties": { "name": "العبد" }, "geometry": { "type": "Point", "coordinates": [ 31.337888291854597, 30.013099155661529 ] } },
{ "type": "Feature", "properties": { "name": "المنيل الشرقي" }, "geometry": { "type": "Point", "coordinates": [ 31.227462454680214, 30.022602938099507 ] } },
{ "type": "Feature", "properties": { "name": "المنيل الشرقي" }, "geometry": { "type": "Point", "coordinates": [ 31.227462454680214, 30.022602938099507 ] } },
{ "type": "Feature", "properties": { "name": "المنيل الغربي" }, "geometry": { "type": "Point", "coordinates": [ 31.225604246921421, 30.026461090136731 ] } },
{ "type": "Feature", "properties": { "name": "المنيل الغربي" }, "geometry": { "type": "Point", "coordinates": [ 31.225604246921421, 30.026461090136731 ] } },
{ "type": "Feature", "properties": { "name": "الوفاء والامل" }, "geometry": { "type": "Point", "coordinates": [ 31.348889816681229, 30.02478284807431 ] } },
{ "type": "Feature", "properties": { "name": "الوفاء والامل" }, "geometry": { "type": "Point", "coordinates": [ 31.348889816681229, 30.02478284807431 ] } },
{ "type": "Feature", "properties": { "name": "منطقة 7" }, "geometry": { "type": "Point", "coordinates": [ 31.335306819023032, 30.0410057432332 ] } },
{ "type": "Feature", "properties": { "name": "عين الصيره" }, "geometry": { "type": "Point", "coordinates": [ 31.243842417824702, 30.013082306990054 ] } },
{ "type": "Feature", "properties": { "name": "مساكن اطلس" }, "geometry": { "type": "Point", "coordinates": [ 31.331805979549717, 30.006329444069252 ] } },
{ "type": "Feature", "properties": { "name": "مساكن الكويت" }, "geometry": { "type": "Point", "coordinates": [ 31.330139567072813, 30.005823037499365 ] } },
{ "type": "Feature", "properties": { "name": "مساكن البساتين" }, "geometry": { "type": "Point", "coordinates": [ 31.330097351720067, 30.006962377584028 ] } },
{ "type": "Feature", "properties": { "name": "مساكن مصر العليا" }, "geometry": { "type": "Point", "coordinates": [ 31.33023043837574, 30.00803737636933 ] } },
{ "type": "Feature", "properties": { "name": "مساكن الإنشاءات" }, "geometry": { "type": "Point", "coordinates": [ 31.329567817006552, 30.009247935668174 ] } },
{ "type": "Feature", "properties": { "name": "مساكن الشركة العربية" }, "geometry": { "type": "Point", "coordinates": [ 31.332287657086951, 30.008437411843772 ] } },
{ "type": "Feature", "properties": { "name": "مساكن المحمودية" }, "geometry": { "type": "Point", "coordinates": [ 31.333133147313397, 30.004899436315963 ] } },
{ "type": "Feature", "properties": { "name": "مساكن العبد" }, "geometry": { "type": "Point", "coordinates": [ 31.334019259833308, 30.006336740750708 ] } },
{ "type": "Feature", "properties": { "name": "مساكن رولان" }, "geometry": { "type": "Point", "coordinates": [ 31.335291025920615, 30.007589387222144 ] } },
{ "type": "Feature", "properties": { "name": "مساكن الوادى" }, "geometry": { "type": "Point", "coordinates": [ 31.335705519719962, 30.005038156685512 ] } },
{ "type": "Feature", "properties": { "name": "مدخل 2" }, "geometry": { "type": "Point", "coordinates": [ 31.334274880075174, 30.009698238950097 ] } },
{ "type": "Feature", "properties": { "name": "مدخل 1" }, "geometry": { "type": "Point", "coordinates": [ 31.337279239065847, 30.009136511002541 ] } },
{ "type": "Feature", "properties": { "name": "اطلس ج" }, "geometry": { "type": "Point", "coordinates": [ 31.338472481879446, 30.006900236384528 ] } },
{ "type": "Feature", "properties": { "name": "بلوكات 85" }, "geometry": { "type": "Point", "coordinates": [ 31.350683750029258, 30.048063207241853 ] } },
{ "type": "Feature", "properties": { "name": "عمارات اطلس" }, "geometry": { "type": "Point", "coordinates": [ 31.34637225176958, 30.049522487339569 ] } },
{ "type": "Feature", "properties": { "name": "صبحى حسين" }, "geometry": { "type": "Point", "coordinates": [ 31.332736750250792, 30.001276188167626 ] } },
{ "type": "Feature", "properties": { "name": "مساكن اسكندرية" }, "geometry": { "type": "Point", "coordinates": [ 31.332277112914667, 29.998960301001329 ] } },
{ "type": "Feature", "properties": { "name": "مساكن القاهرة" }, "geometry": { "type": "Point", "coordinates": [ 31.331514989257769, 30.001639782775417 ] } },
{ "type": "Feature", "properties": { "name": "مساكن اسبيكو وتعاونيات القاهرة" }, "geometry": { "type": "Point", "coordinates": [ 31.333582754234264, 30.002581139928445 ] } },
{ "type": "Feature", "properties": { "name": "شريف" }, "geometry": { "type": "Point", "coordinates": [ 31.24792259728229, 30.09208350144182 ] } },
{ "type": "Feature", "properties": { "name": "مساكن الشركه الكويتيه المرحله 2" }, "geometry": { "type": "Point", "coordinates": [ 31.280697816475818, 29.987498472054622 ] } },
{ "type": "Feature", "properties": { "name": "مساكن الشركه الكويتيه المرحله 1" }, "geometry": { "type": "Point", "coordinates": [ 31.280024115987132, 29.988254340367583 ] } },
{ "type": "Feature", "properties": { "name": "مساكن الشركه الكويتيه" }, "geometry": { "type": "Point", "coordinates": [ 31.276073793050706, 29.986669374358385 ] } },
{ "type": "Feature", "properties": { "name": "مساكن الشركه السعوديه القطاع 7" }, "geometry": { "type": "Point", "coordinates": [ 31.278487596560367, 29.985055863613272 ] } },
{ "type": "Feature", "properties": { "name": "بلوك 13" }, "geometry": { "type": "Point", "coordinates": [ 31.275154833238165, 29.983297540278574 ] } },
{ "type": "Feature", "properties": { "name": "بلوك 6" }, "geometry": { "type": "Point", "coordinates": [ 31.276560987030699, 29.984207180956666 ] } },
{ "type": "Feature", "properties": { "name": "بلوك 4" }, "geometry": { "type": "Point", "coordinates": [ 31.275613661143424, 29.985273503293126 ] } },
{ "type": "Feature", "properties": { "name": "بلوك 3" }, "geometry": { "type": "Point", "coordinates": [ 31.277103767092107, 29.985102937030913 ] } },
{ "type": "Feature", "properties": { "name": "بلوك 5" }, "geometry": { "type": "Point", "coordinates": [ 31.274368295537347, 29.984433234665957 ] } },
{ "type": "Feature", "properties": { "name": "إسكان النصر" }, "geometry": { "type": "Point", "coordinates": [ 31.306241135712018, 29.888396832712825 ] } },
{ "type": "Feature", "properties": { "name": "وادى حوف" }, "geometry": { "type": "Point", "coordinates": [ 31.311903986859768, 29.885108637028075 ] } },
{ "type": "Feature", "properties": { "name": "الزهار" }, "geometry": { "type": "Point", "coordinates": [ 31.240999804332475, 30.0600940331381 ] } },
{ "type": "Feature", "properties": { "name": "القللى" }, "geometry": { "type": "Point", "coordinates": [ 31.241176798853932, 30.062196418889101 ] } },
{ "type": "Feature", "properties": { "name": "طره الحجاره" }, "geometry": { "type": "Point", "coordinates": [ 31.282287591961389, 29.942893410378769 ] } },
{ "type": "Feature", "properties": { "name": "مشروع 18 عمارة" }, "geometry": { "type": "Point", "coordinates": [ 31.364088434306538, 30.043081924083804 ] } },
{ "type": "Feature", "properties": { "name": "مشروع 19 عمارة" }, "geometry": { "type": "Point", "coordinates": [ 31.358640130479163, 30.037626261855205 ] } },
{ "type": "Feature", "properties": { "name": "مساكن الطوب الرملى" }, "geometry": { "type": "Point", "coordinates": [ 31.357820296680888, 30.035492842361364 ] } },
{ "type": "Feature", "properties": { "name": "التعاونيات, مساكن الطوب الرملى" }, "geometry": { "type": "Point", "coordinates": [ 31.368585682863674, 30.033379088698119 ] } },
{ "type": "Feature", "properties": { "name": "الروضه والمقياس" }, "geometry": { "type": "Point", "coordinates": [ 31.224759979883611, 30.012322380614041 ] } },
{ "type": "Feature", "properties": { "name": "النزهه" }, "geometry": { "type": "Point", "coordinates": [ 31.337636686227796, 30.103488932457648 ] } },
{ "type": "Feature", "properties": { "name": "مساكن التبين الشعبيه" }, "geometry": { "type": "Point", "coordinates": [ 31.295695731364408, 29.786872563102406 ] } },
{ "type": "Feature", "properties": { "name": "منشيه البكرى" }, "geometry": { "type": "Point", "coordinates": [ 31.309009802644198, 30.0843376153333 ] } },
{ "type": "Feature", "properties": { "name": "بلوك 2" }, "geometry": { "type": "Point", "coordinates": [ 31.284092778018437, 29.976334443674503 ] } },
{ "type": "Feature", "properties": { "name": "الاميريه البلد" }, "geometry": { "type": "Point", "coordinates": [ 31.270694955173251, 30.107994010599349 ] } },
{ "type": "Feature", "properties": { "name": "النهضه" }, "geometry": { "type": "Point", "coordinates": [ 31.433024865423633, 30.162444198890416 ] } },
{ "type": "Feature", "properties": { "name": "عمارات 800" }, "geometry": { "type": "Point", "coordinates": [ 31.390801872456301, 30.052586384893619 ] } },
{ "type": "Feature", "properties": { "name": "عمارات 700" }, "geometry": { "type": "Point", "coordinates": [ 31.388847192734541, 30.05141783476742 ] } },
{ "type": "Feature", "properties": { "name": "عمارات 600" }, "geometry": { "type": "Point", "coordinates": [ 31.386681810069607, 30.050885817227886 ] } },
{ "type": "Feature", "properties": { "name": "زهراء مدينة نصر" }, "geometry": { "type": "Point", "coordinates": [ 31.390647228195078, 30.046683256336717 ] } },
{ "type": "Feature", "properties": { "name": "عمارات 900" }, "geometry": { "type": "Point", "coordinates": [ 31.385822978217352, 30.05384040071694 ] } },
{ "type": "Feature", "properties": { "name": "عمارات 3000" }, "geometry": { "type": "Point", "coordinates": [ 31.384379038658306, 30.053829189628221 ] } },
{ "type": "Feature", "properties": { "name": "المرحلة 2" }, "geometry": { "type": "Point", "coordinates": [ 31.381794449682872, 30.05147272805975 ] } },
{ "type": "Feature", "properties": { "name": "المرحلة 7" }, "geometry": { "type": "Point", "coordinates": [ 31.397774968524626, 30.036865258745831 ] } },
{ "type": "Feature", "properties": { "name": "عمارات 4000" }, "geometry": { "type": "Point", "coordinates": [ 31.394581301541269, 30.042117630315985 ] } },
{ "type": "Feature", "properties": { "name": "عمارات 2000" }, "geometry": { "type": "Point", "coordinates": [ 31.397392098754416, 30.04180729192241 ] } },
{ "type": "Feature", "properties": { "name": "عمارات 1000" }, "geometry": { "type": "Point", "coordinates": [ 31.397895921899693, 30.047508338988582 ] } },
{ "type": "Feature", "properties": { "name": "عمارات 500" }, "geometry": { "type": "Point", "coordinates": [ 31.396540973194092, 30.04989663150841 ] } },
{ "type": "Feature", "properties": { "name": "عمارات 400" }, "geometry": { "type": "Point", "coordinates": [ 31.393547540206036, 30.049552655647897 ] } },
{ "type": "Feature", "properties": { "name": "عمارات 300" }, "geometry": { "type": "Point", "coordinates": [ 31.391664225211574, 30.047655718754772 ] } },
{ "type": "Feature", "properties": { "name": "المرحلة 1" }, "geometry": { "type": "Point", "coordinates": [ 31.386317893040925, 30.047507752427354 ] } },
{ "type": "Feature", "properties": { "name": "مجموعة 112" }, "geometry": { "type": "Point", "coordinates": [ 31.655020137829254, 30.077631237873291 ] } },
{ "type": "Feature", "properties": { "name": "العباسيه البحريه" }, "geometry": { "type": "Point", "coordinates": [ 31.282852961372555, 30.073622395992469 ] } },
{ "type": "Feature", "properties": { "name": "مساكن الطوب الرملى" }, "geometry": { "type": "Point", "coordinates": [ 31.363713913677639, 30.03984618719663 ] } },
{ "type": "Feature", "properties": { "name": "بلوك 5" }, "geometry": { "type": "Point", "coordinates": [ 31.27551948768874, 29.964544222649803 ] } },
{ "type": "Feature", "properties": { "name": "بلوك 2" }, "geometry": { "type": "Point", "coordinates": [ 31.27692027203641, 29.965615434448715 ] } },
{ "type": "Feature", "properties": { "name": "بلوك 3" }, "geometry": { "type": "Point", "coordinates": [ 31.275889503618931, 29.965615506845353 ] } },
{ "type": "Feature", "properties": { "name": "بلوك 4" }, "geometry": { "type": "Point", "coordinates": [ 31.274921153088812, 29.965081017519566 ] } },
{ "type": "Feature", "properties": { "name": "العباسيه الغربيه" }, "geometry": { "type": "Point", "coordinates": [ 31.279449123108641, 30.070607576343502 ] } },
{ "type": "Feature", "properties": { "name": "مساكن مصر للطيران" }, "geometry": { "type": "Point", "coordinates": [ 31.375397419708133, 30.081037745328668 ] } },
{ "type": "Feature", "properties": { "name": "عمارات الامل" }, "geometry": { "type": "Point", "coordinates": [ 31.376803642000056, 30.080185207030013 ] } },
{ "type": "Feature", "properties": { "name": "مساكن مدينة ضباط الماظة" }, "geometry": { "type": "Point", "coordinates": [ 31.37833151754878, 30.080441397154413 ] } },
{ "type": "Feature", "properties": { "name": "مساكن مصر للتعمير" }, "geometry": { "type": "Point", "coordinates": [ 31.380035898962007, 30.106584516920027 ] } },
{ "type": "Feature", "properties": { "name": "مصر الجديدة للاسكان و التعمير" }, "geometry": { "type": "Point", "coordinates": [ 31.371608359761552, 30.099986787391895 ] } },
{ "type": "Feature", "properties": { "name": "حى الوزراء" }, "geometry": { "type": "Point", "coordinates": [ 31.379026409579325, 30.098358570382185 ] } },
{ "type": "Feature", "properties": { "name": "عمارات التعاونيات" }, "geometry": { "type": "Point", "coordinates": [ 31.374185391860166, 30.104337307977318 ] } },
{ "type": "Feature", "properties": { "name": "مساكن صقر قريش" }, "geometry": { "type": "Point", "coordinates": [ 31.371418652215635, 30.106999028292808 ] } },
{ "type": "Feature", "properties": { "name": "شيراتون المطار" }, "geometry": { "type": "Point", "coordinates": [ 31.407452428550656, 30.108393982371791 ] } },
{ "type": "Feature", "properties": { "name": "بلوك 9" }, "geometry": { "type": "Point", "coordinates": [ 31.285910072783061, 29.970704702330622 ] } },
{ "type": "Feature", "properties": { "name": "بلوك 1221" }, "geometry": { "type": "Point", "coordinates": [ 31.369945524562951, 30.099652516533013 ] } },
{ "type": "Feature", "properties": { "name": "منطقة 3" }, "geometry": { "type": "Point", "coordinates": [ 31.378913739053957, 30.109352924299749 ] } },
{ "type": "Feature", "properties": { "name": "بلوك 1115" }, "geometry": { "type": "Point", "coordinates": [ 31.365491680601799, 30.103424528311756 ] } },
{ "type": "Feature", "properties": { "name": "بلوك 1178" }, "geometry": { "type": "Point", "coordinates": [ 31.378344370084569, 30.095684100355779 ] } },
{ "type": "Feature", "properties": { "name": "بلوك 1154" }, "geometry": { "type": "Point", "coordinates": [ 31.373961726276406, 30.098944483435332 ] } },
{ "type": "Feature", "properties": { "name": "بلوك 1144" }, "geometry": { "type": "Point", "coordinates": [ 31.379019071002176, 30.100499871632472 ] } },
{ "type": "Feature", "properties": { "name": "بلوك 1228" }, "geometry": { "type": "Point", "coordinates": [ 31.369391338376737, 30.101023244238085 ] } },
{ "type": "Feature", "properties": { "name": "منطقة 4" }, "geometry": { "type": "Point", "coordinates": [ 31.381974707378429, 30.107574206017443 ] } },
{ "type": "Feature", "properties": { "name": "بلوك 1216" }, "geometry": { "type": "Point", "coordinates": [ 31.371515375172855, 30.103411725640285 ] } },
{ "type": "Feature", "properties": { "name": "بلوك 1177" }, "geometry": { "type": "Point", "coordinates": [ 31.379054782641795, 30.095301484994067 ] } },
{ "type": "Feature", "properties": { "name": "بلوك 1160" }, "geometry": { "type": "Point", "coordinates": [ 31.372288519129693, 30.095791445329144 ] } },
{ "type": "Feature", "properties": { "name": "بلوك 1145" }, "geometry": { "type": "Point", "coordinates": [ 31.378296176342801, 30.100434379865849 ] } },
{ "type": "Feature", "properties": { "name": "بلوك 1116" }, "geometry": { "type": "Point", "coordinates": [ 31.366344261732316, 30.102705107969769 ] } },
{ "type": "Feature", "properties": { "name": "منطقة 9" }, "geometry": { "type": "Point", "coordinates": [ 31.378510124098494, 30.105212394081747 ] } },
{ "type": "Feature", "properties": { "name": "بلوك 1117" }, "geometry": { "type": "Point", "coordinates": [ 31.367498151883229, 30.102315985085514 ] } },
{ "type": "Feature", "properties": { "name": "بلوك 1182" }, "geometry": { "type": "Point", "coordinates": [ 31.378766781599641, 30.09380000582053 ] } },
{ "type": "Feature", "properties": { "name": "بلوك 1161" }, "geometry": { "type": "Point", "coordinates": [ 31.373210105486731, 30.097096404041068 ] } },
{ "type": "Feature", "properties": { "name": "بلوك 1150" }, "geometry": { "type": "Point", "coordinates": [ 31.381357307303027, 30.098811998367072 ] } },
{ "type": "Feature", "properties": { "name": "بلوك 1112" }, "geometry": { "type": "Point", "coordinates": [ 31.366399795203883, 30.103570275487446 ] } },
{ "type": "Feature", "properties": { "name": "بلوك 1140" }, "geometry": { "type": "Point", "coordinates": [ 31.380571765297187, 30.101645410170121 ] } },
{ "type": "Feature", "properties": { "name": "بلوك 1114" }, "geometry": { "type": "Point", "coordinates": [ 31.364708771196998, 30.104085206405703 ] } },
{ "type": "Feature", "properties": { "name": "بلوك 1181" }, "geometry": { "type": "Point", "coordinates": [ 31.379740638272885, 30.094723597179957 ] } },
{ "type": "Feature", "properties": { "name": "بلوك 1156" }, "geometry": { "type": "Point", "coordinates": [ 31.371950833970899, 30.098434956492365 ] } },
{ "type": "Feature", "properties": { "name": "بلوك 1170" }, "geometry": { "type": "Point", "coordinates": [ 31.380724530697197, 30.097247309642466 ] } },
{ "type": "Feature", "properties": { "name": "بلوك 1222" }, "geometry": { "type": "Point", "coordinates": [ 31.370865725126652, 30.099541374921955 ] } },
{ "type": "Feature", "properties": { "name": "بلوك 1105" }, "geometry": { "type": "Point", "coordinates": [ 31.369628836107371, 30.104985836686659 ] } },
{ "type": "Feature", "properties": { "name": "بلوك 1168" }, "geometry": { "type": "Point", "coordinates": [ 31.378914156471389, 30.096482513863599 ] } },
{ "type": "Feature", "properties": { "name": "منطقة 7" }, "geometry": { "type": "Point", "coordinates": [ 31.38141802309735, 30.104499298634703 ] } },
{ "type": "Feature", "properties": { "name": "بلوك 1219" }, "geometry": { "type": "Point", "coordinates": [ 31.367932174094115, 30.10135870811127 ] } },
{ "type": "Feature", "properties": { "name": "منطقة 1" }, "geometry": { "type": "Point", "coordinates": [ 31.376757527621812, 30.107433138161412 ] } },
{ "type": "Feature", "properties": { "name": "بلوك 1159" }, "geometry": { "type": "Point", "coordinates": [ 31.372108596840611, 30.097249527850629 ] } },
{ "type": "Feature", "properties": { "name": "بلوك 1148" }, "geometry": { "type": "Point", "coordinates": [ 31.377135482111541, 30.09846040688835 ] } },
{ "type": "Feature", "properties": { "name": "بلوك 1155" }, "geometry": { "type": "Point", "coordinates": [ 31.374458767051564, 30.099986072028923 ] } },
{ "type": "Feature", "properties": { "name": "بلوك 1107" }, "geometry": { "type": "Point", "coordinates": [ 31.36820173966224, 30.105183146716833 ] } },
{ "type": "Feature", "properties": { "name": "بلوك 1103" }, "geometry": { "type": "Point", "coordinates": [ 31.366316005387347, 30.105790204034179 ] } },
{ "type": "Feature", "properties": { "name": "منطقة 8" }, "geometry": { "type": "Point", "coordinates": [ 31.381188756203088, 30.103178957193229 ] } },
{ "type": "Feature", "properties": { "name": "بلوك 1220" }, "geometry": { "type": "Point", "coordinates": [ 31.369046825590932, 30.100415331096865 ] } },
{ "type": "Feature", "properties": { "name": "منطقة 2" }, "geometry": { "type": "Point", "coordinates": [ 31.377327421344763, 30.109782787245273 ] } },
{ "type": "Feature", "properties": { "name": "بلوك 1183" }, "geometry": { "type": "Point", "coordinates": [ 31.376704335473224, 30.09385586852633 ] } },
{ "type": "Feature", "properties": { "name": "بلوك 1149" }, "geometry": { "type": "Point", "coordinates": [ 31.379898735510093, 30.098952124661096 ] } },
{ "type": "Feature", "properties": { "name": "بلوك 1226" }, "geometry": { "type": "Point", "coordinates": [ 31.370314379876664, 30.101856919227824 ] } },
{ "type": "Feature", "properties": { "name": "بلوك 1141" }, "geometry": { "type": "Point", "coordinates": [ 31.379983715205331, 30.101439372387421 ] } },
{ "type": "Feature", "properties": { "name": "بلوك 1217" }, "geometry": { "type": "Point", "coordinates": [ 31.369471328203659, 30.103168639800124 ] } },
{ "type": "Feature", "properties": { "name": "بلوك 1119" }, "geometry": { "type": "Point", "coordinates": [ 31.36924880148943, 30.103879163920197 ] } },
{ "type": "Feature", "properties": { "name": "بلوك 1184" }, "geometry": { "type": "Point", "coordinates": [ 31.375761060873941, 30.09460723406362 ] } },
{ "type": "Feature", "properties": { "name": "بلوك 1179" }, "geometry": { "type": "Point", "coordinates": [ 31.377475495992933, 30.095766095571438 ] } },
{ "type": "Feature", "properties": { "name": "بلوك 1223" }, "geometry": { "type": "Point", "coordinates": [ 31.372632311905821, 30.101124998780982 ] } },
{ "type": "Feature", "properties": { "name": "بلوك 1104" }, "geometry": { "type": "Point", "coordinates": [ 31.368344542545984, 30.106028466631777 ] } },
{ "type": "Feature", "properties": { "name": "بلوك 1143" }, "geometry": { "type": "Point", "coordinates": [ 31.379487002584188, 30.10092232012515 ] } },
{ "type": "Feature", "properties": { "name": "بلوك 1218" }, "geometry": { "type": "Point", "coordinates": [ 31.368316930116013, 30.102127887915398 ] } },
{ "type": "Feature", "properties": { "name": "بلوك 1118" }, "geometry": { "type": "Point", "coordinates": [ 31.368397339309169, 30.103223429859664 ] } },
{ "type": "Feature", "properties": { "name": "بلوك 1163" }, "geometry": { "type": "Point", "coordinates": [ 31.374259094081708, 30.096590853283683 ] } },
{ "type": "Feature", "properties": { "name": "بلوك 1180" }, "geometry": { "type": "Point", "coordinates": [ 31.37761869091063, 30.094581100986218 ] } },
{ "type": "Feature", "properties": { "name": "بلوك 1157" }, "geometry": { "type": "Point", "coordinates": [ 31.374033703594485, 30.098327054496284 ] } },
{ "type": "Feature", "properties": { "name": "بلوك 1142" }, "geometry": { "type": "Point", "coordinates": [ 31.377917479850115, 30.101807246405158 ] } },
{ "type": "Feature", "properties": { "name": "بلوك 1224" }, "geometry": { "type": "Point", "coordinates": [ 31.371222038755533, 30.102673987344936 ] } },
{ "type": "Feature", "properties": { "name": "منطقة 5" }, "geometry": { "type": "Point", "coordinates": [ 31.380230691310132, 30.107018226981786 ] } },
{ "type": "Feature", "properties": { "name": "بلوك 1109" }, "geometry": { "type": "Point", "coordinates": [ 31.368284221874976, 30.104323191508144 ] } },
{ "type": "Feature", "properties": { "name": "بلوك 1164" }, "geometry": { "type": "Point", "coordinates": [ 31.374908065698548, 30.096649021797486 ] } },
{ "type": "Feature", "properties": { "name": "بلوك 1169" }, "geometry": { "type": "Point", "coordinates": [ 31.380115630259414, 30.097149812823226 ] } },
{ "type": "Feature", "properties": { "name": "بلوك 1158" }, "geometry": { "type": "Point", "coordinates": [ 31.373788076345914, 30.097726448826979 ] } },
{ "type": "Feature", "properties": { "name": "بلوك 1146" }, "geometry": { "type": "Point", "coordinates": [ 31.376750902312288, 30.100062498510791 ] } },
{ "type": "Feature", "properties": { "name": "بلوك 1227" }, "geometry": { "type": "Point", "coordinates": [ 31.370744875569972, 30.102244255810866 ] } },
{ "type": "Feature", "properties": { "name": "منطفة 6" }, "geometry": { "type": "Point", "coordinates": [ 31.383955063283086, 30.104897353795486 ] } },
{ "type": "Feature", "properties": { "name": "بلوك 1111" }, "geometry": { "type": "Point", "coordinates": [ 31.367440491429665, 30.103558039517356 ] } },
{ "type": "Feature", "properties": { "name": "بلوك 1167" }, "geometry": { "type": "Point", "coordinates": [ 31.377686847137902, 30.096818860721733 ] } },
{ "type": "Feature", "properties": { "name": "بلوك 1153" }, "geometry": { "type": "Point", "coordinates": [ 31.376101533561791, 30.098834209748883 ] } },
{ "type": "Feature", "properties": { "name": "بلوك 1147" }, "geometry": { "type": "Point", "coordinates": [ 31.378534898615168, 30.099336205807472 ] } },
{ "type": "Feature", "properties": { "name": "مساكن السعوديه" }, "geometry": { "type": "Point", "coordinates": [ 31.29418273448815, 30.098879902515588 ] } },
{ "type": "Feature", "properties": { "name": "الرملى" }, "geometry": { "type": "Point", "coordinates": [ 31.25630337548877, 30.052951835896724 ] } },
{ "type": "Feature", "properties": { "name": "الشيخ ندا درب مصطفى" }, "geometry": { "type": "Point", "coordinates": [ 31.255001792435866, 30.053643393779605 ] } },
{ "type": "Feature", "properties": { "name": "قصوره الشوام" }, "geometry": { "type": "Point", "coordinates": [ 31.24130619664999, 30.067132459654637 ] } },
{ "type": "Feature", "properties": { "name": "محمد مظهر" }, "geometry": { "type": "Point", "coordinates": [ 31.224120223471839, 30.066325354523826 ] } },
{ "type": "Feature", "properties": { "name": "عمر الخيام" }, "geometry": { "type": "Point", "coordinates": [ 31.224920703185887, 30.047548027394431 ] } },
{ "type": "Feature", "properties": { "name": "مساكن الصعيد 1000" }, "geometry": { "type": "Point", "coordinates": [ 31.427240945257029, 30.160080413040696 ] } },
{ "type": "Feature", "properties": { "name": "مساكن رئاسة الجمهوريه" }, "geometry": { "type": "Point", "coordinates": [ 31.297465133198216, 30.100241242559573 ] } },
{ "type": "Feature", "properties": { "name": "عمارات مخابرات القبه 2" }, "geometry": { "type": "Point", "coordinates": [ 31.298974618626048, 30.099510542041497 ] } },
{ "type": "Feature", "properties": { "name": "عمارات مجلس الدفاع الوطنى" }, "geometry": { "type": "Point", "coordinates": [ 31.292871609337173, 30.093336798236585 ] } },
{ "type": "Feature", "properties": { "name": "السرايات الشرقيه" }, "geometry": { "type": "Point", "coordinates": [ 31.27249158563648, 29.960777746761156 ] } },
{ "type": "Feature", "properties": { "name": "تقسيم اللاسلكي" }, "geometry": { "type": "Point", "coordinates": [ 31.28471285740757, 29.970405773746574 ] } },
{ "type": "Feature", "properties": { "name": "الشمبكى" }, "geometry": { "type": "Point", "coordinates": [ 31.252937492249881, 30.05838353884689 ] } },
{ "type": "Feature", "properties": { "name": "كلوت بك" }, "geometry": { "type": "Point", "coordinates": [ 31.24947988904232, 30.058525978804045 ] } },
{ "type": "Feature", "properties": { "name": "باب البحر" }, "geometry": { "type": "Point", "coordinates": [ 31.251754636582088, 30.057120444102686 ] } },
{ "type": "Feature", "properties": { "name": "مساكن الاميريه الشماليه" }, "geometry": { "type": "Point", "coordinates": [ 31.291051566418197, 30.109866316190935 ] } },
{ "type": "Feature", "properties": { "name": "مساكن الظباط" }, "geometry": { "type": "Point", "coordinates": [ 31.286722648434449, 29.982641261455701 ] } },
{ "type": "Feature", "properties": { "name": "مساكن عرايس" }, "geometry": { "type": "Point", "coordinates": [ 31.287498401862866, 29.979584519889851 ] } },
{ "type": "Feature", "properties": { "name": "تقسيم الرقابه الاداريه" }, "geometry": { "type": "Point", "coordinates": [ 31.27829323578792, 29.989848314865341 ] } },
{ "type": "Feature", "properties": { "name": "عمارات شركة جابكو" }, "geometry": { "type": "Point", "coordinates": [ 31.279140141025728, 29.989929895743543 ] } },
{ "type": "Feature", "properties": { "name": "عمارات القضاء" }, "geometry": { "type": "Point", "coordinates": [ 31.277182307401848, 29.989269402352733 ] } },
{ "type": "Feature", "properties": { "name": "عمارات النيابة العامة" }, "geometry": { "type": "Point", "coordinates": [ 31.27560602092445, 29.989005127031586 ] } },
{ "type": "Feature", "properties": { "name": "الاميريه الجنوبيه" }, "geometry": { "type": "Point", "coordinates": [ 31.283921757028459, 30.101983403221869 ] } },
{ "type": "Feature", "properties": { "name": "غمره" }, "geometry": { "type": "Point", "coordinates": [ 31.267861686840583, 30.068359657215105 ] } },
{ "type": "Feature", "properties": { "name": "منشية الصدر" }, "geometry": { "type": "Point", "coordinates": [ 31.287784463637394, 30.085102016002601 ] } },
{ "type": "Feature", "properties": { "name": "الماظة" }, "geometry": { "type": "Point", "coordinates": [ 31.341286687687937, 30.08897975410386 ] } },
{ "type": "Feature", "properties": { "name": "مساكن اطلس" }, "geometry": { "type": "Point", "coordinates": [ 31.373886011418076, 30.046385445237384 ] } },
{ "type": "Feature", "properties": { "name": "باب اللوق" }, "geometry": { "type": "Point", "coordinates": [ 31.240675628980686, 30.047492879768665 ] } },
{ "type": "Feature", "properties": { "name": "الفواله" }, "geometry": { "type": "Point", "coordinates": [ 31.245009239408837, 30.049558955563224 ] } },
{ "type": "Feature", "properties": { "name": "الساحه" }, "geometry": { "type": "Point", "coordinates": [ 31.245108247699498, 30.046396029709115 ] } },
{ "type": "Feature", "properties": { "name": "المطريه الغربيه" }, "geometry": { "type": "Point", "coordinates": [ 31.303984591384204, 30.123031542178786 ] } },
{ "type": "Feature", "properties": { "name": "الحلميه" }, "geometry": { "type": "Point", "coordinates": [ 31.253030331104711, 30.033776687256363 ] } },
{ "type": "Feature", "properties": { "name": "درب الجماميز" }, "geometry": { "type": "Point", "coordinates": [ 31.248176208551989, 30.032240233964121 ] } },
{ "type": "Feature", "properties": { "name": "مساكن الزاويه الحمراء" }, "geometry": { "type": "Point", "coordinates": [ 31.268969386545585, 30.097440613248221 ] } },
{ "type": "Feature", "properties": { "name": "ناصر" }, "geometry": { "type": "Point", "coordinates": [ 31.285398393548149, 30.105309660520227 ] } },
{ "type": "Feature", "properties": { "name": "بن الرشيد" }, "geometry": { "type": "Point", "coordinates": [ 31.23510893158895, 30.070711493967092 ] } },
{ "type": "Feature", "properties": { "name": "مدينة المعراج" }, "geometry": { "type": "Point", "coordinates": [ 31.309144252616985, 29.979261492302477 ] } },
{ "type": "Feature", "properties": { "name": "مساكن شركة الكهرباء" }, "geometry": { "type": "Point", "coordinates": [ 31.244020784358181, 29.981071430027814 ] } },
{ "type": "Feature", "properties": { "name": "مساكن محطة مياه الفسطاط" }, "geometry": { "type": "Point", "coordinates": [ 31.244263502501067, 29.980242132550419 ] } },
{ "type": "Feature", "properties": { "name": "عرابى التوفقية" }, "geometry": { "type": "Point", "coordinates": [ 31.242516987485345, 30.054709142796387 ] } },
{ "type": "Feature", "properties": { "name": "الحى الكندي" }, "geometry": { "type": "Point", "coordinates": [ 31.290925056108776, 29.989844403680223 ] } },
{ "type": "Feature", "properties": { "name": "عمارات صقر قريش" }, "geometry": { "type": "Point", "coordinates": [ 31.29032227704052, 29.984837998176481 ] } },
{ "type": "Feature", "properties": { "name": "مساكن صقر قريش" }, "geometry": { "type": "Point", "coordinates": [ 31.285205494754958, 29.986857152490995 ] } },
{ "type": "Feature", "properties": { "name": "عمارات النصر" }, "geometry": { "type": "Point", "coordinates": [ 31.287847725108314, 29.991591672316869 ] } },
{ "type": "Feature", "properties": { "name": "بيتشو امريكان سيتى المرحله 1" }, "geometry": { "type": "Point", "coordinates": [ 31.330868460887928, 29.971651040357774 ] } },
{ "type": "Feature", "properties": { "name": "الخوخه والقنايه" }, "geometry": { "type": "Point", "coordinates": [ 31.227844878487005, 30.003944526544498 ] } },
{ "type": "Feature", "properties": { "name": "الكفور وساعي البحر" }, "geometry": { "type": "Point", "coordinates": [ 31.228887487010915, 30.01032360667724 ] } },
{ "type": "Feature", "properties": { "name": "كوم الشيخ سلامه" }, "geometry": { "type": "Point", "coordinates": [ 31.254245418641364, 30.050233988126834 ] } },
{ "type": "Feature", "properties": { "name": "الزيتون الشرقيه" }, "geometry": { "type": "Point", "coordinates": [ 31.312220570540703, 30.101621130794683 ] } },
{ "type": "Feature", "properties": { "name": "عزبة أيوب" }, "geometry": { "type": "Point", "coordinates": [ 31.253993688183495, 30.10217903935256 ] } },
{ "type": "Feature", "properties": { "name": "العزب" }, "geometry": { "type": "Point", "coordinates": [ 31.2940694502798, 30.120245739725988 ] } },
{ "type": "Feature", "properties": { "name": "حدائق القبه" }, "geometry": { "type": "Point", "coordinates": [ 31.278323692767675, 30.086480517568933 ] } },
{ "type": "Feature", "properties": { "name": "كوبرى القبه" }, "geometry": { "type": "Point", "coordinates": [ 31.291586280767415, 30.083733136785327 ] } },
{ "type": "Feature", "properties": { "name": "المحاجر" }, "geometry": { "type": "Point", "coordinates": [ 31.285718385191267, 30.044036253763792 ] } },
{ "type": "Feature", "properties": { "name": "السبتيه" }, "geometry": { "type": "Point", "coordinates": [ 31.230727212484478, 30.069358918110613 ] } },
{ "type": "Feature", "properties": { "name": "روض الفرج البلد" }, "geometry": { "type": "Point", "coordinates": [ 31.231292877683714, 30.07895783726266 ] } },
{ "type": "Feature", "properties": { "name": "بركه الرطلى" }, "geometry": { "type": "Point", "coordinates": [ 31.257098621641241, 30.060455904800701 ] } },
{ "type": "Feature", "properties": { "name": "الظاهر" }, "geometry": { "type": "Point", "coordinates": [ 31.254575223625928, 30.06213021749954 ] } },
{ "type": "Feature", "properties": { "name": "درب الاقماعيه" }, "geometry": { "type": "Point", "coordinates": [ 31.257150958210289, 30.056717468307998 ] } },
{ "type": "Feature", "properties": { "name": "سيدى مدين" }, "geometry": { "type": "Point", "coordinates": [ 31.25547898138387, 30.056684871877827 ] } },
{ "type": "Feature", "properties": { "name": "ابراج منتصر" }, "geometry": { "type": "Point", "coordinates": [ 31.290608535688317, 29.892047560620298 ] } },
{ "type": "Feature", "properties": { "name": "منيه السيرج" }, "geometry": { "type": "Point", "coordinates": [ 31.251901104825759, 30.099256009991407 ] } },
{ "type": "Feature", "properties": { "name": "مساكن فيكتوريا" }, "geometry": { "type": "Point", "coordinates": [ 31.25499797178151, 30.086673222119327 ] } },
{ "type": "Feature", "properties": { "name": "مساكن محي" }, "geometry": { "type": "Point", "coordinates": [ 31.250367200220463, 30.098715258742988 ] } },
{ "type": "Feature", "properties": { "name": "مهمشه" }, "geometry": { "type": "Point", "coordinates": [ 31.260556945609707, 30.074609821442657 ] } },
{ "type": "Feature", "properties": { "name": "العزب" }, "geometry": { "type": "Point", "coordinates": [ 31.258724649198836, 30.086928549670994 ] } },
{ "type": "Feature", "properties": { "name": "الزيتون القبليه" }, "geometry": { "type": "Point", "coordinates": [ 31.300609709990614, 30.093466876731192 ] } },
{ "type": "Feature", "properties": { "name": "الخبيرى الوسطى" }, "geometry": { "type": "Point", "coordinates": [ 31.246647823907857, 29.964227852000413 ] } },
{ "type": "Feature", "properties": { "name": "طوسون" }, "geometry": { "type": "Point", "coordinates": [ 31.239938876201339, 30.075522100319507 ] } },
{ "type": "Feature", "properties": { "name": "الساحل" }, "geometry": { "type": "Point", "coordinates": [ 31.237701518427453, 30.092322572115453 ] } },
{ "type": "Feature", "properties": { "name": "الدراسه" }, "geometry": { "type": "Point", "coordinates": [ 31.268065562901555, 30.046622242224025 ] } },
{ "type": "Feature", "properties": { "name": "عين شمس الشرقيه" }, "geometry": { "type": "Point", "coordinates": [ 31.324676810169212, 30.128018176079859 ] } },
{ "type": "Feature", "properties": { "name": "الخاصه" }, "geometry": { "type": "Point", "coordinates": [ 31.282898869555982, 30.081392309407097 ] } },
{ "type": "Feature", "properties": { "name": "السرايات" }, "geometry": { "type": "Point", "coordinates": [ 31.282829706902174, 30.065424656428732 ] } },
{ "type": "Feature", "properties": { "name": "الزعفران" }, "geometry": { "type": "Point", "coordinates": [ 31.292495504297847, 30.077159610998795 ] } },
{ "type": "Feature", "properties": { "name": "التونسي" }, "geometry": { "type": "Point", "coordinates": [ 31.270091587930729, 30.004798990564407 ] } },
{ "type": "Feature", "properties": { "name": "مساكن" }, "geometry": { "type": "Point", "coordinates": [ 31.408203674269615, 30.157447358586161 ] } },
{ "type": "Feature", "properties": { "name": "مساكن اطلس" }, "geometry": { "type": "Point", "coordinates": [ 31.412733783608012, 30.15747909109928 ] } },
{ "type": "Feature", "properties": { "name": "مساكن اطلس 3" }, "geometry": { "type": "Point", "coordinates": [ 31.412544480439585, 30.155637608056338 ] } },
{ "type": "Feature", "properties": { "name": "منطقة الصعيد امتداد منطقة الزلزل" }, "geometry": { "type": "Point", "coordinates": [ 31.416774362201085, 30.155657819180593 ] } },
{ "type": "Feature", "properties": { "name": "مساكن اطلس 1" }, "geometry": { "type": "Point", "coordinates": [ 31.415658877269859, 30.158918765868798 ] } },
{ "type": "Feature", "properties": { "name": "مساكن الصعيد أ" }, "geometry": { "type": "Point", "coordinates": [ 31.425039515608219, 30.159336876125568 ] } },
{ "type": "Feature", "properties": { "name": "الزهراء ومساكن الحلميه" }, "geometry": { "type": "Point", "coordinates": [ 31.337455053786105, 30.124627955154804 ] } },
{ "type": "Feature", "properties": { "name": "حلوان الغربيه" }, "geometry": { "type": "Point", "coordinates": [ 31.327536184832375, 29.845965569021054 ] } },
{ "type": "Feature", "properties": { "name": "الزوايه الحمراء البلد" }, "geometry": { "type": "Point", "coordinates": [ 31.264481230356065, 30.084641274973187 ] } },
{ "type": "Feature", "properties": { "name": "درب سعاده" }, "geometry": { "type": "Point", "coordinates": [ 31.256534257363505, 30.046098008602421 ] } },
{ "type": "Feature", "properties": { "name": "المغربلين" }, "geometry": { "type": "Point", "coordinates": [ 31.257844124841061, 30.040334450667142 ] } },
{ "type": "Feature", "properties": { "name": "القربيه" }, "geometry": { "type": "Point", "coordinates": [ 31.255673886230561, 30.041911374903272 ] } },
{ "type": "Feature", "properties": { "name": "حلوان البحريه" }, "geometry": { "type": "Point", "coordinates": [ 31.337958224871336, 29.838840749234024 ] } },
{ "type": "Feature", "properties": { "name": "العطار" }, "geometry": { "type": "Point", "coordinates": [ 31.249153551593089, 30.070381610851083 ] } },
{ "type": "Feature", "properties": { "name": "حاره الروم" }, "geometry": { "type": "Point", "coordinates": [ 31.259583514886479, 30.042827417751397 ] } },
{ "type": "Feature", "properties": { "name": "عين شمس الغربيه" }, "geometry": { "type": "Point", "coordinates": [ 31.314020232592117, 30.129312864342015 ] } },
{ "type": "Feature", "properties": { "name": "النخل" }, "geometry": { "type": "Point", "coordinates": [ 31.290237488034204, 29.884969267348549 ] } },
{ "type": "Feature", "properties": { "name": "الدواجن" }, "geometry": { "type": "Point", "coordinates": [ 31.291762719699356, 29.879047242951582 ] } },
{ "type": "Feature", "properties": { "name": "تحت الربع" }, "geometry": { "type": "Point", "coordinates": [ 31.254586062577033, 30.044022137160685 ] } },
{ "type": "Feature", "properties": { "name": "كفر العلو" }, "geometry": { "type": "Point", "coordinates": [ 31.316184837102711, 29.810781124531463 ] } },
{ "type": "Feature", "properties": { "name": "المعدسه" }, "geometry": { "type": "Point", "coordinates": [ 31.275551306021729, 30.036279167894754 ] } },
{ "type": "Feature", "properties": { "name": "العتريس" }, "geometry": { "type": "Point", "coordinates": [ 31.242122743700993, 30.029988317430114 ] } },
{ "type": "Feature", "properties": { "name": "الانشا والمنيره" }, "geometry": { "type": "Point", "coordinates": [ 31.235711424374028, 30.034995642668321 ] } },
{ "type": "Feature", "properties": { "name": "جاردن سيتى" }, "geometry": { "type": "Point", "coordinates": [ 31.231807422442333, 30.03556932435723 ] } },
{ "type": "Feature", "properties": { "name": "الصوابى" }, "geometry": { "type": "Point", "coordinates": [ 31.263372275308331, 30.058451881216765 ] } },
{ "type": "Feature", "properties": { "name": "المدينة البحرية" }, "geometry": { "type": "Point", "coordinates": [ 31.337660303635801, 29.839887918035366 ] } },
{ "type": "Feature", "properties": { "name": "المساكن الاقتصاديه" }, "geometry": { "type": "Point", "coordinates": [ 31.310773804884501, 30.115619216322393 ] } },
{ "type": "Feature", "properties": { "name": "المطريه القبليه" }, "geometry": { "type": "Point", "coordinates": [ 31.310544549923357, 30.115544734552429 ] } },
{ "type": "Feature", "properties": { "name": "الشرابيه" }, "geometry": { "type": "Point", "coordinates": [ 31.257679414445541, 30.068934834542553 ] } },
{ "type": "Feature", "properties": { "name": "الزيتون البحريه" }, "geometry": { "type": "Point", "coordinates": [ 31.317780738703615, 30.107745174926073 ] } },
{ "type": "Feature", "properties": { "name": "العدويه" }, "geometry": { "type": "Point", "coordinates": [ 31.23574965636929, 30.057629932802644 ] } },
{ "type": "Feature", "properties": { "name": "حكر التبين" }, "geometry": { "type": "Point", "coordinates": [ 31.305143186562972, 29.796532469946662 ] } },
{ "type": "Feature", "properties": { "name": "مساكن الاميريه الجنوبيه" }, "geometry": { "type": "Point", "coordinates": [ 31.284490506734318, 30.096148455650955 ] } },
{ "type": "Feature", "properties": { "name": "القلايه" }, "geometry": { "type": "Point", "coordinates": [ 31.23669741814712, 30.055479172779631 ] } },
{ "type": "Feature", "properties": { "name": "الخبيرى الغربيه" }, "geometry": { "type": "Point", "coordinates": [ 31.249018862391569, 29.96986039594486 ] } },
{ "type": "Feature", "properties": { "name": "المطريه البحريه" }, "geometry": { "type": "Point", "coordinates": [ 31.310353422680336, 30.118916668576478 ] } },
{ "type": "Feature", "properties": { "name": "طره البلد" }, "geometry": { "type": "Point", "coordinates": [ 31.269680278458431, 29.945833049756853 ] } },
{ "type": "Feature", "properties": { "name": "منشيه المصرى" }, "geometry": { "type": "Point", "coordinates": [ 31.280202239789272, 29.951158830209355 ] } },
{ "type": "Feature", "properties": { "name": "المعصره البلد" }, "geometry": { "type": "Point", "coordinates": [ 31.283124941049188, 29.909898743700762 ] } },
{ "type": "Feature", "properties": { "name": "دار السلام" }, "geometry": { "type": "Point", "coordinates": [ 31.246932870749937, 29.986808269394558 ] } },
{ "type": "Feature", "properties": { "name": "العباسيه القبليه ا" }, "geometry": { "type": "Point", "coordinates": [ 31.276925357705824, 30.06865495196849 ] } },
{ "type": "Feature", "properties": { "name": "العباسيه القبليه ب" }, "geometry": { "type": "Point", "coordinates": [ 31.276180996232494, 30.066958794552985 ] } },
{ "type": "Feature", "properties": { "name": "الخبيرى الشرقيه" }, "geometry": { "type": "Point", "coordinates": [ 31.256860917409242, 29.953730752247189 ] } },
{ "type": "Feature", "properties": { "name": "الجزيره الجديده" }, "geometry": { "type": "Point", "coordinates": [ 31.241633111822701, 30.040063482893519 ] } },
{ "type": "Feature", "properties": { "name": "ارض العمده" }, "geometry": { "type": "Point", "coordinates": [ 31.300631723670168, 29.906423179958633 ] } },
{ "type": "Feature", "properties": { "name": "عزبه الهجانه" }, "geometry": { "type": "Point", "coordinates": [ 31.304265522980909, 29.905858624641276 ] } },
{ "type": "Feature", "properties": { "name": "منشيه العامري" }, "geometry": { "type": "Point", "coordinates": [ 31.303748136326345, 29.90322478492973 ] } },
{ "type": "Feature", "properties": { "name": "البنهاوى" }, "geometry": { "type": "Point", "coordinates": [ 31.261935771736574, 30.05670158758301 ] } },
{ "type": "Feature", "properties": { "name": "الخواص" }, "geometry": { "type": "Point", "coordinates": [ 31.265753968857897, 30.056964708754606 ] } },
{ "type": "Feature", "properties": { "name": "عزبه نافع" }, "geometry": { "type": "Point", "coordinates": [ 31.253255592228523, 29.975181260799278 ] } },
{ "type": "Feature", "properties": { "name": "كوم غراب" }, "geometry": { "type": "Point", "coordinates": [ 31.239490109674733, 29.998724793450116 ] } },
{ "type": "Feature", "properties": { "name": "القبيسى" }, "geometry": { "type": "Point", "coordinates": [ 31.260246390655155, 30.065192854379269 ] } },
{ "type": "Feature", "properties": { "name": "السرايات الغربيه" }, "geometry": { "type": "Point", "coordinates": [ 31.259069590691215, 29.962477392067761 ] } },
{ "type": "Feature", "properties": { "name": "الشيخ فراج" }, "geometry": { "type": "Point", "coordinates": [ 31.234943140803487, 30.059606348288003 ] } },
{ "type": "Feature", "properties": { "name": "الزيتون الغربية" }, "geometry": { "type": "Point", "coordinates": [ 31.307596367782466, 30.108414788320857 ] } },
{ "type": "Feature", "properties": { "name": "فم الخليج ودير النحاس" }, "geometry": { "type": "Point", "coordinates": [ 31.230730468708124, 30.019104490871374 ] } },
{ "type": "Feature", "properties": { "name": "الطمار" }, "geometry": { "type": "Point", "coordinates": [ 31.254225381430423, 30.055128634476134 ] } },
{ "type": "Feature", "properties": { "name": "النوبى" }, "geometry": { "type": "Point", "coordinates": [ 31.253269651900524, 30.053422420058709 ] } },
{ "type": "Feature", "properties": { "name": "زينهم" }, "geometry": { "type": "Point", "coordinates": [ 31.238700471344206, 30.023631556420476 ] } },
{ "type": "Feature", "properties": { "name": "زينهم" }, "geometry": { "type": "Point", "coordinates": [ 31.238700471344206, 30.023631556420476 ] } },
{ "type": "Feature", "properties": { "name": "العليمى" }, "geometry": { "type": "Point", "coordinates": [ 31.23305064128628, 30.056519665560966 ] } },
{ "type": "Feature", "properties": { "name": "السندبيسى" }, "geometry": { "type": "Point", "coordinates": [ 31.232590357593292, 30.058387569288413 ] } },
{ "type": "Feature", "properties": { "name": "الجماليه" }, "geometry": { "type": "Point", "coordinates": [ 31.264798720261794, 30.0525349874511 ] } },
{ "type": "Feature", "properties": { "name": "الانور وعشش البارود" }, "geometry": { "type": "Point", "coordinates": [ 31.232709605298719, 30.016514005347336 ] } },
{ "type": "Feature", "properties": { "name": "ابو السعود والمدابغ" }, "geometry": { "type": "Point", "coordinates": [ 31.23576721946591, 30.01516249360224 ] } },
{ "type": "Feature", "properties": { "name": "عزبه النجاشي" }, "geometry": { "type": "Point", "coordinates": [ 31.344345530013918, 30.137532568531054 ] } },
{ "type": "Feature", "properties": { "name": "طلمبات عين شمس" }, "geometry": { "type": "Point", "coordinates": [ 31.347651414668235, 30.132770495268705 ] } },
{ "type": "Feature", "properties": { "name": "مساكن عين شمس" }, "geometry": { "type": "Point", "coordinates": [ 31.350300829420242, 30.135005238517675 ] } },
{ "type": "Feature", "properties": { "name": "المبيضه" }, "geometry": { "type": "Point", "coordinates": [ 31.241727260208062, 30.078676129698898 ] } },
{ "type": "Feature", "properties": { "name": "العيني" }, "geometry": { "type": "Point", "coordinates": [ 31.233319728823862, 30.027283870732916 ] } },
{ "type": "Feature", "properties": { "name": "العيني" }, "geometry": { "type": "Point", "coordinates": [ 31.233319728823862, 30.027283870732916 ] } },
{ "type": "Feature", "properties": { "name": "برهام" }, "geometry": { "type": "Point", "coordinates": [ 31.241730098539097, 30.083153279845906 ] } },
{ "type": "Feature", "properties": { "name": "مساكن ناصر" }, "geometry": { "type": "Point", "coordinates": [ 31.276283771027156, 30.097755638988467 ] } },
{ "type": "Feature", "properties": { "name": "مساكن الزاويه" }, "geometry": { "type": "Point", "coordinates": [ 31.273568444806049, 30.092606831742611 ] } },
{ "type": "Feature", "properties": { "name": "مساكن الزاويه القديمة" }, "geometry": { "type": "Point", "coordinates": [ 31.271008072792661, 30.093403007907011 ] } },
{ "type": "Feature", "properties": { "name": "مساكن أ" }, "geometry": { "type": "Point", "coordinates": [ 31.257161729228592, 30.098620921227639 ] } },
{ "type": "Feature", "properties": { "name": "مساكن القاهرة الجديدة" }, "geometry": { "type": "Point", "coordinates": [ 31.26405103369558, 30.096437848120356 ] } },
{ "type": "Feature", "properties": { "name": "مساكن اطلس" }, "geometry": { "type": "Point", "coordinates": [ 31.263989446921041, 30.101210348006216 ] } },
{ "type": "Feature", "properties": { "name": "مساكن الظباط" }, "geometry": { "type": "Point", "coordinates": [ 31.268965902378124, 30.099373601290718 ] } },
{ "type": "Feature", "properties": { "name": "السلام الشرقيه" }, "geometry": { "type": "Point", "coordinates": [ 31.419060909615489, 30.169292215346701 ] } },
{ "type": "Feature", "properties": { "name": "باب الشعريه" }, "geometry": { "type": "Point", "coordinates": [ 31.260206120865693, 30.055398450298373 ] } },
{ "type": "Feature", "properties": { "name": "جوهر القائد" }, "geometry": { "type": "Point", "coordinates": [ 31.257511552437848, 30.049548548819551 ] } },
{ "type": "Feature", "properties": { "name": "بين الصورين" }, "geometry": { "type": "Point", "coordinates": [ 31.258632001327932, 30.050970475483606 ] } },
{ "type": "Feature", "properties": { "name": "الخرنفش" }, "geometry": { "type": "Point", "coordinates": [ 31.259771854276071, 30.049393976152999 ] } },
{ "type": "Feature", "properties": { "name": "العطوف" }, "geometry": { "type": "Point", "coordinates": [ 31.266567239008616, 30.051346812228648 ] } },
{ "type": "Feature", "properties": { "name": "خان الخليلى" }, "geometry": { "type": "Point", "coordinates": [ 31.26151376341209, 30.048968627188607 ] } },
{ "type": "Feature", "properties": { "name": "طرة الحيط كوتسيكا" }, "geometry": { "type": "Point", "coordinates": [ 31.280890711544544, 29.935501181147618 ] } },
{ "type": "Feature", "properties": { "name": "التبين البحريه" }, "geometry": { "type": "Point", "coordinates": [ 31.292231222310821, 29.780189392009124 ] } },
{ "type": "Feature", "properties": { "name": "السريات الشرقيه" }, "geometry": { "type": "Point", "coordinates": [ 31.291854601802346, 30.060286520957561 ] } },
{ "type": "Feature", "properties": { "name": "الاستاد" }, "geometry": { "type": "Point", "coordinates": [ 31.306570215379637, 30.068471188462766 ] } },
{ "type": "Feature", "properties": { "name": "القبه" }, "geometry": { "type": "Point", "coordinates": [ 31.287653859705546, 30.088583225466206 ] } },
{ "type": "Feature", "properties": { "name": "طولون" }, "geometry": { "type": "Point", "coordinates": [ 31.248963245060445, 30.027720706423089 ] } },
{ "type": "Feature", "properties": { "name": "طولون" }, "geometry": { "type": "Point", "coordinates": [ 31.248963245060445, 30.027720706423089 ] } },
{ "type": "Feature", "properties": { "name": "حلوان البلد" }, "geometry": { "type": "Point", "coordinates": [ 31.303410590770696, 29.850721888965047 ] } },
{ "type": "Feature", "properties": { "name": "السروجيه" }, "geometry": { "type": "Point", "coordinates": [ 31.255820977605936, 30.037263840657285 ] } },
{ "type": "Feature", "properties": { "name": "عزبه النخل الشرقيه" }, "geometry": { "type": "Point", "coordinates": [ 31.335078928685068, 30.138200883449937 ] } },
{ "type": "Feature", "properties": { "name": "الكبش" }, "geometry": { "type": "Point", "coordinates": [ 31.245558093069945, 30.028762024072886 ] } },
{ "type": "Feature", "properties": { "name": "الكبش" }, "geometry": { "type": "Point", "coordinates": [ 31.245558093069945, 30.028762024072886 ] } },
{ "type": "Feature", "properties": { "name": "حدائق زينهم" }, "geometry": { "type": "Point", "coordinates": [ 31.247214481725074, 30.023363801061873 ] } },
{ "type": "Feature", "properties": { "name": "العصارة" }, "geometry": { "type": "Point", "coordinates": [ 31.384860925916616, 30.145218944616285 ] } },
{ "type": "Feature", "properties": { "name": "الشعرانى" }, "geometry": { "type": "Point", "coordinates": [ 31.259704782249209, 30.053125595594757 ] } },
{ "type": "Feature", "properties": { "name": "الشيخ عبد الله" }, "geometry": { "type": "Point", "coordinates": [ 31.242525579233337, 30.04194225451068 ] } },
{ "type": "Feature", "properties": { "name": "البلاقسه" }, "geometry": { "type": "Point", "coordinates": [ 31.245343383007025, 30.043400211550097 ] } },
{ "type": "Feature", "properties": { "name": "درب الحصر" }, "geometry": { "type": "Point", "coordinates": [ 31.253810376129589, 30.029501992867317 ] } },
{ "type": "Feature", "properties": { "name": "درب الحصر" }, "geometry": { "type": "Point", "coordinates": [ 31.253810376129589, 30.029501992867317 ] } },
{ "type": "Feature", "properties": { "name": "مساكن شبرا" }, "geometry": { "type": "Point", "coordinates": [ 31.255252153276523, 30.089630781867431 ] } },
{ "type": "Feature", "properties": { "name": "الخازنداره" }, "geometry": { "type": "Point", "coordinates": [ 31.254285777208349, 30.08298951605336 ] } },
{ "type": "Feature", "properties": { "name": "السلطان برقوق" }, "geometry": { "type": "Point", "coordinates": [ 31.281828931891397, 30.051354266118835 ] } },
{ "type": "Feature", "properties": { "name": "مشروع اعادة بناء منطقة زينهم, المرحله 1" }, "geometry": { "type": "Point", "coordinates": [ 31.247781700219999, 30.022081326284294 ] } },
{ "type": "Feature", "properties": { "name": "مشروع اعادة بناء منطقة زينهم, المرحله 2" }, "geometry": { "type": "Point", "coordinates": [ 31.249473946355103, 30.025131101619777 ] } },
{ "type": "Feature", "properties": { "name": "قصر الشوق" }, "geometry": { "type": "Point", "coordinates": [ 31.264437364631075, 30.049750162593199 ] } },
{ "type": "Feature", "properties": { "name": "مساكن سوزان مبارك الجديده" }, "geometry": { "type": "Point", "coordinates": [ 31.244258295001696, 30.025460870164562 ] } },
{ "type": "Feature", "properties": { "name": "قايتباى" }, "geometry": { "type": "Point", "coordinates": [ 31.27460410522988, 30.045227037632909 ] } },
{ "type": "Feature", "properties": { "name": "الباطنيه" }, "geometry": { "type": "Point", "coordinates": [ 31.26300652572343, 30.043014384093503 ] } },
{ "type": "Feature", "properties": { "name": "مساكن الجيش" }, "geometry": { "type": "Point", "coordinates": [ 31.245468422779691, 30.026966827055858 ] } },
{ "type": "Feature", "properties": { "name": "مساكن الجيش" }, "geometry": { "type": "Point", "coordinates": [ 31.246073884698525, 30.025814857916014 ] } },
{ "type": "Feature", "properties": { "name": "البقلى" }, "geometry": { "type": "Point", "coordinates": [ 31.255286007751483, 30.028323284596244 ] } },
{ "type": "Feature", "properties": { "name": "البقلى" }, "geometry": { "type": "Point", "coordinates": [ 31.255286007751483, 30.028323284596244 ] } },
{ "type": "Feature", "properties": { "name": "المشهد الحسينى" }, "geometry": { "type": "Point", "coordinates": [ 31.263729909018405, 30.047734377383218 ] } },
{ "type": "Feature", "properties": { "name": "القفاصين" }, "geometry": { "type": "Point", "coordinates": [ 31.300481926702588, 30.108950914268654 ] } },
{ "type": "Feature", "properties": { "name": "أثر النبي" }, "geometry": { "type": "Point", "coordinates": [ 31.233525558615046, 29.992624943414501 ] } },
{ "type": "Feature", "properties": { "name": "مرسى خليل الجديده" }, "geometry": { "type": "Point", "coordinates": [ 31.295654817773624, 30.109783359673159 ] } },
{ "type": "Feature", "properties": { "name": "الاميريه الجديده" }, "geometry": { "type": "Point", "coordinates": [ 31.285862130320265, 30.110600103637761 ] } },
{ "type": "Feature", "properties": { "name": "الصليبه" }, "geometry": { "type": "Point", "coordinates": [ 31.251510686575365, 30.029396791261409 ] } },
{ "type": "Feature", "properties": { "name": "درب شغلان" }, "geometry": { "type": "Point", "coordinates": [ 31.261406717107484, 30.039656431011153 ] } },
{ "type": "Feature", "properties": { "name": "اسعد" }, "geometry": { "type": "Point", "coordinates": [ 31.242497371064353, 30.097360199943022 ] } },
{ "type": "Feature", "properties": { "name": "كفر الشرفا" }, "geometry": { "type": "Point", "coordinates": [ 31.345463797782241, 30.144647731734981 ] } },
{ "type": "Feature", "properties": { "name": "مساكن مجمع الفردوس" }, "geometry": { "type": "Point", "coordinates": [ 31.301005834754005, 30.056422484809659 ] } },
{ "type": "Feature", "properties": { "name": "نادى السكه الحديد" }, "geometry": { "type": "Point", "coordinates": [ 31.318360759757883, 30.037358620710297 ] } },
{ "type": "Feature", "properties": { "name": "نادى السكه الحديد" }, "geometry": { "type": "Point", "coordinates": [ 31.318360759757883, 30.037358620710297 ] } },
{ "type": "Feature", "properties": { "name": "امتداد رمسيس 3" }, "geometry": { "type": "Point", "coordinates": [ 31.30404164727916, 30.058295627234607 ] } },
{ "type": "Feature", "properties": { "name": "الخليفه" }, "geometry": { "type": "Point", "coordinates": [ 31.251912658139616, 30.026675158628901 ] } },
{ "type": "Feature", "properties": { "name": "الخليفه" }, "geometry": { "type": "Point", "coordinates": [ 31.251912658139616, 30.026675158628901 ] } },
{ "type": "Feature", "properties": { "name": "مدينة التجاريين" }, "geometry": { "type": "Point", "coordinates": [ 31.298119725474592, 30.011440129007958 ] } },
{ "type": "Feature", "properties": { "name": "بلوك 8" }, "geometry": { "type": "Point", "coordinates": [ 31.299402056962432, 30.011813705771296 ] } },
{ "type": "Feature", "properties": { "name": "بلوك 1" }, "geometry": { "type": "Point", "coordinates": [ 31.299546718248767, 30.01222833495973 ] } },
{ "type": "Feature", "properties": { "name": "بلوك 9" }, "geometry": { "type": "Point", "coordinates": [ 31.298904456500551, 30.011694734405143 ] } },
{ "type": "Feature", "properties": { "name": "بلوك 7" }, "geometry": { "type": "Point", "coordinates": [ 31.299908551313994, 30.010898338705854 ] } },
{ "type": "Feature", "properties": { "name": "بلوك 11" }, "geometry": { "type": "Point", "coordinates": [ 31.29895580057816, 30.010543198702592 ] } },
{ "type": "Feature", "properties": { "name": "بلوك 10" }, "geometry": { "type": "Point", "coordinates": [ 31.298739786814942, 30.010939591867082 ] } },
{ "type": "Feature", "properties": { "name": "بلوك 6" }, "geometry": { "type": "Point", "coordinates": [ 31.299059081185604, 30.010002467265718 ] } },
{ "type": "Feature", "properties": { "name": "بلوك 5" }, "geometry": { "type": "Point", "coordinates": [ 31.297991493674687, 30.010259724309783 ] } },
{ "type": "Feature", "properties": { "name": "بلوك 4" }, "geometry": { "type": "Point", "coordinates": [ 31.296870081572354, 30.010296857759624 ] } },
{ "type": "Feature", "properties": { "name": "بلوك 12" }, "geometry": { "type": "Point", "coordinates": [ 31.297403106001848, 30.011145625849885 ] } },
{ "type": "Feature", "properties": { "name": "بلوك 13" }, "geometry": { "type": "Point", "coordinates": [ 31.297480726808146, 30.011931440238211 ] } },
{ "type": "Feature", "properties": { "name": "بلوك 3" }, "geometry": { "type": "Point", "coordinates": [ 31.296242214709419, 30.011576953349639 ] } },
{ "type": "Feature", "properties": { "name": "بلوك 14" }, "geometry": { "type": "Point", "coordinates": [ 31.297006056197532, 30.011778211187284 ] } },
{ "type": "Feature", "properties": { "name": "بلوك 2" }, "geometry": { "type": "Point", "coordinates": [ 31.297084456134094, 30.012829237064267 ] } },
{ "type": "Feature", "properties": { "name": "الصعيد" }, "geometry": { "type": "Point", "coordinates": [ 31.327258872766457, 30.005361219825947 ] } },
{ "type": "Feature", "properties": { "name": "الاحياء" }, "geometry": { "type": "Point", "coordinates": [ 31.309348542144701, 30.004611794784285 ] } },
{ "type": "Feature", "properties": { "name": "كفر ابوصير بركه النصر" }, "geometry": { "type": "Point", "coordinates": [ 31.378196062605753, 30.154979324189767 ] } },
{ "type": "Feature", "properties": { "name": "عمارات النصر القديمه" }, "geometry": { "type": "Point", "coordinates": [ 31.317150904333076, 30.008328558361711 ] } },
{ "type": "Feature", "properties": { "name": "عمارات النصر الجديده" }, "geometry": { "type": "Point", "coordinates": [ 31.314286642331645, 30.007743016480283 ] } },
{ "type": "Feature", "properties": { "name": "مساكن النصر" }, "geometry": { "type": "Point", "coordinates": [ 31.328302043868195, 29.999845278204951 ] } },
{ "type": "Feature", "properties": { "name": "مساكن الجيزة" }, "geometry": { "type": "Point", "coordinates": [ 31.330478145332957, 29.999230983958551 ] } },
{ "type": "Feature", "properties": { "name": "مساكن الدلتا" }, "geometry": { "type": "Point", "coordinates": [ 31.329224563646015, 30.001355217193183 ] } },
{ "type": "Feature", "properties": { "name": "مساكن البحر الأحمر" }, "geometry": { "type": "Point", "coordinates": [ 31.328052175096676, 30.002055062715222 ] } },
{ "type": "Feature", "properties": { "name": "مساكن النيل" }, "geometry": { "type": "Point", "coordinates": [ 31.329160540388539, 30.003679166553152 ] } },
{ "type": "Feature", "properties": { "name": "مساكن الصعيد تعاونيات" }, "geometry": { "type": "Point", "coordinates": [ 31.328321057368147, 30.004787746281973 ] } },
{ "type": "Feature", "properties": { "name": "مساكن الصعيد الزلزال" }, "geometry": { "type": "Point", "coordinates": [ 31.328324255772994, 30.006152318684766 ] } },
{ "type": "Feature", "properties": { "name": "عمارات النصر فوق المتوسط" }, "geometry": { "type": "Point", "coordinates": [ 31.328070661004833, 30.009512921157604 ] } },
{ "type": "Feature", "properties": { "name": "عزبه هريدى" }, "geometry": { "type": "Point", "coordinates": [ 31.275538838374359, 30.069265533513907 ] } },
{ "type": "Feature", "properties": { "name": "قصر الدوباره" }, "geometry": { "type": "Point", "coordinates": [ 31.233335717283989, 30.041739544198965 ] } },
{ "type": "Feature", "properties": { "name": "الترعه البولاقيه" }, "geometry": { "type": "Point", "coordinates": [ 31.251807673840339, 30.075529394776801 ] } },
{ "type": "Feature", "properties": { "name": "الدواوين" }, "geometry": { "type": "Point", "coordinates": [ 31.237848095140155, 30.04202814090085 ] } },
{ "type": "Feature", "properties": { "name": "الإسماعيلية" }, "geometry": { "type": "Point", "coordinates": [ 31.23421137008571, 30.046653935454415 ] } },
{ "type": "Feature", "properties": { "name": "مساكن مصنع 45" }, "geometry": { "type": "Point", "coordinates": [ 31.322488283190879, 29.852237820586151 ] } },
{ "type": "Feature", "properties": { "name": "معروف" }, "geometry": { "type": "Point", "coordinates": [ 31.237921983941106, 30.050602490532086 ] } },
{ "type": "Feature", "properties": { "name": "مساكن الزلزال" }, "geometry": { "type": "Point", "coordinates": [ 31.317842966014883, 29.857829729981347 ] } },
{ "type": "Feature", "properties": { "name": "مساكن مصر العليا" }, "geometry": { "type": "Point", "coordinates": [ 31.32210566777518, 29.855794123575279 ] } },
{ "type": "Feature", "properties": { "name": "مساكن الشمس" }, "geometry": { "type": "Point", "coordinates": [ 31.322365807516451, 29.858231481425818 ] } },
{ "type": "Feature", "properties": { "name": "مساكن النصر" }, "geometry": { "type": "Point", "coordinates": [ 31.320213355264322, 29.856969067587539 ] } },
{ "type": "Feature", "properties": { "name": "مساكن التعاونيات" }, "geometry": { "type": "Point", "coordinates": [ 31.320635077934075, 29.857900530403494 ] } },
{ "type": "Feature", "properties": { "name": "جزيره بدران" }, "geometry": { "type": "Point", "coordinates": [ 31.241398349088016, 30.071811577511617 ] } },
{ "type": "Feature", "properties": { "name": "القبه الجديده" }, "geometry": { "type": "Point", "coordinates": [ 31.289713726028122, 30.10241162707084 ] } },
{ "type": "Feature", "properties": { "name": "جناين الوايليه ا" }, "geometry": { "type": "Point", "coordinates": [ 31.273697934123021, 30.069610574832002 ] } },
{ "type": "Feature", "properties": { "name": "بلوكات السوارى" }, "geometry": { "type": "Point", "coordinates": [ 31.268971002198303, 30.049148827157254 ] } },
{ "type": "Feature", "properties": { "name": "المنصوريه" }, "geometry": { "type": "Point", "coordinates": [ 31.271200090888595, 30.050166712798216 ] } },
{ "type": "Feature", "properties": { "name": "زهراء المعادي منطقه 5" }, "geometry": { "type": "Point", "coordinates": [ 31.32336102652166, 29.960994402665669 ] } },
{ "type": "Feature", "properties": { "name": "زهراء المعادي منطقه 7" }, "geometry": { "type": "Point", "coordinates": [ 31.326647127879841, 29.967149197860646 ] } },
{ "type": "Feature", "properties": { "name": "زهراء المعادي منطقه 6" }, "geometry": { "type": "Point", "coordinates": [ 31.32227396394001, 29.963916649461964 ] } },
{ "type": "Feature", "properties": { "name": "زهراء المعادي منطقه 3" }, "geometry": { "type": "Point", "coordinates": [ 31.310268276162336, 29.960061811414427 ] } },
{ "type": "Feature", "properties": { "name": "زهراء المعادي منطقه 2" }, "geometry": { "type": "Point", "coordinates": [ 31.305696054694394, 29.96024416711921 ] } },
{ "type": "Feature", "properties": { "name": "زهراء المعادي منطقه 1" }, "geometry": { "type": "Point", "coordinates": [ 31.297828402984869, 29.960392926864643 ] } },
{ "type": "Feature", "properties": { "name": "البير قدار" }, "geometry": { "type": "Point", "coordinates": [ 31.268808267187275, 30.055969481815634 ] } },
{ "type": "Feature", "properties": { "name": "القادريه" }, "geometry": { "type": "Point", "coordinates": [ 31.258077255501941, 30.020733260409759 ] } },
{ "type": "Feature", "properties": { "name": "الاباجيه" }, "geometry": { "type": "Point", "coordinates": [ 31.268560520191823, 30.020881936874911 ] } },
{ "type": "Feature", "properties": { "name": "الاباجيه" }, "geometry": { "type": "Point", "coordinates": [ 31.268560520191823, 30.020881936874911 ] } },
{ "type": "Feature", "properties": { "name": "عرب اليسار" }, "geometry": { "type": "Point", "coordinates": [ 31.261176494188604, 30.023172991045083 ] } },
{ "type": "Feature", "properties": { "name": "عرب اليسار" }, "geometry": { "type": "Point", "coordinates": [ 31.261176494188604, 30.023172991045083 ] } },
{ "type": "Feature", "properties": { "name": "باب الوزير والغريب" }, "geometry": { "type": "Point", "coordinates": [ 31.2643749026313, 30.039849516623818 ] } },
{ "type": "Feature", "properties": { "name": "بين الجناين" }, "geometry": { "type": "Point", "coordinates": [ 31.272823894176398, 30.066273616428457 ] } },
{ "type": "Feature", "properties": { "name": "عين حلوان" }, "geometry": { "type": "Point", "coordinates": [ 31.329740631695142, 29.866495792642592 ] } },
{ "type": "Feature", "properties": { "name": "الحطابة" }, "geometry": { "type": "Point", "coordinates": [ 31.262442060746686, 30.031069479950478 ] } },
{ "type": "Feature", "properties": { "name": "الحطابة" }, "geometry": { "type": "Point", "coordinates": [ 31.262442060746686, 30.031069479950478 ] } },
{ "type": "Feature", "properties": { "name": "درب غزيه" }, "geometry": { "type": "Point", "coordinates": [ 31.252694066218812, 30.022114691109174 ] } },
{ "type": "Feature", "properties": { "name": "الجنزورى" }, "geometry": { "type": "Point", "coordinates": [ 31.273826428150002, 30.057478081156752 ] } },
{ "type": "Feature", "properties": { "name": "الخطيرى" }, "geometry": { "type": "Point", "coordinates": [ 31.229311145001738, 30.059035014429909 ] } },
{ "type": "Feature", "properties": { "name": "سنان باشا" }, "geometry": { "type": "Point", "coordinates": [ 31.231419211159828, 30.062483046376276 ] } },
{ "type": "Feature", "properties": { "name": "الجلادين" }, "geometry": { "type": "Point", "coordinates": [ 31.233282462712481, 30.064398990465328 ] } },
{ "type": "Feature", "properties": { "name": "سوق العصر" }, "geometry": { "type": "Point", "coordinates": [ 31.228851793592295, 30.064869398928277 ] } },
{ "type": "Feature", "properties": { "name": "الاحمدين" }, "geometry": { "type": "Point", "coordinates": [ 31.230684911907481, 30.058353135606868 ] } },
{ "type": "Feature", "properties": { "name": "عشش النخل" }, "geometry": { "type": "Point", "coordinates": [ 31.230148251043932, 30.060589772218375 ] } },
{ "type": "Feature", "properties": { "name": "الدرب الجديد" }, "geometry": { "type": "Point", "coordinates": [ 31.243422935962585, 30.033324335201137 ] } },
{ "type": "Feature", "properties": { "name": "الحنفي" }, "geometry": { "type": "Point", "coordinates": [ 31.245652630558279, 30.035772629948461 ] } },
{ "type": "Feature", "properties": { "name": "حلوان القبليه" }, "geometry": { "type": "Point", "coordinates": [ 31.332540135594861, 29.822825457597848 ] } },
{ "type": "Feature", "properties": { "name": "باب الفتوح" }, "geometry": { "type": "Point", "coordinates": [ 31.262992897663075, 30.053118421189318 ] } },
{ "type": "Feature", "properties": { "name": "الديوره" }, "geometry": { "type": "Point", "coordinates": [ 31.243832251376727, 30.003831410009369 ] } },
{ "type": "Feature", "properties": { "name": "الامامين" }, "geometry": { "type": "Point", "coordinates": [ 31.257427207423373, 30.007397543583501 ] } },
{ "type": "Feature", "properties": { "name": "الأزهر" }, "geometry": { "type": "Point", "coordinates": [ 31.261811567542612, 30.046372188497852 ] } },
{ "type": "Feature", "properties": { "name": "الحمزاوى" }, "geometry": { "type": "Point", "coordinates": [ 31.257563563403135, 30.047737747952212 ] } },
{ "type": "Feature", "properties": { "name": "الحدائق" }, "geometry": { "type": "Point", "coordinates": [ 31.272295069397824, 30.077440654571216 ] } },
{ "type": "Feature", "properties": { "name": "مساكن كشك" }, "geometry": { "type": "Point", "coordinates": [ 31.275873277086394, 30.078363445694933 ] } },
{ "type": "Feature", "properties": { "name": "مساكن غمرة" }, "geometry": { "type": "Point", "coordinates": [ 31.267401509040859, 30.072176907600376 ] } },
{ "type": "Feature", "properties": { "name": "الجوابر" }, "geometry": { "type": "Point", "coordinates": [ 31.235358322472173, 30.06143875456457 ] } },
{ "type": "Feature", "properties": { "name": "المقطم" }, "geometry": { "type": "Point", "coordinates": [ 31.28278401751804, 30.016088588106161 ] } },
{ "type": "Feature", "properties": { "name": "المقطم" }, "geometry": { "type": "Point", "coordinates": [ 31.28278401751804, 30.016088588106161 ] } },
{ "type": "Feature", "properties": { "name": "الخزان" }, "geometry": { "type": "Point", "coordinates": [ 31.272000885041066, 30.031506484621115 ] } },
{ "type": "Feature", "properties": { "name": "الخزان" }, "geometry": { "type": "Point", "coordinates": [ 31.272000885041066, 30.031506484621115 ] } },
{ "type": "Feature", "properties": { "name": "اللواء امين الشريف" }, "geometry": { "type": "Point", "coordinates": [ 31.250086769027849, 30.047754563033983 ] } },
{ "type": "Feature", "properties": { "name": "غيط العده" }, "geometry": { "type": "Point", "coordinates": [ 31.249581946661458, 30.045330900035992 ] } },
{ "type": "Feature", "properties": { "name": "المناصره" }, "geometry": { "type": "Point", "coordinates": [ 31.252124189780083, 30.047404620670147 ] } },
{ "type": "Feature", "properties": { "name": "الوايلي الكبير شرق" }, "geometry": { "type": "Point", "coordinates": [ 31.282291319168529, 30.092499609272863 ] } },
{ "type": "Feature", "properties": { "name": "الوايلي الكبير غرب" }, "geometry": { "type": "Point", "coordinates": [ 31.27717409654721, 30.093914624492182 ] } },
{ "type": "Feature", "properties": { "name": "سنقر" }, "geometry": { "type": "Point", "coordinates": [ 31.248435802136015, 30.037920826624809 ] } },
{ "type": "Feature", "properties": { "name": "الترجمان" }, "geometry": { "type": "Point", "coordinates": [ 31.238565214675269, 30.057874926749481 ] } },
{ "type": "Feature", "properties": { "name": "رحبه عابدين" }, "geometry": { "type": "Point", "coordinates": [ 31.250010306479247, 30.042170482406963 ] } },
{ "type": "Feature", "properties": { "name": "الغوريه" }, "geometry": { "type": "Point", "coordinates": [ 31.260705573113501, 30.044814624152334 ] } },
{ "type": "Feature", "properties": { "name": "درب نصر" }, "geometry": { "type": "Point", "coordinates": [ 31.233702041387744, 30.061531738244302 ] } },
{ "type": "Feature", "properties": { "name": "السيده عائشه" }, "geometry": { "type": "Point", "coordinates": [ 31.255526854181639, 30.025625062597729 ] } },
{ "type": "Feature", "properties": { "name": "ابو خوده" }, "geometry": { "type": "Point", "coordinates": [ 31.270564421638294, 30.064237800214848 ] } },
{ "type": "Feature", "properties": { "name": "المحجر" }, "geometry": { "type": "Point", "coordinates": [ 31.25780307950998, 30.033499722710694 ] } },
{ "type": "Feature", "properties": { "name": "مساكن اعضاء هيئه التدريس بجامعه عين شمس" }, "geometry": { "type": "Point", "coordinates": [ 31.276964915180891, 30.075694512421482 ] } },
{ "type": "Feature", "properties": { "name": "الدمرداش" }, "geometry": { "type": "Point", "coordinates": [ 31.278004209538018, 30.075099193301654 ] } },
{ "type": "Feature", "properties": { "name": "جناين الوايليه ب" }, "geometry": { "type": "Point", "coordinates": [ 31.273086604041058, 30.072365200079059 ] } },
{ "type": "Feature", "properties": { "name": "مدينة الحرفيين" }, "geometry": { "type": "Point", "coordinates": [ 31.333445531500846, 29.837235552419695 ] } },
{ "type": "Feature", "properties": { "name": "جسر شبرا" }, "geometry": { "type": "Point", "coordinates": [ 31.247442028951721, 30.07622445593028 ] } },
{ "type": "Feature", "properties": { "name": "العدوى" }, "geometry": { "type": "Point", "coordinates": [ 31.259096507070996, 30.059824715902241 ] } },
{ "type": "Feature", "properties": { "name": "الجياره" }, "geometry": { "type": "Point", "coordinates": [ 31.244552764095339, 30.059302814369659 ] } },
{ "type": "Feature", "properties": { "name": "العباسيه الشرقيه" }, "geometry": { "type": "Point", "coordinates": [ 31.274896013646714, 30.063407595300582 ] } },
{ "type": "Feature", "properties": { "name": "الكردى" }, "geometry": { "type": "Point", "coordinates": [ 31.267413525217023, 30.060485345384986 ] } },
{ "type": "Feature", "properties": { "name": "الدرب الاحمر" }, "geometry": { "type": "Point", "coordinates": [ 31.260499247231756, 30.040541619625799 ] } },
{ "type": "Feature", "properties": { "name": "السقايين" }, "geometry": { "type": "Point", "coordinates": [ 31.246618256273607, 30.039913487722274 ] } },
{ "type": "Feature", "properties": { "name": "القبيله" }, "geometry": { "type": "Point", "coordinates": [ 31.247781030960226, 30.057238458787758 ] } },
{ "type": "Feature", "properties": { "name": "المنسى" }, "geometry": { "type": "Point", "coordinates": [ 31.261370042993821, 30.059616570206206 ] } },
{ "type": "Feature", "properties": { "name": "سوق السلاح" }, "geometry": { "type": "Point", "coordinates": [ 31.258188792840979, 30.036405710697128 ] } },
{ "type": "Feature", "properties": { "name": "العيسويه" }, "geometry": { "type": "Point", "coordinates": [ 31.23673428487233, 29.978226331507567 ] } },
{ "type": "Feature", "properties": { "name": "الريحانى قنطرة الدكة" }, "geometry": { "type": "Point", "coordinates": [ 31.247824723414993, 30.054496181880392 ] } },
{ "type": "Feature", "properties": { "name": "درب الجنينه" }, "geometry": { "type": "Point", "coordinates": [ 31.250083290068293, 30.05220059675414 ] } },
{ "type": "Feature", "properties": { "name": "العشماوى" }, "geometry": { "type": "Point", "coordinates": [ 31.248543526860917, 30.049652830695535 ] } },
{ "type": "Feature", "properties": { "name": "صفى الدين" }, "geometry": { "type": "Point", "coordinates": [ 31.251350734103411, 30.054754916389648 ] } },
{ "type": "Feature", "properties": { "name": "الفجاله" }, "geometry": { "type": "Point", "coordinates": [ 31.249789107612479, 30.062619531835178 ] } },
{ "type": "Feature", "properties": { "name": "عرب الحصن" }, "geometry": { "type": "Point", "coordinates": [ 31.304967945324702, 30.130765356556509 ] } },
{ "type": "Feature", "properties": { "name": "حلميه الزيتون" }, "geometry": { "type": "Point", "coordinates": [ 31.316669904616276, 30.117933150649119 ] } },
{ "type": "Feature", "properties": { "name": "السبعين فدان" }, "geometry": { "type": "Point", "coordinates": [ 31.334757706723025, 29.992740319807144 ] } },
{ "type": "Feature", "properties": { "name": "النصر" }, "geometry": { "type": "Point", "coordinates": [ 31.265487611208929, 30.061214937030382 ] } },
{ "type": "Feature", "properties": { "name": "حوض الزهور" }, "geometry": { "type": "Point", "coordinates": [ 31.23753907808733, 30.063626242107365 ] } },
{ "type": "Feature", "properties": { "name": "حى السبع عمارات" }, "geometry": { "type": "Point", "coordinates": [ 31.311355424591301, 29.788285411052932 ] } },
{ "type": "Feature", "properties": { "name": "مساكن الحديد و الصلب" }, "geometry": { "type": "Point", "coordinates": [ 31.302893090985908, 29.787477366111897 ] } },
{ "type": "Feature", "properties": { "name": "مساكن الحديد و الصلب القديمة" }, "geometry": { "type": "Point", "coordinates": [ 31.310273235153989, 29.78367880309365 ] } },
{ "type": "Feature", "properties": { "name": "مدينة الخبراء الروس" }, "geometry": { "type": "Point", "coordinates": [ 31.310498716218099, 29.787169012578794 ] } },
{ "type": "Feature", "properties": { "name": "مدينة الصلب" }, "geometry": { "type": "Point", "coordinates": [ 31.32924104338321, 29.776069145376077 ] } },
{ "type": "Feature", "properties": { "name": "منشيه التحرير" }, "geometry": { "type": "Point", "coordinates": [ 31.323722033598351, 30.113233109663817 ] } },
{ "type": "Feature", "properties": { "name": "مساكن ابو غزاله" }, "geometry": { "type": "Point", "coordinates": [ 31.327322240198459, 30.110025775835094 ] } },
{ "type": "Feature", "properties": { "name": "عمارات الهنا" }, "geometry": { "type": "Point", "coordinates": [ 31.32521339898009, 30.111892709278546 ] } },
{ "type": "Feature", "properties": { "name": "مساكن الدويقه الجديده" }, "geometry": { "type": "Point", "coordinates": [ 31.296964370464533, 30.040301186971188 ] } },
{ "type": "Feature", "properties": { "name": "مساكن الحرفيين" }, "geometry": { "type": "Point", "coordinates": [ 31.290642214796243, 30.037598360546173 ] } },
{ "type": "Feature", "properties": { "name": "المرحلة الخامسة" }, "geometry": { "type": "Point", "coordinates": [ 31.297449498669152, 30.032212156325205 ] } },
{ "type": "Feature", "properties": { "name": "السكاكينى" }, "geometry": { "type": "Point", "coordinates": [ 31.265668543280427, 30.063948803971076 ] } },
{ "type": "Feature", "properties": { "name": "منطقة 100 فدان شرق المدينة" }, "geometry": { "type": "Point", "coordinates": [ 31.392483923524424, 29.843649932385141 ] } },
{ "type": "Feature", "properties": { "name": "مساكن الاوقاف تقسيم الخلاوتي" }, "geometry": { "type": "Point", "coordinates": [ 31.264814864606418, 29.973784546961319 ] } },
{ "type": "Feature", "properties": { "name": "مساكن التعاونيات" }, "geometry": { "type": "Point", "coordinates": [ 31.27123103724314, 29.978292452949077 ] } },
{ "type": "Feature", "properties": { "name": "عزبه جبريل" }, "geometry": { "type": "Point", "coordinates": [ 31.265068644777227, 29.973449426204034 ] } },
{ "type": "Feature", "properties": { "name": "البارون رويال تاورز" }, "geometry": { "type": "Point", "coordinates": [ 31.340110060732378, 29.983568358630908 ] } },
{ "type": "Feature", "properties": { "name": "شجره مريم" }, "geometry": { "type": "Point", "coordinates": [ 31.311560614908032, 30.123598587688587 ] } },
{ "type": "Feature", "properties": { "name": "المجاورة 7" }, "geometry": { "type": "Point", "coordinates": [ 31.356697557596686, 29.827500077652729 ] } },
{ "type": "Feature", "properties": { "name": "المجاورة 8" }, "geometry": { "type": "Point", "coordinates": [ 31.361498050366613, 29.824669139078232 ] } },
{ "type": "Feature", "properties": { "name": "المجاورة 11" }, "geometry": { "type": "Point", "coordinates": [ 31.363359577795329, 29.82069867323025 ] } },
{ "type": "Feature", "properties": { "name": "المجاورة 10" }, "geometry": { "type": "Point", "coordinates": [ 31.365782323232956, 29.822099627825313 ] } },
{ "type": "Feature", "properties": { "name": "المجاورة 12" }, "geometry": { "type": "Point", "coordinates": [ 31.359795789376999, 29.81889597283412 ] } },
{ "type": "Feature", "properties": { "name": "الحى 1" }, "geometry": { "type": "Point", "coordinates": [ 31.359545328938676, 29.814315082271744 ] } },
{ "type": "Feature", "properties": { "name": "حلوان الشرقيه" }, "geometry": { "type": "Point", "coordinates": [ 31.349017576326752, 29.845634849059028 ] } },
{ "type": "Feature", "properties": { "name": "مدينة الطيران" }, "geometry": { "type": "Point", "coordinates": [ 31.346719505588695, 29.841467623983501 ] } },
{ "type": "Feature", "properties": { "name": "مدينة الموظفين" }, "geometry": { "type": "Point", "coordinates": [ 31.346295827329303, 29.846416416097494 ] } },
{ "type": "Feature", "properties": { "name": "مساكن مدينه الاسكان الصناعى" }, "geometry": { "type": "Point", "coordinates": [ 31.347828617636146, 29.835889979621413 ] } },
{ "type": "Feature", "properties": { "name": "مساكن الاسكندريه" }, "geometry": { "type": "Point", "coordinates": [ 31.343627258843139, 29.836280139911054 ] } },
{ "type": "Feature", "properties": { "name": "مساكن مدينه الشمس القديمة" }, "geometry": { "type": "Point", "coordinates": [ 31.34141036207108, 29.840083476179885 ] } },
{ "type": "Feature", "properties": { "name": "المجاورة 5" }, "geometry": { "type": "Point", "coordinates": [ 31.351168285705153, 29.837342897941863 ] } },
{ "type": "Feature", "properties": { "name": "المجاورة 7" }, "geometry": { "type": "Point", "coordinates": [ 31.351133994391159, 29.841938725809772 ] } },
{ "type": "Feature", "properties": { "name": "مساكن المحموديه" }, "geometry": { "type": "Point", "coordinates": [ 31.346544446176857, 29.825548596579299 ] } },
{ "type": "Feature", "properties": { "name": "مساكن الصعيد" }, "geometry": { "type": "Point", "coordinates": [ 31.349272799771512, 29.825258967456953 ] } },
{ "type": "Feature", "properties": { "name": "مساكن الاسكندريه" }, "geometry": { "type": "Point", "coordinates": [ 31.350823291665744, 29.825513603185307 ] } },
{ "type": "Feature", "properties": { "name": "مدينة العمال" }, "geometry": { "type": "Point", "coordinates": [ 31.34144221430272, 29.834299563257179 ] } },
{ "type": "Feature", "properties": { "name": "المجاورة 1" }, "geometry": { "type": "Point", "coordinates": [ 31.344960104194804, 29.83319870610017 ] } },
{ "type": "Feature", "properties": { "name": "المجاورة 2" }, "geometry": { "type": "Point", "coordinates": [ 31.348553702158195, 29.833243946051468 ] } },
{ "type": "Feature", "properties": { "name": "المجاورة 3" }, "geometry": { "type": "Point", "coordinates": [ 31.352957299833253, 29.833018789700962 ] } },
{ "type": "Feature", "properties": { "name": "المجاورة 4" }, "geometry": { "type": "Point", "coordinates": [ 31.354750594533726, 29.836818699987774 ] } },
{ "type": "Feature", "properties": { "name": "المجاورة 6" }, "geometry": { "type": "Point", "coordinates": [ 31.355398599261747, 29.840502262055914 ] } },
{ "type": "Feature", "properties": { "name": "المجاورة 8" }, "geometry": { "type": "Point", "coordinates": [ 31.356342394998922, 29.84427685841386 ] } },
{ "type": "Feature", "properties": { "name": "المجاورة 9" }, "geometry": { "type": "Point", "coordinates": [ 31.353536500982631, 29.845492267991006 ] } },
{ "type": "Feature", "properties": { "name": "المجاورة 10" }, "geometry": { "type": "Point", "coordinates": [ 31.350673319584011, 29.846141139450626 ] } },
{ "type": "Feature", "properties": { "name": "حلميه النعام" }, "geometry": { "type": "Point", "coordinates": [ 31.3288775261944, 30.117351335875522 ] } },
{ "type": "Feature", "properties": { "name": "البساتين" }, "geometry": { "type": "Point", "coordinates": [ 31.264710223434406, 29.987750863724834 ] } },
{ "type": "Feature", "properties": { "name": "الشرق للتأمين" }, "geometry": { "type": "Point", "coordinates": [ 31.324622849495551, 30.018504454620352 ] } },
{ "type": "Feature", "properties": { "name": "الحى 2" }, "geometry": { "type": "Point", "coordinates": [ 31.377032527865861, 29.833797581011652 ] } },
{ "type": "Feature", "properties": { "name": "الحى 3" }, "geometry": { "type": "Point", "coordinates": [ 31.37651243008375, 29.817669617263082 ] } },
{ "type": "Feature", "properties": { "name": "المجاورة 36" }, "geometry": { "type": "Point", "coordinates": [ 31.37131822551056, 29.822407980548007 ] } },
{ "type": "Feature", "properties": { "name": "المجاورة 34" }, "geometry": { "type": "Point", "coordinates": [ 31.374097633654003, 29.817868370253613 ] } },
{ "type": "Feature", "properties": { "name": "المجاورة 32" }, "geometry": { "type": "Point", "coordinates": [ 31.364870942793928, 29.816764908137841 ] } },
{ "type": "Feature", "properties": { "name": "المجاورة 31" }, "geometry": { "type": "Point", "coordinates": [ 31.369774626236214, 29.815369673901721 ] } },
{ "type": "Feature", "properties": { "name": "المجاورة 30" }, "geometry": { "type": "Point", "coordinates": [ 31.373841901399441, 29.812158472819895 ] } },
{ "type": "Feature", "properties": { "name": "المجاورة 29" }, "geometry": { "type": "Point", "coordinates": [ 31.379937913491748, 29.811125112297802 ] } },
{ "type": "Feature", "properties": { "name": "المجاورة 28" }, "geometry": { "type": "Point", "coordinates": [ 31.377151616201843, 29.814648866473053 ] } },
{ "type": "Feature", "properties": { "name": "المجاورة 27" }, "geometry": { "type": "Point", "coordinates": [ 31.382677690738809, 29.818868579516188 ] } },
{ "type": "Feature", "properties": { "name": "المجاورة 26" }, "geometry": { "type": "Point", "coordinates": [ 31.381470557589065, 29.822037733604489 ] } },
{ "type": "Feature", "properties": { "name": "المجاورة 25" }, "geometry": { "type": "Point", "coordinates": [ 31.378470222815462, 29.824210068886593 ] } },
{ "type": "Feature", "properties": { "name": "المجاورة 23" }, "geometry": { "type": "Point", "coordinates": [ 31.37985871792657, 29.829610012621306 ] } },
{ "type": "Feature", "properties": { "name": "المجاورة 20" }, "geometry": { "type": "Point", "coordinates": [ 31.376608739857485, 29.832380555644129 ] } },
{ "type": "Feature", "properties": { "name": "البراد" }, "geometry": { "type": "Point", "coordinates": [ 31.248924377010098, 30.083553547108618 ] } },
{ "type": "Feature", "properties": { "name": "المشير احمد اسماعيل" }, "geometry": { "type": "Point", "coordinates": [ 31.456553858458246, 30.164811064541116 ] } },
{ "type": "Feature", "properties": { "name": "الشرق للتأمين" }, "geometry": { "type": "Point", "coordinates": [ 31.305312758180445, 30.020069754544103 ] } },
{ "type": "Feature", "properties": { "name": "الشرق للتأمين" }, "geometry": { "type": "Point", "coordinates": [ 31.305312758180445, 30.020069754544103 ] } },
{ "type": "Feature", "properties": { "name": "بلوك 4" }, "geometry": { "type": "Point", "coordinates": [ 31.305380882233205, 29.996599953835592 ] } },
{ "type": "Feature", "properties": { "name": "بلوك 5" }, "geometry": { "type": "Point", "coordinates": [ 31.304775253551586, 29.996689057778138 ] } },
{ "type": "Feature", "properties": { "name": "بلوك و" }, "geometry": { "type": "Point", "coordinates": [ 31.304167471060083, 29.996781717576276 ] } },
{ "type": "Feature", "properties": { "name": "بلوك ه" }, "geometry": { "type": "Point", "coordinates": [ 31.303512365896932, 29.996870379759965 ] } },
{ "type": "Feature", "properties": { "name": "المجاورة 6" }, "geometry": { "type": "Point", "coordinates": [ 31.377339422815162, 29.847501015759519 ] } },
{ "type": "Feature", "properties": { "name": "المجاورة 4" }, "geometry": { "type": "Point", "coordinates": [ 31.376268673385589, 29.852650515117141 ] } },
{ "type": "Feature", "properties": { "name": "المجاورة 1" }, "geometry": { "type": "Point", "coordinates": [ 31.372954613170673, 29.848746498170069 ] } },
{ "type": "Feature", "properties": { "name": "المجاورة 9" }, "geometry": { "type": "Point", "coordinates": [ 31.371718176815428, 29.85878670465457 ] } },
{ "type": "Feature", "properties": { "name": "المجاورة 10" }, "geometry": { "type": "Point", "coordinates": [ 31.371632553890791, 29.862210169235926 ] } },
{ "type": "Feature", "properties": { "name": "المجاورة 7" }, "geometry": { "type": "Point", "coordinates": [ 31.366025256636689, 29.862193785941773 ] } },
{ "type": "Feature", "properties": { "name": "المجاورة 11" }, "geometry": { "type": "Point", "coordinates": [ 31.369212320795288, 29.866207434472805 ] } },
{ "type": "Feature", "properties": { "name": "عزبه النخل" }, "geometry": { "type": "Point", "coordinates": [ 31.319450898237839, 30.137795928751654 ] } },
{ "type": "Feature", "properties": { "name": "تقسيم مباحث القاهرة" }, "geometry": { "type": "Point", "coordinates": [ 31.324084549614614, 29.988077636495728 ] } },
{ "type": "Feature", "properties": { "name": "كمبوند نكست بوينت" }, "geometry": { "type": "Point", "coordinates": [ 31.325091110789351, 29.990360059553733 ] } },
{ "type": "Feature", "properties": { "name": "الحى 4" }, "geometry": { "type": "Point", "coordinates": [ 31.377955664824647, 29.852311823420681 ] } },
{ "type": "Feature", "properties": { "name": "المرحلة 2" }, "geometry": { "type": "Point", "coordinates": [ 31.375518170436084, 29.860356982092636 ] } },
{ "type": "Feature", "properties": { "name": "المجاورة 15" }, "geometry": { "type": "Point", "coordinates": [ 31.377894155991253, 29.840173258589381 ] } },
{ "type": "Feature", "properties": { "name": "المجاورة 16" }, "geometry": { "type": "Point", "coordinates": [ 31.381467192464996, 29.840611436736772 ] } },
{ "type": "Feature", "properties": { "name": "المجاورة 19" }, "geometry": { "type": "Point", "coordinates": [ 31.379989870176864, 29.834288064043413 ] } },
{ "type": "Feature", "properties": { "name": "المجاورة 17" }, "geometry": { "type": "Point", "coordinates": [ 31.382779959750025, 29.837721620036149 ] } },
{ "type": "Feature", "properties": { "name": "المجاورة 13" }, "geometry": { "type": "Point", "coordinates": [ 31.373793596916624, 29.839784512366595 ] } },
{ "type": "Feature", "properties": { "name": "المجاورة 6" }, "geometry": { "type": "Point", "coordinates": [ 31.358330647253215, 29.83225941717307 ] } },
{ "type": "Feature", "properties": { "name": "المجاورة 5" }, "geometry": { "type": "Point", "coordinates": [ 31.361930498189292, 29.829963231266063 ] } },
{ "type": "Feature", "properties": { "name": "المجاورة 4" }, "geometry": { "type": "Point", "coordinates": [ 31.359385571358452, 29.837854247885247 ] } },
{ "type": "Feature", "properties": { "name": "المجاورة 1" }, "geometry": { "type": "Point", "coordinates": [ 31.363472305331758, 29.838913898471791 ] } },
{ "type": "Feature", "properties": { "name": "المجاورة 3" }, "geometry": { "type": "Point", "coordinates": [ 31.366859190388926, 29.830211441052526 ] } },
{ "type": "Feature", "properties": { "name": "المجاورة 2" }, "geometry": { "type": "Point", "coordinates": [ 31.364421643933959, 29.83396226008767 ] } },
{ "type": "Feature", "properties": { "name": "ارض الجمعيه 6 اكتوبر سابقا" }, "geometry": { "type": "Point", "coordinates": [ 31.217951939876585, 30.090482494421675 ] } },
{ "type": "Feature", "properties": { "name": "مساكن مشروع ناصر 2هـ" }, "geometry": { "type": "Point", "coordinates": [ 31.320361441451702, 29.840626941310845 ] } },
{ "type": "Feature", "properties": { "name": "مشروع ناصر للاسكان" }, "geometry": { "type": "Point", "coordinates": [ 31.317835349005318, 29.840591363728453 ] } },
{ "type": "Feature", "properties": { "name": "مساكن ناصر 4" }, "geometry": { "type": "Point", "coordinates": [ 31.316718726646716, 29.84798557747602 ] } },
{ "type": "Feature", "properties": { "name": "مساكن ناصر 3" }, "geometry": { "type": "Point", "coordinates": [ 31.316720276902952, 29.846898747164609 ] } },
{ "type": "Feature", "properties": { "name": "مساكن ناصر 2" }, "geometry": { "type": "Point", "coordinates": [ 31.316626794300497, 29.845883199204927 ] } },
{ "type": "Feature", "properties": { "name": "مساكن ناصر 1" }, "geometry": { "type": "Point", "coordinates": [ 31.318220099821506, 29.846919830144124 ] } },
{ "type": "Feature", "properties": { "name": "مساكن مشروع الاسكندرية غرب" }, "geometry": { "type": "Point", "coordinates": [ 31.320108122370517, 29.847725338970225 ] } },
{ "type": "Feature", "properties": { "name": "المساكن الاقتصاديه" }, "geometry": { "type": "Point", "coordinates": [ 31.315904151126801, 29.848353220898385 ] } },
{ "type": "Feature", "properties": { "name": "الشماشرجى" }, "geometry": { "type": "Point", "coordinates": [ 31.247702180036264, 30.066293629944958 ] } },
{ "type": "Feature", "properties": { "name": "قريه الطرفايه" }, "geometry": { "type": "Point", "coordinates": [ 31.278684872966544, 29.823588115204835 ] } },
{ "type": "Feature", "properties": { "name": "البكباشى" }, "geometry": { "type": "Point", "coordinates": [ 31.224272349050622, 29.967979943114617 ] } },
{ "type": "Feature", "properties": { "name": "كفر زهران" }, "geometry": { "type": "Point", "coordinates": [ 31.278003356453439, 29.804858916168687 ] } },
{ "type": "Feature", "properties": { "name": "مدينه العمال والتحرير" }, "geometry": { "type": "Point", "coordinates": [ 31.221793259372461, 30.08185475040111 ] } },
{ "type": "Feature", "properties": { "name": "تاج الدول" }, "geometry": { "type": "Point", "coordinates": [ 31.220320153162692, 30.074184021205792 ] } },
{ "type": "Feature", "properties": { "name": "مدينة البدرشين" }, "geometry": { "type": "Point", "coordinates": [ 31.277121312283839, 29.85391362370121 ] } },
{ "type": "Feature", "properties": { "name": "اولى" }, "geometry": { "type": "Point", "coordinates": [ 31.21180100004462, 30.022579162621593 ] } },
{ "type": "Feature", "properties": { "name": "اولى" }, "geometry": { "type": "Point", "coordinates": [ 31.21180100004462, 30.022579162621593 ] } },
{ "type": "Feature", "properties": { "name": "قريه جزيره وراق الحضر" }, "geometry": { "type": "Point", "coordinates": [ 31.224354067228862, 30.117383917533004 ] } },
{ "type": "Feature", "properties": { "name": "مدينه وراق العرب" }, "geometry": { "type": "Point", "coordinates": [ 31.210978793710652, 30.098952711263735 ] } },
{ "type": "Feature", "properties": { "name": "ثانية" }, "geometry": { "type": "Point", "coordinates": [ 31.214241213729878, 30.012286534761891 ] } },
{ "type": "Feature", "properties": { "name": "بلوك 11" }, "geometry": { "type": "Point", "coordinates": [ 31.408482910555659, 30.06442833495818 ] } },
{ "type": "Feature", "properties": { "name": "بلوك 19" }, "geometry": { "type": "Point", "coordinates": [ 31.409996362933242, 30.060223503485393 ] } },
{ "type": "Feature", "properties": { "name": "قريه الشرفا والعطيات" }, "geometry": { "type": "Point", "coordinates": [ 31.383633997468039, 29.744541579028571 ] } },
{ "type": "Feature", "properties": { "name": "قريه المنيا" }, "geometry": { "type": "Point", "coordinates": [ 31.319090327669304, 29.750765610765335 ] } },
{ "type": "Feature", "properties": { "name": "دار مصر" }, "geometry": { "type": "Point", "coordinates": [ 31.724262108799099, 30.124067812738446 ] } },
{ "type": "Feature", "properties": { "name": "مسطرد" }, "geometry": { "type": "Point", "coordinates": [ 31.291260297389925, 30.137605554617064 ] } },
{ "type": "Feature", "properties": { "name": "مساكن مصرف مسطرد العرب" }, "geometry": { "type": "Point", "coordinates": [ 31.278489021894206, 30.114897149567405 ] } },
{ "type": "Feature", "properties": { "name": "عزبه عبد الغنى" }, "geometry": { "type": "Point", "coordinates": [ 31.283085896734217, 30.116132467034394 ] } },
{ "type": "Feature", "properties": { "name": "جمعيه احمد عرابى" }, "geometry": { "type": "Point", "coordinates": [ 31.577112250492256, 30.216822410136636 ] } },
{ "type": "Feature", "properties": { "name": "جمعيه احمد عرابى" }, "geometry": { "type": "Point", "coordinates": [ 31.577112250492256, 30.216822410136636 ] } },
{ "type": "Feature", "properties": { "name": "بهتيم" }, "geometry": { "type": "Point", "coordinates": [ 31.27325951584756, 30.141032690209752 ] } },
{ "type": "Feature", "properties": { "name": "كمبوند سبرنجز الشروق" }, "geometry": { "type": "Point", "coordinates": [ 31.643944732184831, 30.123271265588844 ] } },
{ "type": "Feature", "properties": { "name": "كمبوند أكويا" }, "geometry": { "type": "Point", "coordinates": [ 31.506993442795359, 29.989491900848197 ] } },
{ "type": "Feature", "properties": { "name": "منطقة ك" }, "geometry": { "type": "Point", "coordinates": [ 31.458287299408994, 29.998680326786754 ] } },
{ "type": "Feature", "properties": { "name": "منطقة أ" }, "geometry": { "type": "Point", "coordinates": [ 31.466017548838281, 29.997315070032041 ] } },
{ "type": "Feature", "properties": { "name": "منطقة ج" }, "geometry": { "type": "Point", "coordinates": [ 31.454499300700206, 29.995983969785236 ] } },
{ "type": "Feature", "properties": { "name": "منطقة ب" }, "geometry": { "type": "Point", "coordinates": [ 31.459577809786055, 29.996492202103788 ] } },
{ "type": "Feature", "properties": { "name": "منطقة د" }, "geometry": { "type": "Point", "coordinates": [ 31.458429934772283, 29.991883211914928 ] } },
{ "type": "Feature", "properties": { "name": "منطقة هـ" }, "geometry": { "type": "Point", "coordinates": [ 31.453375146396731, 29.991880713320334 ] } },
{ "type": "Feature", "properties": { "name": "منطقة و" }, "geometry": { "type": "Point", "coordinates": [ 31.44841150250468, 29.992338173217512 ] } },
{ "type": "Feature", "properties": { "name": "منطقة ز" }, "geometry": { "type": "Point", "coordinates": [ 31.448369478645596, 29.99588855607902 ] } },
{ "type": "Feature", "properties": { "name": "النرجس الجديدة" }, "geometry": { "type": "Point", "coordinates": [ 31.457880372858298, 29.994568074947356 ] } },
{ "type": "Feature", "properties": { "name": "منطقة د" }, "geometry": { "type": "Point", "coordinates": [ 31.598784052770885, 30.052623005583186 ] } },
{ "type": "Feature", "properties": { "name": "منطقة أ" }, "geometry": { "type": "Point", "coordinates": [ 31.59462942894319, 30.050638299523101 ] } },
{ "type": "Feature", "properties": { "name": "منطقة ج" }, "geometry": { "type": "Point", "coordinates": [ 31.60216625862914, 30.051418165165217 ] } },
{ "type": "Feature", "properties": { "name": "منطقة ب" }, "geometry": { "type": "Point", "coordinates": [ 31.598873080730407, 30.048349131210092 ] } },
{ "type": "Feature", "properties": { "name": "مسلسل 5, 6" }, "geometry": { "type": "Point", "coordinates": [ 31.598431245662958, 30.050436822866892 ] } },
{ "type": "Feature", "properties": { "name": "منطقة ج" }, "geometry": { "type": "Point", "coordinates": [ 31.553794773525905, 30.082324923212894 ] } },
{ "type": "Feature", "properties": { "name": "منطقة ب" }, "geometry": { "type": "Point", "coordinates": [ 31.557463364474177, 30.08355049380879 ] } },
{ "type": "Feature", "properties": { "name": "منطقة د" }, "geometry": { "type": "Point", "coordinates": [ 31.553872283083997, 30.085728684747956 ] } },
{ "type": "Feature", "properties": { "name": "منطقة أ" }, "geometry": { "type": "Point", "coordinates": [ 31.557090785392646, 30.08758733608208 ] } },
{ "type": "Feature", "properties": { "name": "شمال بيت الوطن" }, "geometry": { "type": "Point", "coordinates": [ 31.553207380913513, 30.084318107822686 ] } },
{ "type": "Feature", "properties": { "name": "منطقة ز" }, "geometry": { "type": "Point", "coordinates": [ 31.54854014737618, 30.081557216003866 ] } },
{ "type": "Feature", "properties": { "name": "منطقة هـ" }, "geometry": { "type": "Point", "coordinates": [ 31.551139118773392, 30.085592894195656 ] } },
{ "type": "Feature", "properties": { "name": "منطقة و" }, "geometry": { "type": "Point", "coordinates": [ 31.547554978192583, 30.084378916676311 ] } },
{ "type": "Feature", "properties": { "name": "حي الأوركيد منطقة الألف فدان سابقاً" }, "geometry": { "type": "Point", "coordinates": [ 31.584089617503277, 30.074895673305047 ] } },
{ "type": "Feature", "properties": { "name": "منطقة ج4" }, "geometry": { "type": "Point", "coordinates": [ 31.482421082430143, 29.97195269892018 ] } },
{ "type": "Feature", "properties": { "name": "منطقة ج3" }, "geometry": { "type": "Point", "coordinates": [ 31.48346063265025, 29.973860040552189 ] } },
{ "type": "Feature", "properties": { "name": "بلوك 5" }, "geometry": { "type": "Point", "coordinates": [ 31.482795071046116, 29.965984129477306 ] } },
{ "type": "Feature", "properties": { "name": "بلوك 4" }, "geometry": { "type": "Point", "coordinates": [ 31.486201593642214, 29.964090130979329 ] } },
{ "type": "Feature", "properties": { "name": "بلوك 3" }, "geometry": { "type": "Point", "coordinates": [ 31.487359993461105, 29.961005127921947 ] } },
{ "type": "Feature", "properties": { "name": "بلوك 2" }, "geometry": { "type": "Point", "coordinates": [ 31.488909128755125, 29.963564724334901 ] } },
{ "type": "Feature", "properties": { "name": "بلوك 1" }, "geometry": { "type": "Point", "coordinates": [ 31.490028924442921, 29.962633400789116 ] } },
{ "type": "Feature", "properties": { "name": "منطقة الألف مصنع" }, "geometry": { "type": "Point", "coordinates": [ 31.485598321280275, 29.970882479507868 ] } },
{ "type": "Feature", "properties": { "name": "المجاورة 4" }, "geometry": { "type": "Point", "coordinates": [ 31.721545819660012, 30.168532953377749 ] } },
{ "type": "Feature", "properties": { "name": "منطقة د" }, "geometry": { "type": "Point", "coordinates": [ 31.759790170451776, 30.156391909142727 ] } },
{ "type": "Feature", "properties": { "name": "منطقة ج" }, "geometry": { "type": "Point", "coordinates": [ 31.7632809551543, 30.160547705627284 ] } },
{ "type": "Feature", "properties": { "name": "الياسمين 4" }, "geometry": { "type": "Point", "coordinates": [ 31.699823266410881, 30.163803125541918 ] } },
{ "type": "Feature", "properties": { "name": "الياسمين 3" }, "geometry": { "type": "Point", "coordinates": [ 31.701681093544732, 30.164807205664538 ] } },
{ "type": "Feature", "properties": { "name": "الياسمين 5" }, "geometry": { "type": "Point", "coordinates": [ 31.701299286278264, 30.163263739406901 ] } },
{ "type": "Feature", "properties": { "name": "الياسمين 8" }, "geometry": { "type": "Point", "coordinates": [ 31.698475061437382, 30.162412273768982 ] } },
{ "type": "Feature", "properties": { "name": "الياسمين 6" }, "geometry": { "type": "Point", "coordinates": [ 31.700745301984298, 30.161620607376662 ] } },
{ "type": "Feature", "properties": { "name": "الياسمين 2" }, "geometry": { "type": "Point", "coordinates": [ 31.703107852917494, 30.161465081532231 ] } },
{ "type": "Feature", "properties": { "name": "الياسمين 1" }, "geometry": { "type": "Point", "coordinates": [ 31.703441013119271, 30.163928612555434 ] } },
{ "type": "Feature", "properties": { "name": "الياسمين 7" }, "geometry": { "type": "Point", "coordinates": [ 31.700887554628881, 30.159911950776696 ] } },
{ "type": "Feature", "properties": { "name": "الياسمين 9" }, "geometry": { "type": "Point", "coordinates": [ 31.697761211032763, 30.160511941590173 ] } },
{ "type": "Feature", "properties": { "name": "الياسمين 10" }, "geometry": { "type": "Point", "coordinates": [ 31.696439637604325, 30.160807382216262 ] } },
{ "type": "Feature", "properties": { "name": "الياسمين 11" }, "geometry": { "type": "Point", "coordinates": [ 31.694961946216555, 30.160128133173735 ] } },
{ "type": "Feature", "properties": { "name": "الياسمين 12" }, "geometry": { "type": "Point", "coordinates": [ 31.696944696268044, 30.158591047389116 ] } },
{ "type": "Feature", "properties": { "name": "حى الزهور" }, "geometry": { "type": "Point", "coordinates": [ 31.699810217293809, 30.161602477008618 ] } },
{ "type": "Feature", "properties": { "name": "حى النرجس" }, "geometry": { "type": "Point", "coordinates": [ 31.694588445090073, 30.164192944985039 ] } },
{ "type": "Feature", "properties": { "name": "حى القرنفل" }, "geometry": { "type": "Point", "coordinates": [ 31.694655186142711, 30.168795464718421 ] } },
{ "type": "Feature", "properties": { "name": "مركز رجال الاعمال" }, "geometry": { "type": "Point", "coordinates": [ 31.729707406701525, 30.148895556542303 ] } },
{ "type": "Feature", "properties": { "name": "الحى 7" }, "geometry": { "type": "Point", "coordinates": [ 31.756703746346524, 30.160188676328026 ] } },
{ "type": "Feature", "properties": { "name": "منطقة أ" }, "geometry": { "type": "Point", "coordinates": [ 31.74573957387544, 30.16322542357727 ] } },
{ "type": "Feature", "properties": { "name": "منطقة ب" }, "geometry": { "type": "Point", "coordinates": [ 31.753001526728841, 30.161128482200219 ] } },
{ "type": "Feature", "properties": { "name": "المجاورة 3" }, "geometry": { "type": "Point", "coordinates": [ 31.716858836646722, 30.16279112079641 ] } },
{ "type": "Feature", "properties": { "name": "المجاورة 7" }, "geometry": { "type": "Point", "coordinates": [ 31.735800697870179, 30.164039731263099 ] } },
{ "type": "Feature", "properties": { "name": "المجاورة 5" }, "geometry": { "type": "Point", "coordinates": [ 31.72671150124355, 30.161541003685475 ] } },
{ "type": "Feature", "properties": { "name": "منطقة الحرفين ج" }, "geometry": { "type": "Point", "coordinates": [ 31.767546337686195, 30.124353858873768 ] } },
{ "type": "Feature", "properties": { "name": "منطقة الحرفين ب" }, "geometry": { "type": "Point", "coordinates": [ 31.766177166814064, 30.133095191191405 ] } },
{ "type": "Feature", "properties": { "name": "منطقة الحرفين أ" }, "geometry": { "type": "Point", "coordinates": [ 31.760316827702688, 30.140468836287951 ] } },
{ "type": "Feature", "properties": { "name": "المنطقة الشمالية" }, "geometry": { "type": "Point", "coordinates": [ 31.694903710870854, 30.174807820025105 ] } },
{ "type": "Feature", "properties": { "name": "المجاورة 2" }, "geometry": { "type": "Point", "coordinates": [ 31.710551409383946, 30.16962746930491 ] } },
{ "type": "Feature", "properties": { "name": "المجاورة 8" }, "geometry": { "type": "Point", "coordinates": [ 31.729645040113347, 30.158579657685877 ] } },
{ "type": "Feature", "properties": { "name": "شمال الحى 7" }, "geometry": { "type": "Point", "coordinates": [ 31.748176328143824, 30.167310591105846 ] } },
{ "type": "Feature", "properties": { "name": "المجاورة 1" }, "geometry": { "type": "Point", "coordinates": [ 31.708635730415008, 30.162599977715821 ] } },
{ "type": "Feature", "properties": { "name": "مساكن القنال" }, "geometry": { "type": "Point", "coordinates": [ 31.622946132974793, 30.159529900077199 ] } },
{ "type": "Feature", "properties": { "name": "مشروع 9 عمارات" }, "geometry": { "type": "Point", "coordinates": [ 31.30246978706791, 30.076122036150004 ] } },
{ "type": "Feature", "properties": { "name": "كمبوند جنه بدر" }, "geometry": { "type": "Point", "coordinates": [ 31.706923703437447, 30.130464613992029 ] } },
{ "type": "Feature", "properties": { "name": "المتميز القديم" }, "geometry": { "type": "Point", "coordinates": [ 31.71504663956712, 30.138462779331316 ] } },
{ "type": "Feature", "properties": { "name": "كمبوند الصفوة" }, "geometry": { "type": "Point", "coordinates": [ 31.715661614358268, 30.137037184433659 ] } },
{ "type": "Feature", "properties": { "name": "حى الصفوة" }, "geometry": { "type": "Point", "coordinates": [ 31.708966586949607, 30.133969488170415 ] } },
{ "type": "Feature", "properties": { "name": "كمبوند ميرو سيتي" }, "geometry": { "type": "Point", "coordinates": [ 31.705478510485712, 30.136923043632081 ] } },
{ "type": "Feature", "properties": { "name": "كمبوند اليكو سيتي" }, "geometry": { "type": "Point", "coordinates": [ 31.707960382100797, 30.138857647385816 ] } },
{ "type": "Feature", "properties": { "name": "المنطقة الترفيهية" }, "geometry": { "type": "Point", "coordinates": [ 31.710527692726561, 30.143102864267966 ] } },
{ "type": "Feature", "properties": { "name": "المجاورة 4" }, "geometry": { "type": "Point", "coordinates": [ 31.662648542708059, 30.129679478459053 ] } },
{ "type": "Feature", "properties": { "name": "المجاورة 1" }, "geometry": { "type": "Point", "coordinates": [ 31.661808223064163, 30.133401859602358 ] } },
{ "type": "Feature", "properties": { "name": "الاسكان العائلى 1" }, "geometry": { "type": "Point", "coordinates": [ 31.659816524083212, 30.131129793619117 ] } },
{ "type": "Feature", "properties": { "name": "الاسكان العائلى 2" }, "geometry": { "type": "Point", "coordinates": [ 31.661159760853504, 30.123502667437442 ] } },
{ "type": "Feature", "properties": { "name": "فيلات كمبوند وادى الربيع" }, "geometry": { "type": "Point", "coordinates": [ 31.621918740151742, 30.140566967937353 ] } },
{ "type": "Feature", "properties": { "name": "كمبوند وادى الربيع" }, "geometry": { "type": "Point", "coordinates": [ 31.620479905135976, 30.139954181078917 ] } },
{ "type": "Feature", "properties": { "name": "المجاورة 5" }, "geometry": { "type": "Point", "coordinates": [ 31.61548133771538, 30.142149129738485 ] } },
{ "type": "Feature", "properties": { "name": "المجاورة 4" }, "geometry": { "type": "Point", "coordinates": [ 31.616651434234072, 30.145648115894332 ] } },
{ "type": "Feature", "properties": { "name": "المجاورة 3" }, "geometry": { "type": "Point", "coordinates": [ 31.623285996511079, 30.146746284557729 ] } },
{ "type": "Feature", "properties": { "name": "المجاورة 2" }, "geometry": { "type": "Point", "coordinates": [ 31.622958722563865, 30.149845328151923 ] } },
{ "type": "Feature", "properties": { "name": "المجاورة 1" }, "geometry": { "type": "Point", "coordinates": [ 31.61710111591599, 30.148564155386364 ] } },
{ "type": "Feature", "properties": { "name": "حى الفيروز غرب" }, "geometry": { "type": "Point", "coordinates": [ 31.619875007793556, 30.143755984694547 ] } },
{ "type": "Feature", "properties": { "name": "كمبوند جرين لاند" }, "geometry": { "type": "Point", "coordinates": [ 31.621977176340419, 30.134993300772759 ] } },
{ "type": "Feature", "properties": { "name": "كمبوند ديفينيا جاردنز" }, "geometry": { "type": "Point", "coordinates": [ 31.623881866151834, 30.132150625197948 ] } },
{ "type": "Feature", "properties": { "name": "حى اللازورد" }, "geometry": { "type": "Point", "coordinates": [ 31.624725045536749, 30.130104357785584 ] } },
{ "type": "Feature", "properties": { "name": "جنوب غرب" }, "geometry": { "type": "Point", "coordinates": [ 31.613948547969184, 30.126856973684898 ] } },
{ "type": "Feature", "properties": { "name": "جنوب شرق" }, "geometry": { "type": "Point", "coordinates": [ 31.61868445685413, 30.125961833368567 ] } },
{ "type": "Feature", "properties": { "name": "شمال غرب" }, "geometry": { "type": "Point", "coordinates": [ 31.61226930739409, 30.132820548999 ] } },
{ "type": "Feature", "properties": { "name": "شمال شرق" }, "geometry": { "type": "Point", "coordinates": [ 31.617334712560904, 30.13330610011683 ] } },
{ "type": "Feature", "properties": { "name": "حى النادي" }, "geometry": { "type": "Point", "coordinates": [ 31.615823945387664, 30.129411808081716 ] } },
{ "type": "Feature", "properties": { "name": "كمبوند جراندا" }, "geometry": { "type": "Point", "coordinates": [ 31.624845073711757, 30.120090197289162 ] } },
{ "type": "Feature", "properties": { "name": "كمبوند كليوباترا بالاس" }, "geometry": { "type": "Point", "coordinates": [ 31.622895662752562, 30.116946423766052 ] } },
{ "type": "Feature", "properties": { "name": "كمبوند زيزينيا فلورز" }, "geometry": { "type": "Point", "coordinates": [ 31.614563663721924, 30.11625350047953 ] } },
{ "type": "Feature", "properties": { "name": "حى الجوهرة" }, "geometry": { "type": "Point", "coordinates": [ 31.619625329176792, 30.117437276816435 ] } },
{ "type": "Feature", "properties": { "name": "حى اللؤلؤة" }, "geometry": { "type": "Point", "coordinates": [ 31.606433614497025, 30.130724201126654 ] } },
{ "type": "Feature", "properties": { "name": "كمبوند بانوراما الشروق" }, "geometry": { "type": "Point", "coordinates": [ 31.611728140870095, 30.136689616358758 ] } },
{ "type": "Feature", "properties": { "name": "حى الزمرد" }, "geometry": { "type": "Point", "coordinates": [ 31.60547083092364, 30.140619260083255 ] } },
{ "type": "Feature", "properties": { "name": "المجاورة 2" }, "geometry": { "type": "Point", "coordinates": [ 31.607124623178052, 30.14338773027551 ] } },
{ "type": "Feature", "properties": { "name": "المجاورة 3" }, "geometry": { "type": "Point", "coordinates": [ 31.601698036858121, 30.141545286528505 ] } },
{ "type": "Feature", "properties": { "name": "المجاورة 1" }, "geometry": { "type": "Point", "coordinates": [ 31.601618816705553, 30.145883866923185 ] } },
{ "type": "Feature", "properties": { "name": "مباني الإسكان الفاخر" }, "geometry": { "type": "Point", "coordinates": [ 31.611558245912647, 30.145327677014006 ] } },
{ "type": "Feature", "properties": { "name": "مساكن اسبيكو" }, "geometry": { "type": "Point", "coordinates": [ 31.621988853503506, 30.153506015332972 ] } },
{ "type": "Feature", "properties": { "name": "المجاورة 2ك" }, "geometry": { "type": "Point", "coordinates": [ 31.610545364200043, 30.15031768089603 ] } },
{ "type": "Feature", "properties": { "name": "المجاورة 2ب" }, "geometry": { "type": "Point", "coordinates": [ 31.621808602200456, 30.153470484138673 ] } },
{ "type": "Feature", "properties": { "name": "المجاورة 2أ" }, "geometry": { "type": "Point", "coordinates": [ 31.621458865657981, 30.158527994352028 ] } },
{ "type": "Feature", "properties": { "name": "الحى 2" }, "geometry": { "type": "Point", "coordinates": [ 31.615501285097583, 30.154900695173612 ] } },
{ "type": "Feature", "properties": { "name": "حى الياقوت غرب" }, "geometry": { "type": "Point", "coordinates": [ 31.6080739678025, 30.166838403009429 ] } },
{ "type": "Feature", "properties": { "name": "مساكن الرائد" }, "geometry": { "type": "Point", "coordinates": [ 31.620675465777033, 30.154751929278628 ] } },
{ "type": "Feature", "properties": { "name": "مشروع المستثمر الصغير" }, "geometry": { "type": "Point", "coordinates": [ 31.622603329130577, 30.151954206461152 ] } },
{ "type": "Feature", "properties": { "name": "مساكن الشباب" }, "geometry": { "type": "Point", "coordinates": [ 31.622796341968613, 30.156544730087287 ] } },
{ "type": "Feature", "properties": { "name": "مساكن الرائد" }, "geometry": { "type": "Point", "coordinates": [ 31.620134550122238, 30.158713615034983 ] } },
{ "type": "Feature", "properties": { "name": "المجاورة 2و" }, "geometry": { "type": "Point", "coordinates": [ 31.615145305940015, 30.158322451892293 ] } },
{ "type": "Feature", "properties": { "name": "المجاورة 2ج" }, "geometry": { "type": "Point", "coordinates": [ 31.615252824736153, 30.152301031589534 ] } },
{ "type": "Feature", "properties": { "name": "المجاورة 2" }, "geometry": { "type": "Point", "coordinates": [ 31.609790072147767, 30.166497284641054 ] } },
{ "type": "Feature", "properties": { "name": "المجاورة 1ح" }, "geometry": { "type": "Point", "coordinates": [ 31.609039523216847, 30.161275144927568 ] } },
{ "type": "Feature", "properties": { "name": "المجاورة 1" }, "geometry": { "type": "Point", "coordinates": [ 31.607737230437497, 30.171893434930965 ] } },
{ "type": "Feature", "properties": { "name": "المجاورة 3" }, "geometry": { "type": "Point", "coordinates": [ 31.60591215545929, 30.166817268627064 ] } },
{ "type": "Feature", "properties": { "name": "المجاورة 5" }, "geometry": { "type": "Point", "coordinates": [ 31.604244068264613, 30.161605988067745 ] } },
{ "type": "Feature", "properties": { "name": "المجاورة 6" }, "geometry": { "type": "Point", "coordinates": [ 31.600965205819708, 30.161813829576776 ] } },
{ "type": "Feature", "properties": { "name": "المجاورة 4" }, "geometry": { "type": "Point", "coordinates": [ 31.602938256000272, 30.165845241358234 ] } },
{ "type": "Feature", "properties": { "name": "المجاورة 3" }, "geometry": { "type": "Point", "coordinates": [ 31.60058135785324, 30.150285826145684 ] } },
{ "type": "Feature", "properties": { "name": "المجاورة 2" }, "geometry": { "type": "Point", "coordinates": [ 31.599205737423414, 30.154834762342158 ] } },
{ "type": "Feature", "properties": { "name": "المجاورة 1" }, "geometry": { "type": "Point", "coordinates": [ 31.597472580603625, 30.160668473804929 ] } },
{ "type": "Feature", "properties": { "name": "حى ريماس" }, "geometry": { "type": "Point", "coordinates": [ 31.600395307075548, 30.158208235607216 ] } },
{ "type": "Feature", "properties": { "name": "المجاورة 3" }, "geometry": { "type": "Point", "coordinates": [ 31.596364644579442, 30.165994917843463 ] } },
{ "type": "Feature", "properties": { "name": "المجاورة 2" }, "geometry": { "type": "Point", "coordinates": [ 31.599485928125358, 30.168356190633926 ] } },
{ "type": "Feature", "properties": { "name": "المجاورة 1" }, "geometry": { "type": "Point", "coordinates": [ 31.596754572094184, 30.171346763026548 ] } },
{ "type": "Feature", "properties": { "name": "حى البرلنت" }, "geometry": { "type": "Point", "coordinates": [ 31.597320040475644, 30.168986576252355 ] } },
{ "type": "Feature", "properties": { "name": "منطقة خدمات" }, "geometry": { "type": "Point", "coordinates": [ 31.444345923607365, 30.068885596629126 ] } },
{ "type": "Feature", "properties": { "name": "إسكان وزارة المالية" }, "geometry": { "type": "Point", "coordinates": [ 31.448620422915013, 30.073407782204821 ] } },
{ "type": "Feature", "properties": { "name": "إسكان المستقبل 63 متر" }, "geometry": { "type": "Point", "coordinates": [ 31.659107804574283, 30.137972509773107 ] } },
{ "type": "Feature", "properties": { "name": "إسكان الشباب" }, "geometry": { "type": "Point", "coordinates": [ 31.658207646074921, 30.145812443437773 ] } },
{ "type": "Feature", "properties": { "name": "إسكان مبارك للشباب 70 متر" }, "geometry": { "type": "Point", "coordinates": [ 31.656016404124834, 30.151439074372249 ] } },
{ "type": "Feature", "properties": { "name": "الإسكان القومى 63 متر" }, "geometry": { "type": "Point", "coordinates": [ 31.653046074231568, 30.162387805875031 ] } },
{ "type": "Feature", "properties": { "name": "المجاورة 3" }, "geometry": { "type": "Point", "coordinates": [ 31.645991585308085, 30.139101196393359 ] } },
{ "type": "Feature", "properties": { "name": "المجاورة 5" }, "geometry": { "type": "Point", "coordinates": [ 31.649895730986803, 30.142872926892476 ] } },
{ "type": "Feature", "properties": { "name": "المجاورة 1" }, "geometry": { "type": "Point", "coordinates": [ 31.654010637049549, 30.143583835176273 ] } },
{ "type": "Feature", "properties": { "name": "المجاورة 2" }, "geometry": { "type": "Point", "coordinates": [ 31.651538029999141, 30.140215807753748 ] } },
{ "type": "Feature", "properties": { "name": "المجاورة 4" }, "geometry": { "type": "Point", "coordinates": [ 31.645627488779432, 30.142006447901348 ] } },
{ "type": "Feature", "properties": { "name": "المجاورة 4" }, "geometry": { "type": "Point", "coordinates": [ 31.64807159160009, 30.148630352715923 ] } },
{ "type": "Feature", "properties": { "name": "المجاورة 2" }, "geometry": { "type": "Point", "coordinates": [ 31.653352058203325, 30.146532469685788 ] } },
{ "type": "Feature", "properties": { "name": "المجاورة 3" }, "geometry": { "type": "Point", "coordinates": [ 31.647646257529495, 30.146844365077765 ] } },
{ "type": "Feature", "properties": { "name": "المجاورة 1" }, "geometry": { "type": "Point", "coordinates": [ 31.651915294518044, 30.149353448510379 ] } },
{ "type": "Feature", "properties": { "name": "المجاورة 4" }, "geometry": { "type": "Point", "coordinates": [ 31.646480410298782, 30.154758563537669 ] } },
{ "type": "Feature", "properties": { "name": "المجاورة 1" }, "geometry": { "type": "Point", "coordinates": [ 31.649766469093674, 30.154848051607704 ] } },
{ "type": "Feature", "properties": { "name": "المجاورة 3" }, "geometry": { "type": "Point", "coordinates": [ 31.647486020750719, 30.151269485695884 ] } },
{ "type": "Feature", "properties": { "name": "المجاورة 2" }, "geometry": { "type": "Point", "coordinates": [ 31.650394828895521, 30.152059370090342 ] } },
{ "type": "Feature", "properties": { "name": "المجاورة 5" }, "geometry": { "type": "Point", "coordinates": [ 31.643541283218944, 30.159950455173817 ] } },
{ "type": "Feature", "properties": { "name": "المجاورة 3" }, "geometry": { "type": "Point", "coordinates": [ 31.649098977987748, 30.157803040171924 ] } },
{ "type": "Feature", "properties": { "name": "المجاورة 4" }, "geometry": { "type": "Point", "coordinates": [ 31.645101526047831, 30.157241802981645 ] } },
{ "type": "Feature", "properties": { "name": "المجاورة 2" }, "geometry": { "type": "Point", "coordinates": [ 31.647404365252108, 30.160795045558235 ] } },
{ "type": "Feature", "properties": { "name": "المجاورة 6" }, "geometry": { "type": "Point", "coordinates": [ 31.642432487981306, 30.163174101307707 ] } },
{ "type": "Feature", "properties": { "name": "المجاورة 1" }, "geometry": { "type": "Point", "coordinates": [ 31.645766063876714, 30.163743589096121 ] } },
{ "type": "Feature", "properties": { "name": "منطقة جاردينيا" }, "geometry": { "type": "Point", "coordinates": [ 31.649484661049435, 30.141259015688384 ] } },
{ "type": "Feature", "properties": { "name": "منطقة 3" }, "geometry": { "type": "Point", "coordinates": [ 31.649780476644658, 30.147261220656063 ] } },
{ "type": "Feature", "properties": { "name": "منطقة 2" }, "geometry": { "type": "Point", "coordinates": [ 31.648490190217736, 30.153179681154921 ] } },
{ "type": "Feature", "properties": { "name": "حى الاوركيد" }, "geometry": { "type": "Point", "coordinates": [ 31.645569511421687, 30.160287465660744 ] } },
{ "type": "Feature", "properties": { "name": "إسكان مبارك للشباب 100 متر" }, "geometry": { "type": "Point", "coordinates": [ 31.648660314098844, 30.16689859573151 ] } },
{ "type": "Feature", "properties": { "name": "إسكان مبارك للشباب 70 متر" }, "geometry": { "type": "Point", "coordinates": [ 31.643857820254016, 30.172887751524744 ] } },
{ "type": "Feature", "properties": { "name": "مرحلة 2" }, "geometry": { "type": "Point", "coordinates": [ 31.637444007414679, 30.157707875787601 ] } },
{ "type": "Feature", "properties": { "name": "دار مصر" }, "geometry": { "type": "Point", "coordinates": [ 31.637862710226795, 30.16035151934398 ] } },
{ "type": "Feature", "properties": { "name": "المجاورة 3" }, "geometry": { "type": "Point", "coordinates": [ 31.636332749967433, 30.168474318670814 ] } },
{ "type": "Feature", "properties": { "name": "المجاورة 2" }, "geometry": { "type": "Point", "coordinates": [ 31.635224755561534, 30.171462035831066 ] } },
{ "type": "Feature", "properties": { "name": "المجاورة 1" }, "geometry": { "type": "Point", "coordinates": [ 31.634417861189561, 30.174744035703139 ] } },
{ "type": "Feature", "properties": { "name": "المجاورة 7" }, "geometry": { "type": "Point", "coordinates": [ 31.639269107176201, 30.174752010425475 ] } },
{ "type": "Feature", "properties": { "name": "المجاورة 6" }, "geometry": { "type": "Point", "coordinates": [ 31.640130527464876, 30.171489703141742 ] } },
{ "type": "Feature", "properties": { "name": "المجاورة 5" }, "geometry": { "type": "Point", "coordinates": [ 31.641137050653661, 30.16890607720325 ] } },
{ "type": "Feature", "properties": { "name": "المجاورة 4" }, "geometry": { "type": "Point", "coordinates": [ 31.641760387140746, 30.16613197473264 ] } },
{ "type": "Feature", "properties": { "name": "حي البنفسج" }, "geometry": { "type": "Point", "coordinates": [ 31.637525285970096, 30.171388005921575 ] } },
{ "type": "Feature", "properties": { "name": "إسكان مبارك للشباب 63 متر" }, "geometry": { "type": "Point", "coordinates": [ 31.634112016089482, 30.180005356265628 ] } },
{ "type": "Feature", "properties": { "name": "المجاورة 5" }, "geometry": { "type": "Point", "coordinates": [ 31.630068932664201, 30.169576928031937 ] } },
{ "type": "Feature", "properties": { "name": "المجاورة 2" }, "geometry": { "type": "Point", "coordinates": [ 31.630582448836666, 30.165075288589254 ] } },
{ "type": "Feature", "properties": { "name": "المجاورة 1" }, "geometry": { "type": "Point", "coordinates": [ 31.626313282096739, 30.164108393356191 ] } },
{ "type": "Feature", "properties": { "name": "المجاورة 3" }, "geometry": { "type": "Point", "coordinates": [ 31.626130286827511, 30.169067424128613 ] } },
{ "type": "Feature", "properties": { "name": "المجاورة 4" }, "geometry": { "type": "Point", "coordinates": [ 31.627234979605017, 30.173815927659238 ] } },
{ "type": "Feature", "properties": { "name": "حى الاندلس" }, "geometry": { "type": "Point", "coordinates": [ 31.628051354531838, 30.169080154364551 ] } },
{ "type": "Feature", "properties": { "name": "المجاورة 3" }, "geometry": { "type": "Point", "coordinates": [ 31.626936073482348, 30.159252808324716 ] } },
{ "type": "Feature", "properties": { "name": "المجاورة 1" }, "geometry": { "type": "Point", "coordinates": [ 31.627487630546071, 30.154760561969592 ] } },
{ "type": "Feature", "properties": { "name": "المجاورة 4" }, "geometry": { "type": "Point", "coordinates": [ 31.631997100707199, 30.160939416663837 ] } },
{ "type": "Feature", "properties": { "name": "المجاورة 2" }, "geometry": { "type": "Point", "coordinates": [ 31.632626006801292, 30.156902099848143 ] } },
{ "type": "Feature", "properties": { "name": "الحى 2 شرق" }, "geometry": { "type": "Point", "coordinates": [ 31.629889353628471, 30.15834536151425 ] } },
{ "type": "Feature", "properties": { "name": "المجاورة 9" }, "geometry": { "type": "Point", "coordinates": [ 31.630021431464499, 30.14871657942431 ] } },
{ "type": "Feature", "properties": { "name": "المجاورة 1" }, "geometry": { "type": "Point", "coordinates": [ 31.634962528540861, 30.148940852421205 ] } },
{ "type": "Feature", "properties": { "name": "المجاورة 8" }, "geometry": { "type": "Point", "coordinates": [ 31.634520719144451, 30.152261208536302 ] } },
{ "type": "Feature", "properties": { "name": "المجاورة 10" }, "geometry": { "type": "Point", "coordinates": [ 31.629254180865551, 30.145200675409111 ] } },
{ "type": "Feature", "properties": { "name": "المجاورة 11" }, "geometry": { "type": "Point", "coordinates": [ 31.634895464438948, 30.145714389429571 ] } },
{ "type": "Feature", "properties": { "name": "المجاورة 6" }, "geometry": { "type": "Point", "coordinates": [ 31.632760783523807, 30.138468230266213 ] } },
{ "type": "Feature", "properties": { "name": "المجاورة 3" }, "geometry": { "type": "Point", "coordinates": [ 31.639185372887933, 30.139136855860652 ] } },
{ "type": "Feature", "properties": { "name": "المجاورة 5" }, "geometry": { "type": "Point", "coordinates": [ 31.631881082750635, 30.141942651104653 ] } },
{ "type": "Feature", "properties": { "name": "المجاورة 4" }, "geometry": { "type": "Point", "coordinates": [ 31.637528357380948, 30.143027105668917 ] } },
{ "type": "Feature", "properties": { "name": "المجاورة 2" }, "geometry": { "type": "Point", "coordinates": [ 31.640489125539958, 30.13566314480849 ] } },
{ "type": "Feature", "properties": { "name": "المجاورة 7" }, "geometry": { "type": "Point", "coordinates": [ 31.633976385439013, 30.134844777245643 ] } },
{ "type": "Feature", "properties": { "name": "حى الفيروز شرق" }, "geometry": { "type": "Point", "coordinates": [ 31.634664012605604, 30.141971120093441 ] } },
{ "type": "Feature", "properties": { "name": "المجاورة 2" }, "geometry": { "type": "Point", "coordinates": [ 31.646651806875838, 30.135188995504738 ] } },
{ "type": "Feature", "properties": { "name": "المجاورة 1" }, "geometry": { "type": "Point", "coordinates": [ 31.651332344050413, 30.136811141992201 ] } },
{ "type": "Feature", "properties": { "name": "المجاورة 3" }, "geometry": { "type": "Point", "coordinates": [ 31.652432913039142, 30.132657710661871 ] } },
{ "type": "Feature", "properties": { "name": "المجاورة 4" }, "geometry": { "type": "Point", "coordinates": [ 31.647743475498604, 30.131020347520931 ] } },
{ "type": "Feature", "properties": { "name": "منطقة البنفسج" }, "geometry": { "type": "Point", "coordinates": [ 31.649543232945291, 30.133919350049815 ] } },
{ "type": "Feature", "properties": { "name": "المجاورة 1" }, "geometry": { "type": "Point", "coordinates": [ 31.635041889917069, 30.127753876618915 ] } },
{ "type": "Feature", "properties": { "name": "المجاورة 2" }, "geometry": { "type": "Point", "coordinates": [ 31.635011696296569, 30.131114406902583 ] } },
{ "type": "Feature", "properties": { "name": "المجاورة 3" }, "geometry": { "type": "Point", "coordinates": [ 31.642151146258662, 30.131055198379677 ] } },
{ "type": "Feature", "properties": { "name": "منطقة 8" }, "geometry": { "type": "Point", "coordinates": [ 31.638272730163408, 30.130140657270278 ] } },
{ "type": "Feature", "properties": { "name": "المجاورة 3" }, "geometry": { "type": "Point", "coordinates": [ 31.635419760077813, 30.119690731983635 ] } },
{ "type": "Feature", "properties": { "name": "المجاورة 2" }, "geometry": { "type": "Point", "coordinates": [ 31.637000501816434, 30.124233980359936 ] } },
{ "type": "Feature", "properties": { "name": "المجاورة 1" }, "geometry": { "type": "Point", "coordinates": [ 31.639321192290041, 30.120091389208511 ] } },
{ "type": "Feature", "properties": { "name": "منطقة 7" }, "geometry": { "type": "Point", "coordinates": [ 31.637094001438598, 30.121952477630792 ] } },
{ "type": "Feature", "properties": { "name": "المجاورة 2" }, "geometry": { "type": "Point", "coordinates": [ 31.648657613413754, 30.127189198618904 ] } },
{ "type": "Feature", "properties": { "name": "المجاورة 1" }, "geometry": { "type": "Point", "coordinates": [ 31.653186258122787, 30.128344179698427 ] } },
{ "type": "Feature", "properties": { "name": "حى توليب" }, "geometry": { "type": "Point", "coordinates": [ 31.650727716432598, 30.127717157327393 ] } },
{ "type": "Feature", "properties": { "name": "المجاورة 7" }, "geometry": { "type": "Point", "coordinates": [ 31.658794028067764, 30.121011468686842 ] } },
{ "type": "Feature", "properties": { "name": "المجاورة 6" }, "geometry": { "type": "Point", "coordinates": [ 31.658590879895605, 30.125421777885403 ] } },
{ "type": "Feature", "properties": { "name": "المجاورة 8" }, "geometry": { "type": "Point", "coordinates": [ 31.664390586549874, 30.122041892714261 ] } },
{ "type": "Feature", "properties": { "name": "المجاورة 5" }, "geometry": { "type": "Point", "coordinates": [ 31.663430452076792, 30.12623571911886 ] } },
{ "type": "Feature", "properties": { "name": "المجاورة 3" }, "geometry": { "type": "Point", "coordinates": [ 31.657811749769348, 30.12884910333652 ] } },
{ "type": "Feature", "properties": { "name": "المجاورة 2" }, "geometry": { "type": "Point", "coordinates": [ 31.656971366054112, 30.13258191179191 ] } },
{ "type": "Feature", "properties": { "name": "مساكن إيجيكو" }, "geometry": { "type": "Point", "coordinates": [ 31.400187277649898, 29.975296248590269 ] } },
{ "type": "Feature", "properties": { "name": "مساكن الجيزة" }, "geometry": { "type": "Point", "coordinates": [ 31.403339886151301, 29.976701334753521 ] } },
{ "type": "Feature", "properties": { "name": "التجمع الخامس" }, "geometry": { "type": "Point", "coordinates": [ 31.426841835240349, 30.003858042887259 ] } },
{ "type": "Feature", "properties": { "name": "مشروع 14 عمارة" }, "geometry": { "type": "Point", "coordinates": [ 31.378623500391331, 30.042335574994357 ] } },
{ "type": "Feature", "properties": { "name": "عمارات المثلث" }, "geometry": { "type": "Point", "coordinates": [ 31.378957987083002, 30.059565441252115 ] } },
{ "type": "Feature", "properties": { "name": "عمارات النقابات" }, "geometry": { "type": "Point", "coordinates": [ 31.380788083917388, 30.060235767796524 ] } },
{ "type": "Feature", "properties": { "name": "منطقة 10" }, "geometry": { "type": "Point", "coordinates": [ 31.375041475891454, 30.052342102841404 ] } },
{ "type": "Feature", "properties": { "name": "بلوك 13" }, "geometry": { "type": "Point", "coordinates": [ 31.409004228355123, 30.063786021452366 ] } },
{ "type": "Feature", "properties": { "name": "بلوك 14" }, "geometry": { "type": "Point", "coordinates": [ 31.409111599443595, 30.063050249765766 ] } },
{ "type": "Feature", "properties": { "name": "مشروع 17 عمارة" }, "geometry": { "type": "Point", "coordinates": [ 31.366877606971489, 30.057902601702512 ] } },
{ "type": "Feature", "properties": { "name": "عمارات شركة الجيزة" }, "geometry": { "type": "Point", "coordinates": [ 31.375370191474445, 30.046831737517174 ] } },
{ "type": "Feature", "properties": { "name": "عمارات بنك الاسكان و التعمير" }, "geometry": { "type": "Point", "coordinates": [ 31.373451339350968, 30.046947454570553 ] } },
{ "type": "Feature", "properties": { "name": "عمارات البترول" }, "geometry": { "type": "Point", "coordinates": [ 31.373449936445596, 30.04625612929388 ] } },
{ "type": "Feature", "properties": { "name": "مساكن نصر 2" }, "geometry": { "type": "Point", "coordinates": [ 31.334507579645098, 30.037786958951653 ] } },
{ "type": "Feature", "properties": { "name": "عمارات اطلس" }, "geometry": { "type": "Point", "coordinates": [ 31.376890785424855, 30.06324589496753 ] } },
{ "type": "Feature", "properties": { "name": "عمارات مصر للطيران" }, "geometry": { "type": "Point", "coordinates": [ 31.375667302048821, 30.062799706263725 ] } },
{ "type": "Feature", "properties": { "name": "عمارات اطلس" }, "geometry": { "type": "Point", "coordinates": [ 31.376167729811428, 30.063762269981961 ] } },
{ "type": "Feature", "properties": { "name": "عمارات اطلس 2" }, "geometry": { "type": "Point", "coordinates": [ 31.376588071907872, 30.064188926334964 ] } },
{ "type": "Feature", "properties": { "name": "عمارات الوادى" }, "geometry": { "type": "Point", "coordinates": [ 31.37731057437599, 30.063687582386322 ] } },
{ "type": "Feature", "properties": { "name": "عمارات الشمس" }, "geometry": { "type": "Point", "coordinates": [ 31.37718415988768, 30.061746281369434 ] } },
{ "type": "Feature", "properties": { "name": "المجاورة 35" }, "geometry": { "type": "Point", "coordinates": [ 31.3734292231015, 29.820236223345667 ] } },
{ "type": "Feature", "properties": { "name": "عمارات شباب المهندسين" }, "geometry": { "type": "Point", "coordinates": [ 31.290901834993882, 30.05452476849792 ] } },
{ "type": "Feature", "properties": { "name": "مساكن الضباط" }, "geometry": { "type": "Point", "coordinates": [ 31.311723030142986, 30.046720048744717 ] } },
{ "type": "Feature", "properties": { "name": "عمارات القوات المسلحة" }, "geometry": { "type": "Point", "coordinates": [ 31.329026812002169, 30.109079366632791 ] } },
{ "type": "Feature", "properties": { "name": "المجاورة 1" }, "geometry": { "type": "Point", "coordinates": [ 31.246484064055132, 30.002658680884608 ] } },
{ "type": "Feature", "properties": { "name": "المجاورة 2" }, "geometry": { "type": "Point", "coordinates": [ 31.252042985952254, 30.004819251446829 ] } },
{ "type": "Feature", "properties": { "name": "عمارات مصر للطيران" }, "geometry": { "type": "Point", "coordinates": [ 31.369302741788665, 30.121933053155072 ] } },
{ "type": "Feature", "properties": { "name": "عمارات احمد حلمى" }, "geometry": { "type": "Point", "coordinates": [ 31.252163586355266, 30.06817314846743 ] } },
{ "type": "Feature", "properties": { "name": "عزبة الرشيدى" }, "geometry": { "type": "Point", "coordinates": [ 31.287562799892591, 30.115368950243091 ] } },
{ "type": "Feature", "properties": { "name": "مساكن شجرة مريم" }, "geometry": { "type": "Point", "coordinates": [ 31.309275368111305, 30.120570724814733 ] } },
{ "type": "Feature", "properties": { "name": "مساكن القوات المسلحه" }, "geometry": { "type": "Point", "coordinates": [ 31.290945313051715, 30.11964322330617 ] } },
{ "type": "Feature", "properties": { "name": "المعادي الجديدة" }, "geometry": { "type": "Point", "coordinates": [ 31.30916535947485, 29.976378366069106 ] } },
{ "type": "Feature", "properties": { "name": "طره الاسمنت" }, "geometry": { "type": "Point", "coordinates": [ 31.28698676068527, 29.922895718004334 ] } },
{ "type": "Feature", "properties": { "name": "ابو العلا" }, "geometry": { "type": "Point", "coordinates": [ 31.230285500917265, 30.05539299739463 ] } },
{ "type": "Feature", "properties": { "name": "الشيخ على" }, "geometry": { "type": "Point", "coordinates": [ 31.232679759716483, 30.053362747537737 ] } },
{ "type": "Feature", "properties": { "name": "شركس" }, "geometry": { "type": "Point", "coordinates": [ 31.233840963894504, 30.051415099447109 ] } },
{ "type": "Feature", "properties": { "name": "مساكن ابو الريش" }, "geometry": { "type": "Point", "coordinates": [ 31.234697699599963, 30.027655119237448 ] } },
{ "type": "Feature", "properties": { "name": "مساكن ابو الريش" }, "geometry": { "type": "Point", "coordinates": [ 31.234697699599963, 30.027655119237448 ] } },
{ "type": "Feature", "properties": { "name": "مساكن الإباجيه" }, "geometry": { "type": "Point", "coordinates": [ 31.264668882903468, 30.022908685052894 ] } },
{ "type": "Feature", "properties": { "name": "مساكن جزيره بدران" }, "geometry": { "type": "Point", "coordinates": [ 31.235321289390193, 30.068820051660456 ] } },
{ "type": "Feature", "properties": { "name": "مساكن اسكان ناصر" }, "geometry": { "type": "Point", "coordinates": [ 31.286208162479234, 30.093351749414524 ] } },
{ "type": "Feature", "properties": { "name": "مساكن القبة الجديدة" }, "geometry": { "type": "Point", "coordinates": [ 31.287024495576564, 30.094440858671813 ] } },
{ "type": "Feature", "properties": { "name": "كمبوند لاميرادا" }, "geometry": { "type": "Point", "coordinates": [ 31.664346657026019, 30.066067347738308 ] } },
{ "type": "Feature", "properties": { "name": "كمبوند لؤلؤة الشروق" }, "geometry": { "type": "Point", "coordinates": [ 31.615712851544398, 30.137991282258422 ] } },
{ "type": "Feature", "properties": { "name": "كمبوند باراديس" }, "geometry": { "type": "Point", "coordinates": [ 31.619767929187798, 30.137547747131286 ] } },
{ "type": "Feature", "properties": { "name": "كمبوند الحياة ريزيدنس" }, "geometry": { "type": "Point", "coordinates": [ 31.625695296580446, 30.140956455341716 ] } },
{ "type": "Feature", "properties": { "name": "كمبوند هليوبوليس ريزيدنس" }, "geometry": { "type": "Point", "coordinates": [ 31.627137358174476, 30.137304562194803 ] } },
{ "type": "Feature", "properties": { "name": "كمبوند الباتيو ٤" }, "geometry": { "type": "Point", "coordinates": [ 31.610648888317655, 30.139497254925832 ] } },
{ "type": "Feature", "properties": { "name": "كمبوند جنة الشروق" }, "geometry": { "type": "Point", "coordinates": [ 31.618631635922238, 30.121646123303659 ] } },
{ "type": "Feature", "properties": { "name": "كمبوند الشروق ۲۰۰۰" }, "geometry": { "type": "Point", "coordinates": [ 31.605405470247369, 30.137116969992963 ] } },
{ "type": "Feature", "properties": { "name": "كمبوند وادي المسك" }, "geometry": { "type": "Point", "coordinates": [ 31.627423289635381, 30.121254414062502 ] } },
{ "type": "Feature", "properties": { "name": "كمبوند أندلسية" }, "geometry": { "type": "Point", "coordinates": [ 31.625231355754476, 30.121543679947361 ] } },
{ "type": "Feature", "properties": { "name": "كمبوند جرين فالي" }, "geometry": { "type": "Point", "coordinates": [ 31.624542871994631, 30.122976536575116 ] } },
{ "type": "Feature", "properties": { "name": "كمبوند جوهرة الشروق" }, "geometry": { "type": "Point", "coordinates": [ 31.613302556835823, 30.117672259740896 ] } },
{ "type": "Feature", "properties": { "name": "كمبوند هاي تاون" }, "geometry": { "type": "Point", "coordinates": [ 31.610690265906413, 30.113183089499213 ] } },
{ "type": "Feature", "properties": { "name": "مساكن القاهرة" }, "geometry": { "type": "Point", "coordinates": [ 31.398819642315267, 29.978459597173032 ] } },
{ "type": "Feature", "properties": { "name": "قرية طيبة" }, "geometry": { "type": "Point", "coordinates": [ 31.491531675285227, 30.012318217702827 ] } },
{ "type": "Feature", "properties": { "name": "الحى الايطالي" }, "geometry": { "type": "Point", "coordinates": [ 31.694298798200531, 30.141856714056612 ] } },
{ "type": "Feature", "properties": { "name": "ربوة بدر" }, "geometry": { "type": "Point", "coordinates": [ 31.69644388995733, 30.142273493806037 ] } },
{ "type": "Feature", "properties": { "name": "كمبوند الدبلوماسيين" }, "geometry": { "type": "Point", "coordinates": [ 31.494859487419124, 30.002068875233601 ] } },
{ "type": "Feature", "properties": { "name": "البروج" }, "geometry": { "type": "Point", "coordinates": [ 31.679628679646147, 30.200446102258923 ] } },
{ "type": "Feature", "properties": { "name": "ن1ج1" }, "geometry": { "type": "Point", "coordinates": [ 31.660025551917581, 30.197094461208923 ] } },
{ "type": "Feature", "properties": { "name": "ن1ج8" }, "geometry": { "type": "Point", "coordinates": [ 31.662188571574131, 30.194502016373338 ] } },
{ "type": "Feature", "properties": { "name": "ن1ج7" }, "geometry": { "type": "Point", "coordinates": [ 31.667492250239672, 30.195661744099301 ] } },
{ "type": "Feature", "properties": { "name": "ن1ج2" }, "geometry": { "type": "Point", "coordinates": [ 31.66691152385604, 30.201780491002889 ] } },
{ "type": "Feature", "properties": { "name": "ن1ج9" }, "geometry": { "type": "Point", "coordinates": [ 31.662315817879772, 30.197236336314312 ] } },
{ "type": "Feature", "properties": { "name": "اكويلا" }, "geometry": { "type": "Point", "coordinates": [ 31.664331262818543, 30.200073687742069 ] } },
{ "type": "Feature", "properties": { "name": "كمبوند المثقفين" }, "geometry": { "type": "Point", "coordinates": [ 31.510723343613815, 29.988136860431762 ] } },
{ "type": "Feature", "properties": { "name": "كمبوند سكن" }, "geometry": { "type": "Point", "coordinates": [ 31.51201842951771, 29.988495632702797 ] } },
{ "type": "Feature", "properties": { "name": "هاي لاند بارك" }, "geometry": { "type": "Point", "coordinates": [ 31.508677943188118, 29.989892371133859 ] } },
{ "type": "Feature", "properties": { "name": "ن1ج3أ" }, "geometry": { "type": "Point", "coordinates": [ 31.669857310486151, 30.20347719410892 ] } },
{ "type": "Feature", "properties": { "name": "تريس" }, "geometry": { "type": "Point", "coordinates": [ 31.666912150084052, 30.197020852227091 ] } },
{ "type": "Feature", "properties": { "name": "ن1ج5" }, "geometry": { "type": "Point", "coordinates": [ 31.673107234602362, 30.197117809368915 ] } },
{ "type": "Feature", "properties": { "name": "كلوب سايد" }, "geometry": { "type": "Point", "coordinates": [ 31.669643446310733, 30.200694419754257 ] } },
{ "type": "Feature", "properties": { "name": "ن1ج10" }, "geometry": { "type": "Point", "coordinates": [ 31.666898467028719, 30.199676661999042 ] } },
{ "type": "Feature", "properties": { "name": "اوريون" }, "geometry": { "type": "Point", "coordinates": [ 31.669504036129869, 30.197759224109884 ] } },
{ "type": "Feature", "properties": { "name": "ن1ج15" }, "geometry": { "type": "Point", "coordinates": [ 31.663271696780786, 30.195743671881367 ] } },
{ "type": "Feature", "properties": { "name": "ن1ج4" }, "geometry": { "type": "Point", "coordinates": [ 31.672986010860221, 30.200963119575995 ] } },
{ "type": "Feature", "properties": { "name": "ن2ج8" }, "geometry": { "type": "Point", "coordinates": [ 31.676613440984568, 30.203721419816688 ] } },
{ "type": "Feature", "properties": { "name": "كمبوند العاملين بمركز القاهرة للملاحة البحرية" }, "geometry": { "type": "Point", "coordinates": [ 31.509480056591542, 29.962146830608077 ] } },
{ "type": "Feature", "properties": { "name": "كمبوند للعاملين بشركة بترول بلاعيم" }, "geometry": { "type": "Point", "coordinates": [ 31.506850702469677, 29.960442550926132 ] } },
{ "type": "Feature", "properties": { "name": "منطقة 36 أ" }, "geometry": { "type": "Point", "coordinates": [ 31.510053615895462, 29.967137410255347 ] } },
{ "type": "Feature", "properties": { "name": "كمبوند اللوتس للعاملين بالهيئة القومية للإتصالات" }, "geometry": { "type": "Point", "coordinates": [ 31.507951377479088, 29.966722135629325 ] } },
{ "type": "Feature", "properties": { "name": "كمبوند إسكان ضباط المدرعات" }, "geometry": { "type": "Point", "coordinates": [ 31.513909754283368, 29.964440318852777 ] } },
{ "type": "Feature", "properties": { "name": "كمبوند جمعية الفراعنة للإسكان" }, "geometry": { "type": "Point", "coordinates": [ 31.528302125547977, 29.964736956169244 ] } },
{ "type": "Feature", "properties": { "name": "كمبوند جمعية الكرنك للبناء والإسكان" }, "geometry": { "type": "Point", "coordinates": [ 31.526923257918973, 29.964758474208061 ] } },
{ "type": "Feature", "properties": { "name": "كمبوند نقابة التجاريين" }, "geometry": { "type": "Point", "coordinates": [ 31.528226720365975, 29.967262343126457 ] } },
{ "type": "Feature", "properties": { "name": "كمبوند العاملين برئاسة الجمهورية" }, "geometry": { "type": "Point", "coordinates": [ 31.526582898280807, 29.966668472229358 ] } },
{ "type": "Feature", "properties": { "name": "كمبوند العاملين بالأبنية التعليمية" }, "geometry": { "type": "Point", "coordinates": [ 31.521746358555546, 29.963083710771674 ] } },
{ "type": "Feature", "properties": { "name": "كمبوند جمعية القاضي الفاضل" }, "geometry": { "type": "Point", "coordinates": [ 31.532007445733143, 29.960492802607771 ] } },
{ "type": "Feature", "properties": { "name": "كمبوند جمعية الدلتا" }, "geometry": { "type": "Point", "coordinates": [ 31.533932439336581, 29.960595637803234 ] } },
{ "type": "Feature", "properties": { "name": "كمبوند جمعية دار السعادة" }, "geometry": { "type": "Point", "coordinates": [ 31.532653536360971, 29.961311272762028 ] } },
{ "type": "Feature", "properties": { "name": "كمبوند الأوقاف" }, "geometry": { "type": "Point", "coordinates": [ 31.535514509886294, 29.95871704633328 ] } },
{ "type": "Feature", "properties": { "name": "كمبوند جمعية نفرتيتي" }, "geometry": { "type": "Point", "coordinates": [ 31.53639748125876, 29.961030633191488 ] } },
{ "type": "Feature", "properties": { "name": "كمبوند جمعية جيسكو" }, "geometry": { "type": "Point", "coordinates": [ 31.537005895616019, 29.961872740069985 ] } },
{ "type": "Feature", "properties": { "name": "جمعية البناء والإسكان" }, "geometry": { "type": "Point", "coordinates": [ 31.528286993793834, 29.961275001256588 ] } },
{ "type": "Feature", "properties": { "name": "كمبوند ضباط الحماية المدنية" }, "geometry": { "type": "Point", "coordinates": [ 31.528286025841684, 29.963885492823994 ] } },
{ "type": "Feature", "properties": { "name": "كمبوند جمعية أمنحتب للإسكان التعاوني" }, "geometry": { "type": "Point", "coordinates": [ 31.532971363645498, 29.967225124396126 ] } },
{ "type": "Feature", "properties": { "name": "كمبوند جمعية المهندسين الكيميائيين" }, "geometry": { "type": "Point", "coordinates": [ 31.535811568828024, 29.963146801180361 ] } },
{ "type": "Feature", "properties": { "name": "كمبوند النيابة الإدارية" }, "geometry": { "type": "Point", "coordinates": [ 31.534551982840991, 29.963851148667374 ] } },
{ "type": "Feature", "properties": { "name": "كمبوند جمعية مساكن القاهرة" }, "geometry": { "type": "Point", "coordinates": [ 31.53390962554576, 29.963004501706735 ] } },
{ "type": "Feature", "properties": { "name": "المجاورة 2" }, "geometry": { "type": "Point", "coordinates": [ 31.652595855204396, 30.158398147947594 ] } },
{ "type": "Feature", "properties": { "name": "المجاورة 1" }, "geometry": { "type": "Point", "coordinates": [ 31.656233720826773, 30.159024266593029 ] } },
{ "type": "Feature", "properties": { "name": "شمال الحى المتميز غرب" }, "geometry": { "type": "Point", "coordinates": [ 31.730493622158328, 30.128223302803402 ] } },
{ "type": "Feature", "properties": { "name": "شمال الحى المتميز شرق" }, "geometry": { "type": "Point", "coordinates": [ 31.74041042571163, 30.124899855732661 ] } },
{ "type": "Feature", "properties": { "name": "منطقة خدمات" }, "geometry": { "type": "Point", "coordinates": [ 31.605588313041849, 30.152284315362472 ] } },
{ "type": "Feature", "properties": { "name": "مركز المدينة1" }, "geometry": { "type": "Point", "coordinates": [ 31.606648411230335, 30.151224660375433 ] } },
{ "type": "Feature", "properties": { "name": "منطقة خدمات" }, "geometry": { "type": "Point", "coordinates": [ 31.615439644704743, 30.155274565331059 ] } },
{ "type": "Feature", "properties": { "name": "منطقة خدمات" }, "geometry": { "type": "Point", "coordinates": [ 31.615361090894638, 30.152023711193781 ] } },
{ "type": "Feature", "properties": { "name": "منطقة خدمات" }, "geometry": { "type": "Point", "coordinates": [ 31.599973558111397, 30.164603502985674 ] } },
{ "type": "Feature", "properties": { "name": "منطقة خدمات" }, "geometry": { "type": "Point", "coordinates": [ 31.608983201262451, 30.155850444627738 ] } },
{ "type": "Feature", "properties": { "name": "منطقة خدمات" }, "geometry": { "type": "Point", "coordinates": [ 31.643897006984467, 30.169446376114156 ] } },
{ "type": "Feature", "properties": { "name": "منطقة خدمات" }, "geometry": { "type": "Point", "coordinates": [ 31.659863815484787, 30.137861007901304 ] } },
{ "type": "Feature", "properties": { "name": "المنطقة الترفيهية" }, "geometry": { "type": "Point", "coordinates": [ 31.59918237588839, 30.176006470531508 ] } },
{ "type": "Feature", "properties": { "name": "منطقة خدمات" }, "geometry": { "type": "Point", "coordinates": [ 31.608557215480552, 30.16767952723767 ] } },
{ "type": "Feature", "properties": { "name": "منطقة خدمات" }, "geometry": { "type": "Point", "coordinates": [ 31.649527348154745, 30.133919889173736 ] } },
{ "type": "Feature", "properties": { "name": "منطقة خدمات" }, "geometry": { "type": "Point", "coordinates": [ 31.640329465439308, 30.162264478215622 ] } },
{ "type": "Feature", "properties": { "name": "District 5 Compound" }, "geometry": { "type": "Point", "coordinates": [ 31.455383778536998, 29.951824390575606 ] } },
{ "type": "Feature", "properties": { "name": "المستثمر الصغير" }, "geometry": { "type": "Point", "coordinates": [ 31.523296246436239, 29.993957741951387 ] } },
{ "type": "Feature", "properties": { "name": "الأندلس المتميز 2/1" }, "geometry": { "type": "Point", "coordinates": [ 31.528167728327134, 29.997387752371669 ] } },
{ "type": "Feature", "properties": { "name": "الأندلس المتميز 2/2" }, "geometry": { "type": "Point", "coordinates": [ 31.529651195044593, 29.991130762894038 ] } },
{ "type": "Feature", "properties": { "name": "الأندلس 1 المتميز امتداد" }, "geometry": { "type": "Point", "coordinates": [ 31.523086768080265, 29.986539313797046 ] } },
{ "type": "Feature", "properties": { "name": "الأندلس عائلي 5 منطقة 6" }, "geometry": { "type": "Point", "coordinates": [ 31.522494623387654, 29.983651244064585 ] } },
{ "type": "Feature", "properties": { "name": "الأندلس عائلي م 3" }, "geometry": { "type": "Point", "coordinates": [ 31.518870149948416, 29.984505366877443 ] } },
{ "type": "Feature", "properties": { "name": "الأندلس عائلي م 4" }, "geometry": { "type": "Point", "coordinates": [ 31.516041309862551, 29.985076701330954 ] } },
{ "type": "Feature", "properties": { "name": "الأندلس العائلي م 7" }, "geometry": { "type": "Point", "coordinates": [ 31.519595187869015, 29.982342558473334 ] } },
{ "type": "Feature", "properties": { "name": "الأندلس العائلي م 8" }, "geometry": { "type": "Point", "coordinates": [ 31.516892741780175, 29.98199770593051 ] } },
{ "type": "Feature", "properties": { "name": "مجموعة 61" }, "geometry": { "type": "Point", "coordinates": [ 31.647269261100583, 30.082173403027586 ] } },
{ "type": "Feature", "properties": { "name": "ستون ريزيدنس" }, "geometry": { "type": "Point", "coordinates": [ 31.386134705865544, 29.979178566190281 ] } },
{ "type": "Feature", "properties": { "name": "بالم زهراء" }, "geometry": { "type": "Point", "coordinates": [ 31.325590167182646, 29.967680512774987 ] } },
{ "type": "Feature", "properties": { "name": "اللوتس الجنوبية" }, "geometry": { "type": "Point", "coordinates": [ 31.520985549040784, 30.018045705290501 ] } },
{ "type": "Feature", "properties": { "name": "الفسطاط" }, "geometry": { "type": "Point", "coordinates": [ 31.249049888978195, 30.003648361001272 ] } },
{ "type": "Feature", "properties": { "name": "اللوتس الشمالي" }, "geometry": { "type": "Point", "coordinates": [ 31.521269106950239, 30.035685337687486 ] } },
{ "type": "Feature", "properties": { "name": "اللوتس الشمالي" }, "geometry": { "type": "Point", "coordinates": [ 31.521269106950239, 30.035685337687486 ] } },
{ "type": "Feature", "properties": { "name": "مجموعة 111" }, "geometry": { "type": "Point", "coordinates": [ 31.660761012138316, 30.076767830553734 ] } },
{ "type": "Feature", "properties": { "name": "كمبوند دار مصر" }, "geometry": { "type": "Point", "coordinates": [ 31.375477269572521, 29.860439384669952 ] } },
{ "type": "Feature", "properties": { "name": "Group 14" }, "geometry": { "type": "Point", "coordinates": [ 31.634683552326429, 30.101658950558161 ] } },
{ "type": "Feature", "properties": { "name": "Group 21" }, "geometry": { "type": "Point", "coordinates": [ 31.645601105657462, 30.098700366010615 ] } },
{ "type": "Feature", "properties": { "name": "كابيتال لايف" }, "geometry": { "type": "Point", "coordinates": [ 31.734249167052972, 30.122422479927135 ] } },
{ "type": "Feature", "properties": { "name": "B12" }, "geometry": { "type": "Point", "coordinates": [ 31.675121056476655, 30.080535999379176 ] } },
{ "type": "Feature", "properties": { "name": "المقاولون العرب" }, "geometry": { "type": "Point", "coordinates": [ 31.621404018687436, 30.046661021060906 ] } },
{ "type": "Feature", "properties": { "name": "كمبوند نيوم" }, "geometry": { "type": "Point", "coordinates": [ 31.681134593338843, 30.067571338445624 ] } },
{ "type": "Feature", "properties": { "name": "معادى فيو" }, "geometry": { "type": "Point", "coordinates": [ 31.652348486931473, 30.122749021820745 ] } },
{ "type": "Feature", "properties": { "name": "Group 104" }, "geometry": { "type": "Point", "coordinates": [ 31.661730279640619, 30.079785946576788 ] } },
{ "type": "Feature", "properties": { "name": "Group 66" }, "geometry": { "type": "Point", "coordinates": [ 31.646350632623495, 30.080173352184303 ] } },
{ "type": "Feature", "properties": { "name": "Group 64" }, "geometry": { "type": "Point", "coordinates": [ 31.642417787206654, 30.079835100063654 ] } },
{ "type": "Feature", "properties": { "name": "جاردينيا سيتي" }, "geometry": { "type": "Point", "coordinates": [ 31.396114604670839, 30.065290807941313 ] } },
{ "type": "Feature", "properties": { "name": "شيراتون" }, "geometry": { "type": "Point", "coordinates": [ 31.376481041063677, 30.102378297064043 ] } },
{ "type": "Feature", "properties": { "name": "قسم مصر الجديدة" }, "geometry": { "type": "Point", "coordinates": [ 31.323998366190828, 30.089658580671664 ] } },
{ "type": "Feature", "properties": { "name": "مساكن المهندسين" }, "geometry": { "type": "Point", "coordinates": [ 31.348547972921445, 30.075870016488039 ] } },
{ "type": "Feature", "properties": { "name": "الجولف" }, "geometry": { "type": "Point", "coordinates": [ 31.330417569525704, 30.077169277447407 ] } },
{ "type": "Feature", "properties": { "name": "الشركات" }, "geometry": { "type": "Point", "coordinates": [ 31.317467805896001, 30.076534062001613 ] } },
{ "type": "Feature", "properties": { "name": "رابعة العدوية" }, "geometry": { "type": "Point", "coordinates": [ 31.322213239655326, 30.068777211906681 ] } },
{ "type": "Feature", "properties": { "name": "التوفيق" }, "geometry": { "type": "Point", "coordinates": [ 31.320988136582177, 30.072332238343151 ] } },
{ "type": "Feature", "properties": { "name": "المنطقة السادسة" }, "geometry": { "type": "Point", "coordinates": [ 31.347464047286902, 30.062277674357109 ] } },
{ "type": "Feature", "properties": { "name": "المنطقة الثامنة" }, "geometry": { "type": "Point", "coordinates": [ 31.348040227140725, 30.050322230577965 ] } },
{ "type": "Feature", "properties": { "name": "المنطقة السابعة" }, "geometry": { "type": "Point", "coordinates": [ 31.335319405940069, 30.040993568072235 ] } },
{ "type": "Feature", "properties": { "name": "المنطقة التاسعة" }, "geometry": { "type": "Point", "coordinates": [ 31.363596891024855, 30.052373831671179 ] } },
{ "type": "Feature", "properties": { "name": "المنطقة العاشرة" }, "geometry": { "type": "Point", "coordinates": [ 31.375064456296148, 30.052423783875984 ] } },
{ "type": "Feature", "properties": { "name": "شرق المنطقة السادسة" }, "geometry": { "type": "Point", "coordinates": [ 31.367710324970933, 30.062183263183446 ] } },
{ "type": "Feature", "properties": { "name": "المنطقة الأولى" }, "geometry": { "type": "Point", "coordinates": [ 31.331746890215168, 30.06060229254442 ] } },
{ "type": "Feature", "properties": { "name": "كمبوند فيفنز" }, "geometry": { "type": "Point", "coordinates": [ 31.627953429219094, 30.133425585531374 ] } },
{ "type": "Feature", "properties": { "name": "كمبوند ماى فير" }, "geometry": { "type": "Point", "coordinates": [ 31.606694750476475, 30.130745920883015 ] } },
{ "type": "Feature", "properties": { "name": "The Views Compund" }, "geometry": { "type": "Point", "coordinates": [ 31.513794745367445, 30.020323666297532 ] } },
{ "type": "Feature", "properties": { "name": "The Water MarQ" }, "geometry": { "type": "Point", "coordinates": [ 31.509225393143073, 30.009796931091554 ] } },
{ "type": "Feature", "properties": { "name": "Kattamya Creek Compund" }, "geometry": { "type": "Point", "coordinates": [ 31.451312211028785, 29.989856415445963 ] } },
{ "type": "Feature", "properties": { "name": "AZZAR 2 Compound" }, "geometry": { "type": "Point", "coordinates": [ 31.54561467266894, 30.041775498414033 ] } },
{ "type": "Feature", "properties": { "name": "Swan Lake Residences" }, "geometry": { "type": "Point", "coordinates": [ 31.464344894283791, 30.075816480024287 ] } },
{ "type": "Feature", "properties": { "name": "Stei8ht Compund" }, "geometry": { "type": "Point", "coordinates": [ 31.487047904482512, 30.080966638721844 ] } },
{ "type": "Feature", "properties": { "name": "Creek Town" }, "geometry": { "type": "Point", "coordinates": [ 31.511165859346029, 30.086498949036354 ] } },
{ "type": "Feature", "properties": { "name": "Sa'ada Compound" }, "geometry": { "type": "Point", "coordinates": [ 31.492148940380538, 30.089532590276072 ] } },
{ "type": "Feature", "properties": { "name": "IVORY East" }, "geometry": { "type": "Point", "coordinates": [ 31.535680087062833, 29.986624659113669 ] } },
{ "type": "Feature", "properties": { "name": "سولانا الشرق" }, "geometry": { "type": "Point", "coordinates": [ 31.537622710736777, 29.977825322306188 ] } },
{ "type": "Feature", "properties": { "name": "The Cresent" }, "geometry": { "type": "Point", "coordinates": [ 31.542286273606916, 29.960991839208209 ] } },
{ "type": "Feature", "properties": { "name": "DIJAR Compound" }, "geometry": { "type": "Point", "coordinates": [ 31.523743109879376, 29.949729332653124 ] } },
{ "type": "Feature", "properties": { "name": "Palm Hills New Cairo Compound" }, "geometry": { "type": "Point", "coordinates": [ 31.597398397003111, 30.060265635026951 ] } },
{ "type": "Feature", "properties": { "name": "I City New Cairo" }, "geometry": { "type": "Point", "coordinates": [ 31.592600310332561, 30.069634806181011 ] } },
{ "type": "Feature", "properties": { "name": "Telal East Compound" }, "geometry": { "type": "Point", "coordinates": [ 31.594127639357509, 30.077439261333723 ] } },
{ "type": "Feature", "properties": { "name": "Trio Gardens Compound" }, "geometry": { "type": "Point", "coordinates": [ 31.604507482529886, 30.056362336946421 ] } },
{ "type": "Feature", "properties": { "name": "Group 112" }, "geometry": { "type": "Point", "coordinates": [ 31.505910572555671, 30.068414862875269 ] } }
]
}
